설치장소명,시도명,시군구명,소재지도로명주소,소재지지번주소,위도,경도,세부위치,관리기관명,관리기관전화번호,데이터기준일자,제공기관코드,제공기관명
수호온누리약국,경기도,평택시,"경기도 평택시 중앙2로 16, 104호 (평택동)",경기도 평택시 평택동 298-1,36.991486,127.0885957,약국 내부,경기도 평택시청 평택보건소,031-8024-4342,2026-03-06,3910000,경기도 평택시
소사벌온누리약국,경기도,평택시,경기도 평택시 비전4로 47 (비전동),경기도 평택시 비전동 1096,37.002460,127.114571,약국 내부,경기도 평택시청 평택보건소,031-8024-4342,2026-03-06,3910000,경기도 평택시
용이푸른약국,경기도,평택시,"경기도 평택시 현신3길 76, 701동 101호 (용이동, 평택 용이2차 푸르지오)",,36.998051,127.142507,약국 내부,경기도 평택시청 평택보건소,031-8024-4342,2026-03-06,3910000,경기도 평택시
동산약국,경기도,평택시,"경기도 평택시 팽성로 92, 나동 1층",경기도 평택시 팽성읍 송화리 266번지 4호 나동 101호,36.945106,127.051891,약국 내부,경기도 평택시청 평택보건소,031-8024-4342,2026-03-06,3910000,경기도 평택시
다솜약국,경기도,평택시,"경기도 평택시 중앙로 176, 2층 223호 (합정동, 평택합정 SK VIEW 주상복합)",경기도 평택시 합정동 766-2,36.991506,127.101936,약국 내부,경기도 평택시청 평택보건소,031-8024-4342,2026-03-06,3910000,경기도 평택시
뉴그린약국,경기도,평택시,경기도 평택시 중앙로 120 (합정동),,36.992905,127.096291,약국 내부,경기도 평택시청 평택보건소,031-8024-4342,2026-03-06,3910000,경기도 평택시
하나로약국,경기도,평택시,경기도 평택시 부용로55번길 3,경기도 평택시 팽성읍 객사리 168번지 10호,36.965012,127.060988,약국 내부,경기도 평택시청 평택보건소,031-8024-4342,2026-03-06,3910000,경기도 평택시
안중늘푸른약국,경기도,평택시,경기도 평택시 안중읍 안현로서6길 44,경기도 평택시 안중읍 현화리 71-4,36.984800,126.924738,약국 내부,경기도 평택시청 평택보건소,031-8024-8622,2026-03-06,3910000,경기도 평택시
아이사랑약국,경기도,평택시,경기도 평택시 안중로131번길 14-15,경기도 평택시 안중읍 안중리 277번지 98호,36.990079,126.929551,약국 내부,경기도 평택시청 평택보건소,031-8024-8622,2026-03-06,3910000,경기도 평택시
스타약국,경기도,평택시,"경기도 평택시 여술로 20, 평택스타타워 107,108호",경기도 평택시 포승읍 도곡리 1122번지 1호,36.987762,126.844762,약국 내부,경기도 평택시청 평택보건소,031-8024-8622,2026-03-06,3910000,경기도 평택시
수약국,경기도,평택시,"경기도 평택시 안현로서8길 23, 1층 (동흥빌딩)",경기도 평택시 안중읍 현화리 836번지 3호,36.979078,126.922786,약국 내부,경기도 평택시청 평택보건소,031-8024-8622,2026-03-06,3910000,경기도 평택시
서평택약국,경기도,평택시,경기도 평택시 포승향남로 148,경기도 평택시 포승읍 도곡리 745번지 14호,36.987673,126.866409,약국 내부,경기도 평택시청 평택보건소,031-8024-8622,2026-03-06,3910000,경기도 평택시
서울약국,경기도,평택시,경기도 평택시 안중읍 안중로 133,경기도 평택시 안중읍 안중리 233-7,36.98899616,126.931385,약국 내부,경기도 평택시청 평택보건소,031-8024-8622,2026-03-06,3910000,경기도 평택시
산들약국,경기도,평택시,경기도 평택시 안중읍 안중로 141,경기도 평택시 안중읍 안중리 233-16,36.989128,126.932035,약국 내부,경기도 평택시청 평택보건소,031-8024-8622,2026-03-06,3910000,경기도 평택시
봄약국,경기도,평택시,"경기도 평택시 안현로서8길 57, 305호(붐붐프라자)",경기도 평택시 안중읍 현화리 831 붐붐프라자,36.978966,126.9191036,약국 내부,경기도 평택시청 평택보건소,031-8024-8622,2026-03-06,3910000,경기도 평택시
백화점약국,경기도,평택시,경기도 평택시 안현로서2길 14,경기도 평택시 안중읍 안중리 291번지 2호,36.988356,126.9302497,약국 내부,경기도 평택시청 평택보건소,031-8024-8622,2026-03-06,3910000,경기도 평택시
백제당약국,경기도,평택시,"경기도 평택시 안현로서6길 10, 101호 (대원빌딩)",경기도 평택시 안중읍 현화리 31번지,36.983794,126.9280969,약국 내부,경기도 평택시청 평택보건소,031-8024-8622,2026-03-06,3910000,경기도 평택시
민들레약국,경기도,평택시,경기도 평택시 여술2길 22,경기도 평택시 포승읍 도곡리 1144번지 6호,36.987482,126.845620,약국 내부,경기도 평택시청 평택보건소,031-8024-8622,2026-03-06,3910000,경기도 평택시
메디컬참약국,경기도,평택시,"경기도 평택시 안현로 300, 안중 매디컬타워 104호",경기도 평택시 안중읍 송담리 855-1 안중 매디컬타워,36.977777,126.925376,약국 내부,경기도 평택시청 평택보건소,031-8024-8622,2026-03-06,3910000,경기도 평택시
대성약국,경기도,평택시,경기도 평택시 안중로 124-1,경기도 평택시 안중읍 안중리 292번지 11호,36.988608,126.930290,약국 내부,경기도 평택시청 평택보건소,031-8024-8622,2026-03-06,3910000,경기도 평택시
농민약국,경기도,평택시,경기도 평택시 안현로 421,경기도 평택시 안중읍 안중리 294번지 4호,36.987527,126.931350,약국 내부,경기도 평택시청 평택보건소,031-8024-8622,2026-03-06,3910000,경기도 평택시
광혜당약국,경기도,평택시,"경기도 평택시 안현로 429, 서경빌딩 1층",경기도 평택시 안중읍 안중리 297번지 11호 서경빌딩,36.988187,126.931633,약국 내부,경기도 평택시청 평택보건소,031-8024-8622,2026-03-06,3910000,경기도 평택시
공룡약국,경기도,평택시,"경기도 평택시 안현로서8길 57, 211호 (붐붐프라자)",경기도 평택시 안중읍 현화리 831 붐붐프라자,36.978966,126.9191036,약국 내부,경기도 평택시청 평택보건소,031-8024-8622,2026-03-06,3910000,경기도 평택시
평택대형약국,경기도,평택시,경기도 평택시 안중읍 성해1길 18-20,경기도 평택시 안중읍 성해리 280-1,36.99035136,126.9040578,약국 내부,경기도 평택시청 평택보건소,031-8024-8622,2026-03-06,3910000,경기도 평택시
메디팜신광약국,경기도,평택시,경기도 평택시 탄현로 321-1 (신장동),경기도 평택시 신장동 214-45,37.08116432,127.0556231,,경기도 평택시청 송탄보건소,031-8024-7253,2026-03-06,3910000,경기도 평택시
오약국,경기도,평택시,경기도 평택시 관광특구로 25 (서정동),경기도 평택시 서정동 817,37.0671379144,127.0618356,,경기도 평택시청 송탄보건소,031-8024-7253,2026-03-06,3910000,경기도 평택시
인화당약국,경기도,평택시,경기도 평택시 정암로 17 (서정동),경기도 평택시 서정동 332-37,37.05718075,127.0556493,,경기도 평택시청 송탄보건소,031-8024-7253,2026-03-06,3910000,경기도 평택시
구생당약국,경기도,평택시,경기도 평택시 탄현로327번길 4-1 (신장동),경기도 평택시 신장동 214-12,37.08162615,127.0557456,,경기도 평택시청 송탄보건소,031-8024-7253,2026-03-06,3910000,경기도 평택시
신성약국,경기도,평택시,경기도 평택시 탄현로 329 (신장동),경기도 평택시 신장동 214-48,37.08169856,127.0560148,,경기도 평택시청 송탄보건소,031-8024-7253,2026-03-06,3910000,경기도 평택시
아침약국,경기도,평택시,경기도 평택시 탄현로336번길 10 (지산동),경기도 평택시 지산동 753-6,37.08169015,127.0568432,,경기도 평택시청 송탄보건소,031-8024-7253,2026-03-06,3910000,경기도 평택시
보건약국,경기도,평택시,"경기도 평택시 탄현로 287 (신장동, (신장동 227))",경기도 평택시 신장동 227-19,37.07814655,127.0550292,,경기도 평택시청 송탄보건소,031-8024-7253,2026-03-06,3910000,경기도 평택시
온누리영진약국,경기도,평택시,"경기도 평택시 송탄로 220, 1층 (서정동)",경기도 평택시 서정동 864-8,37.06340146,127.058525,,경기도 평택시청 송탄보건소,031-8024-7253,2026-03-06,3910000,경기도 평택시
지산약국,경기도,평택시,경기도 평택시 탄현로 300 (지산동),경기도 평택시 지산동 767-97,37.07937763,127.0549593,,경기도 평택시청 송탄보건소,031-8024-7253,2026-03-06,3910000,경기도 평택시
삼보약국,경기도,평택시,"경기도 평택시 진위면 진위서로 2, 1층 102호",경기도 평택시 진위면 하북리 151-10,37.10924849,127.0639199,,경기도 평택시청 송탄보건소,031-8024-7253,2026-03-06,3910000,경기도 평택시
늘푸른약국,경기도,평택시,경기도 평택시 송탄로371번길 14 (지산동),경기도 평택시 지산동 833-69,37.07684576,127.0569619,,경기도 평택시청 송탄보건소,031-8024-7253,2026-03-06,3910000,경기도 평택시
푸른약국,경기도,평택시,"경기도 평택시 점촌로19번길 59 (서정동, 고려빌딩)",경기도 평택시 서정동 876-8,37.06601637,127.0562956,,경기도 평택시청 송탄보건소,031-8024-7253,2026-03-06,3910000,경기도 평택시
소라약국,경기도,평택시,경기도 평택시 탄현로 340 (지산동),경기도 평택시 지산동 745-1,37.08227988,127.0570794,,경기도 평택시청 송탄보건소,031-8024-7253,2026-03-06,3910000,경기도 평택시
포승원정진료소,경기도,평택시,경기도 평택시 포승읍 포승원정길 23,경기도 평택시 포승읍 원정리 391-22,36.994655,126.841018,보건지소 내부,경기도 평택시청 평택보건소,031-8024-8622,2026-03-06,3910000,경기도 평택시
덕목보건진료소,경기도,평택시,경기도 평택시 현덕면 현덕로 387,경기도 평택시 현덕면 덕목리 503-13,36.952058,126.952572,보건지소 내부,경기도 평택시청 평택보건소,031-8024-8622,2026-03-06,3910000,경기도 평택시
현덕보건지소,경기도,평택시,경기도 평택시 현덕면 인광길 84,경기도 평택시 현덕면 인광리 402-12,36.967352,126.921491,보건지소 내부,경기도 평택시청 평택보건소,031-8024-8622,2026-03-06,3910000,경기도 평택시
오성보건지소,경기도,평택시,경기도 평택시 숙성시장길 23 오성면사무소,경기도 평택시 오성면 숙성리 129-1 사무소,37.007699,126.980080,보건지소 내부,경기도 평택시청 평택보건소,031-8024-8622,2026-03-06,3910000,경기도 평택시
안중보건지소,경기도,평택시,경기도 평택시 안중읍 안현로서9길 24,경기도 평택시 안중읍 현화리 834-10,36.978110,126.922328,보건지소 내부,경기도 평택시청 평택보건소,031-8024-8622,2026-03-06,3910000,경기도 평택시
더조은약국,경기도,평택시,경기도 평택시 포승읍 포승산단로13번길 37-23,경기도 평택시 포승읍 만호리 697-11,36.962593,126.854380,약국 내부,경기도 평택시청 평택보건소,031-8024-8622,2026-03-06,3910000,경기도 평택시
현덕약국,경기도,평택시,경기도 평택시 현덕면 현덕로 1271,경기도 평택시 현덕면 인광리 405-25,36.965414,126.919396,약국 내부,경기도 평택시청 평택보건소,031-8024-8622,2026-03-06,3910000,경기도 평택시
평화약국,경기도,평택시,경기도 평택시 청북읍 청북산단로 48-8,경기도 평택시 청북읍 어연리 889-3,37.050444,126.975439,약국 내부,경기도 평택시청 평택보건소,031-8024-8622,2026-03-06,3910000,경기도 평택시
현화메디컬약국,경기도,평택시,경기도 평택시 안중읍 안현로서8길 17,경기도 평택시 안중읍 현화리 837-1,36.978759,126.923363,약국 내부,경기도 평택시청 평택보건소,031-8024-8622,2026-03-06,3910000,경기도 평택시
햇빛약국,경기도,평택시,"경기도 평택시 여술로 21, 1층 (선구빌딩)",경기도 평택시 포승읍 도곡리 1143번지 12호 1층,36.988297,126.845057,약국 내부,경기도 평택시청 평택보건소,031-8024-8622,2026-03-06,3910000,경기도 평택시
항만약국,경기도,평택시,경기도 평택시 평택항로 1-6,경기도 평택시 포승읍 만호리 311번지 26호,36.961862,126.853867,약국 내부,경기도 평택시청 평택보건소,031-8024-8622,2026-03-06,3910000,경기도 평택시
한솔약국,경기도,평택시,"경기도 평택시 안현로서6길 74, 1층",경기도 평택시 안중읍 현화리 334번지 1호,36.98479987,126.921132,약국 내부,경기도 평택시청 평택보건소,031-8024-8622,2026-03-06,3910000,경기도 평택시
하늘온누리약국,경기도,평택시,"경기도 평택시 안현로 417, 세정빌딩 (102호)",경기도 평택시 안중읍 안중리 298 만성빌딩,36.987292,126.931275,약국 내부,경기도 평택시청 평택보건소,031-8024-8622,2026-03-06,3910000,경기도 평택시
하나약국,경기도,평택시,경기도 평택시 서동대로 1124,경기도 평택시 포승읍 내기리 1-7 우일빌딩1층,36.980665,126.879913,약국 내부,경기도 평택시청 평택보건소,031-8024-8622,2026-03-06,3910000,경기도 평택시
포승중앙약국,경기도,평택시,"경기도 평택시 여술로 22, 101호",경기도 평택시 포승읍 도곡리 1144번지 1호,36.988010,126.845252,약국 내부,경기도 평택시청 평택보건소,031-8024-8622,2026-03-06,3910000,경기도 평택시
포승종로약국,경기도,평택시,경기도 평택시 여술로 37,경기도 평택시 포승읍 도곡리 1142번지 18호,36.988923,126.846452,약국 내부,경기도 평택시청 평택보건소,031-8024-8622,2026-03-06,3910000,경기도 평택시
튼튼약국,경기도,평택시,"경기도 평택시 안중로 143, 101호 (녹원빌딩)",경기도 평택시 안중읍 안중리 233번지 19호 녹원빌딩 101호,36.989265,126.932213,약국 내부,경기도 평택시청 평택보건소,031-8024-8622,2026-03-06,3910000,경기도 평택시
충무약국,경기도,평택시,경기도 평택시 2함대길 20 (해군아파트 상가내),경기도 평택시 포승읍 원정리 1275번지,36.99473725,126.834771,약국 내부,경기도 평택시청 평택보건소,031-8024-8622,2026-03-06,3910000,경기도 평택시
청북온누리약국,경기도,평택시,"경기도 평택시 안청로 332, 한남프라자 102호",경기도 평택시 청북읍 옥길리 1162번지 1호 한남프라자 102호,37.017548,126.915951,약국 내부,경기도 평택시청 평택보건소,031-8024-8622,2026-03-06,3910000,경기도 평택시
청북약국,경기도,평택시,경기도 평택시 청북읍 신포길 47,경기도 평택시 청북읍 후사리 89-2,37.040133,126.933244,약국 내부,경기도 평택시청 평택보건소,031-8024-8622,2026-03-06,3910000,경기도 평택시
참조은약국,경기도,평택시,경기도 평택시 안중읍 안현로서6길 50,경기도 평택시 안중읍 현화리 250-4,36.984882,126.923861,약국 내부,경기도 평택시청 평택보건소,031-8024-8622,2026-03-06,3910000,경기도 평택시
365중앙약국,경기도,평택시,경기도 평택시 안중읍 안현로서6길 18,경기도 평택시 안중읍 현화리 27,36.98418432,126.9274024,약국 내부,경기도 평택시청 평택보건소,031-8024-8622,2026-03-06,3910000,경기도 평택시
중앙메디칼약국,경기도,평택시,경기도 평택시 서동대로 786,경기도 평택시 포승읍 만호리 313번지 9호,36.960755,126.855882,약국 내부,경기도 평택시청 평택보건소,031-8024-8622,2026-03-06,3910000,경기도 평택시
조은약국,경기도,평택시,"경기도 평택시 안중로131번길 4, 도도와빌딩 1층",경기도 평택시 안중읍 안중리 233번지 15호,36.989075,126.931182,약국 내부,경기도 평택시청 평택보건소,031-8024-8622,2026-03-06,3910000,경기도 평택시
우리동네효자약국,경기도,평택시,경기도 평택시 청북읍 청북남로 254,경기도 평택시 청북읍 옥길리 1157-5,37.019666,126.915943,약국 내부,경기도 평택시청 평택보건소,031-8024-8622,2026-03-06,3910000,경기도 평택시
옹달샘약국,경기도,평택시,경기도 평택시 청북남로 260,경기도 평택시 청북읍 옥길리 1157번지 2호,37.01962979,126.915361,약국 내부,경기도 평택시청 평택보건소,031-8024-8622,2026-03-06,3910000,경기도 평택시
오성당약국,경기도,평택시,경기도 평택시 숙성시장길 34-1,경기도 평택시 오성면 숙성리 137번지 9호,37.007533,126.981700,약국 내부,경기도 평택시청 평택보건소,031-8024-8622,2026-03-06,3910000,경기도 평택시
에덴약국,경기도,평택시,경기도 평택시 안현로서2길 20,경기도 평택시 안중읍 안중리 290번지 4호,36.988269,126.929688,약국 내부,경기도 평택시청 평택보건소,031-8024-8622,2026-03-06,3910000,경기도 평택시
안중조약국,경기도,평택시,경기도 평택시 안중읍 안중로 130-2,경기도 평택시 안중읍 안중리 292-17,36.988649,126.930885,약국 내부,경기도 평택시청 평택보건소,031-8024-8622,2026-03-06,3910000,경기도 평택시
안중온누리약국,경기도,평택시,경기도 평택시 안중읍 안중로 139,경기도 평택시 안중읍 안중리 233-14,36.989099,126.931833,약국 내부,경기도 평택시청 평택보건소,031-8024-8622,2026-03-06,3910000,경기도 평택시
편한약국,경기도,평택시,경기도 평택시 동삭로 370-4 (동삭동),,37.018368,127.095889,약국 내부,경기도 평택시청 평택보건소,031-8024-4342,2026-03-06,3910000,경기도 평택시
조아약국,경기도,평택시,경기도 평택시 평택4로 46 (합정동),경기도 평택시 합정동 763-17,36.991832,127.100955,약국 내부,경기도 평택시청 평택보건소,031-8024-4342,2026-03-06,3910000,경기도 평택시
미루나무 약국,경기도,평택시,경기도 평택시 통복로37번길 5 (통복동),경기도 평택시 통복동 110-1,36.99529438,127.082906,약국 내부,경기도 평택시청 평택보건소,031-8024-4342,2026-03-06,3910000,경기도 평택시
아이본약국,경기도,평택시,"경기도 평택시 평택5로34번길 6-1, 1층 103호 (합정동)",경기도 평택시 합정동 965-3,36.989084,127.111760,약국 내부,경기도 평택시청 평택보건소,031-8024-4342,2026-03-06,3910000,경기도 평택시
늘푸른온누리약국,경기도,평택시,"경기도 평택시 지제동삭2로 181-26, Adriamedi Tower 1층 2호 (동삭동)",경기도 평택시 동삭동 0,37.02063576,127.092978,약국 내부,경기도 평택시청 평택보건소,031-8024-4342,2026-03-06,3910000,경기도 평택시
그린약국,경기도,평택시,"경기도 평택시 평택로32번길 24, 1층 3호 (평택동, 라페온빌1차)",경기도 평택시 평택동 293-4,36.991050,127.089270,약국 내부,경기도 평택시청 평택보건소,031-8024-4342,2026-03-06,3910000,경기도 평택시
세교약국,경기도,평택시,"경기도 평택시 세교7길 30, 101호 (세교동)",경기도 평택시 세교동 618-6,37.00425979,127.088224,약국 내부,경기도 평택시청 평택보건소,031-8024-4342,2026-03-06,3910000,경기도 평택시
별빛약국,경기도,평택시,"경기도 평택시 지제동삭1로 41, 130동 2층 33호 (지제동, 지제역 더샵 센트럴시티)",경기도 평택시 지제동 0,37.022175,127.075311,약국 내부,경기도 평택시청 평택보건소,031-8024-4342,2026-03-06,3910000,경기도 평택시
훈약국,경기도,평택시,경기도 평택시 평택로 95(통복동),경기도 평택시 통복동 112-25,36.994970,127.083482,약국 내부,경기도 평택시청 평택보건소,031-8024-4342,2026-03-06,3910000,경기도 평택시
모산골약국,경기도,평택시,"경기도 평택시 지제동삭2로 181-24, 1층 107호 (동삭동)",경기도 평택시 동삭동 0,37.02063576,127.092978,약국 내부,경기도 평택시청 평택보건소,031-8024-4342,2026-03-06,3910000,경기도 평택시
봄빛약국,경기도,평택시,"경기도 평택시 소사5길 24, 202호 (소사동)",,36.9906173,127.1269763,약국 내부,경기도 평택시청 평택보건소,031-8024-4342,2026-03-06,3910000,경기도 평택시
온정약국,경기도,평택시,"경기도 평택시 평택5로 191, 온정약국 1층 (비전동)",경기도 평택시 비전동 819,36.996505,127.102720,약국 내부,경기도 평택시청 평택보건소,031-8024-4342,2026-03-06,3910000,경기도 평택시
나음약국,경기도,평택시,"경기도 평택시 중앙로 270, 1층 101호 (합정동)",경기도 평택시 합정동 964-11,36.989893,127.112683,약국 내부,경기도 평택시청 평택보건소,031-8024-4342,2026-03-06,3910000,경기도 평택시
세교 봄약국,경기도,평택시,"경기도 평택시 세교7길 52, SJ빌딩 1층 102호 (세교동)",경기도 평택시 세교동 617-4,37.006452,127.089475,약국 내부,경기도 평택시청 평택보건소,031-8024-4342,2026-03-06,3910000,경기도 평택시
평택예스약국,경기도,평택시,경기도 평택시 지제동삭1로 208 (동삭동),,37.02063576,127.092978,약국 내부,경기도 평택시청 평택보건소,031-8024-4342,2026-03-06,3910000,경기도 평택시
지제약국,경기도,평택시,"경기도 평택시 영신2길 19, 103호 (세교동)",,37.00905052,127.0907222,약국 내부,경기도 평택시청 평택보건소,031-8024-4342,2026-03-06,3910000,경기도 평택시
365약국,경기도,평택시,"경기도 평택시 소사5길 120, 106호 (소사동)",,36.9917128,127.126462,약국 내부,경기도 평택시청 평택보건소,031-8024-4342,2026-03-06,3910000,경기도 평택시
비전상상약국,경기도,평택시,"경기도 평택시 비전4로 142, 110-111호 (비전동)",,37.00874986,127.107202,약국 내부,경기도 평택시청 평택보건소,031-8024-4342,2026-03-06,3910000,경기도 평택시
365열린약국,경기도,평택시,"경기도 평택시 평남로 1047-1, 102호 (동삭동)",,37.0094348,127.094914,약국 내부,경기도 평택시청 평택보건소,031-8024-4342,2026-03-06,3910000,경기도 평택시
슬림라이프약국,경기도,평택시,"경기도 평택시 모산영신1길 45, 1층 (동삭동)",,37.02063576,127.092978,약국 내부,경기도 평택시청 평택보건소,031-8024-4342,2026-03-06,3910000,경기도 평택시
현덕면사무소,경기도,평택시,경기도 평택시 인광길 84 현덕면 행정복지센터,경기도 평택시 현덕면 인광리 402-12 행정복지센터,36.967352,126.921491,면사무소 내부,경기도 평택시청 평택보건소,031-8024-8622,2026-03-06,3910000,경기도 평택시
온누리수정약국,경기도,평택시,경기도 평택시 중앙시장로20번길 20 (신장동),경기도 평택시 신장동 274-157,37.07928472,127.0530048,,경기도 평택시청 송탄보건소,031-8024-7253,2026-03-06,3910000,경기도 평택시
오성면사무소,경기도,평택시,경기도 평택시 오성면 숙성길 220,경기도 평택시 오성면 숙성리 134-10,37.00727199,126.9801998,면사무소 내부,경기도 평택시청 평택보건소,031-8024-8622,2026-03-06,3910000,경기도 평택시
포승읍사무소,경기도,평택시,경기도 평택시 서동대로 1174-16 포승읍사무소,경기도 평택시 포승읍 방림리 52-13 사무소,36.982815,126.885307,읍사무소 내부,경기도 평택시청 평택보건소,031-8024-8622,2026-03-06,3910000,경기도 평택시
청북읍사무소,경기도,평택시,경기도 평택시 청북읍 청원로 2,경기도 평택시 청북읍 현곡리 293-4,37.040073,126.934583,읍사무소 내부,경기도 평택시청 평택보건소,031-8024-8622,2026-03-06,3910000,경기도 평택시
안중읍사무소,경기도,평택시,경기도 평택시 안현로 400,경기도 평택시 안중읍 안중리 299-10,36.98562396,126.931995,읍사무소 내부,경기도 평택시청 평택보건소,031-8024-8622,2026-03-06,3910000,경기도 평택시
안중출장소,경기도,평택시,경기도 평택시 안중읍 서동대로 1531,경기도 평택시 안중읍 학현리 572,36.990138,126.920147,출장소 내부,경기도 평택시청 평택보건소,031-8024-8622,2026-03-06,3910000,경기도 평택시
장수진료소,경기도,평택시,경기도 평택시 장수안길 35 장수 보건진료소,경기도 평택시 현덕면 장수리 147-2 장수 보건진료소,36.939710,126.901314,보건지소 내부,경기도 평택시청 평택보건소,031-8024-8622,2026-03-06,3910000,경기도 평택시
신영진료소,경기도,평택시,경기도 평택시 중간촌길 18-4 포승읍 신영리 보건진료소,경기도 평택시 포승읍 신영리 235-1 포승읍 신영리 보건진료소,36.953593,126.882622,보건지소 내부,경기도 평택시청 평택보건소,031-8024-8622,2026-03-06,3910000,경기도 평택시
어연진료소,경기도,평택시,경기도 평택시 청북읍 청원로 427,경기도 평택시 청북읍 어연리 898,37.051019,126.977354,보건지소 내부,경기도 평택시청 평택보건소,031-8024-8622,2026-03-06,3910000,경기도 평택시
봄봄온누리약국,경기도,평택시,"경기도 평택시 중앙로 96, 101, 102호 (합정동)",경기도 평택시 합정동 672-2,36.993409,127.093769,약국 내부,경기도 평택시청 평택보건소,031-8024-4342,2026-03-06,3910000,경기도 평택시
비전미소약국,경기도,평택시,"경기도 평택시 비전5로 37, 102호 (비전동)",경기도 평택시 비전동 1097-1,37.001587,127.114716,약국 내부,경기도 평택시청 평택보건소,031-8024-4342,2026-03-06,3910000,경기도 평택시
평택정문약국,경기도,평택시,경기도 평택시 평택로 282 (세교동),경기도 평택시 세교동 439-14,37.008346,127.073411,약국 내부,경기도 평택시청 평택보건소,031-8024-4342,2026-03-06,3910000,경기도 평택시
참바른약국,경기도,평택시,"경기도 평택시 평택로 286, 동진빌딩 102호 (세교동)",경기도 평택시 세교동 439,37.008850,127.073315,약국 내부,경기도 평택시청 평택보건소,031-8024-4342,2026-03-06,3910000,경기도 평택시
우리동네현대약국,경기도,평택시,"경기도 평택시 세교6로 45, 상가동 205호 (세교동, 힐스테이트 평택2차)",경기도 평택시 세교동 597,37.00971057,127.0867788,약국 내부,경기도 평택시청 평택보건소,031-8024-4342,2026-03-06,3910000,경기도 평택시
합정약국,경기도,평택시,경기도 평택시 조개터로42번길 60-1 (합정동),경기도 평택시 합정동 776,36.990123,127.106120,약국 내부,경기도 평택시청 평택보건소,031-8024-4342,2026-03-06,3910000,경기도 평택시
정문약국,경기도,평택시,경기도 평택시 자유로3번길 20 (평택동),,36.992962,127.089483,약국 내부,경기도 평택시청 평택보건소,031-8024-4342,2026-03-06,3910000,경기도 평택시
바른손약국,경기도,평택시,경기도 평택시 안정쇼핑로 42,경기도 평택시 팽성읍 안정리 37번지 13호,36.961286,127.046795,약국 내부,경기도 평택시청 평택보건소,031-8024-4342,2026-03-06,3910000,경기도 평택시
미소짓는약국,경기도,평택시,"경기도 평택시 동삭로 384, 동화메디컬 1층 (동삭동)",경기도 평택시 동삭동 340-13,37.020196,127.096890,약국 내부,경기도 평택시청 평택보건소,031-8024-4342,2026-03-06,3910000,경기도 평택시
천사약국,경기도,평택시,"경기도 평택시 평택5로 30, 롯데마트 평택점 1층 (합정동)",경기도 평택시 합정동 968-1,36.988363,127.111757,약국 내부,경기도 평택시청 평택보건소,031-8024-4342,2026-03-06,3910000,경기도 평택시
열린온누리약국,경기도,평택시,"경기도 평택시 상서재로 55, 근생1동 4호 (동삭동, 평택센트럴자이 3단지)",경기도 평택시 동삭동 852,37.02056647,127.0976854,약국 내부,경기도 평택시청 평택보건소,031-8024-4342,2026-03-06,3910000,경기도 평택시
비전중앙약국,경기도,평택시,"경기도 평택시 비전5로 16, 프라우빌딩 1층 111-나호 (비전동)",경기도 평택시 비전동 1105,36.999855,127.113264,약국 내부,경기도 평택시청 평택보건소,031-8024-4342,2026-03-06,3910000,경기도 평택시
큰솔약국,경기도,평택시,"경기도 평택시 용죽3로 24, 105호 (용이동)",경기도 평택시 용이동 684-1,36.994105,127.125419,약국 내부,경기도 평택시청 평택보건소,031-8024-4342,2026-03-06,3910000,경기도 평택시
솔약국,경기도,평택시,"경기도 평택시 비전3로 25, 골든프라자 102호 (비전동)",경기도 평택시 비전동 1027-3,37.002432,127.104796,약국 내부,경기도 평택시청 평택보건소,031-8024-4342,2026-03-06,3910000,경기도 평택시
사랑의약국,경기도,평택시,"경기도 평택시 용죽2로 32-44, 리더스타워 102호 (용이동)",경기도 평택시 용이동 687-4,36.992439,127.125516,약국 내부,경기도 평택시청 평택보건소,031-8024-4342,2026-03-06,3910000,경기도 평택시
모닝약국,경기도,평택시,"경기도 평택시 소사2길 4, 1층 (소사동)",경기도 평택시 소사동 515,36.989913,127.121490,약국 내부,경기도 평택시청 평택보건소,031-8024-4342,2026-03-06,3910000,경기도 평택시
새서울약국,경기도,평택시,경기도 평택시 평택2로20번길 15 (평택동),경기도 평택시 평택동 289-2,36.992628,127.089419,약국 내부,경기도 평택시청 평택보건소,031-8024-4342,2026-03-06,3910000,경기도 평택시
다온수약국,경기도,평택시,"경기도 평택시 용죽3로 18, 다온빌딩 102호 (용이동)",경기도 평택시 용이동 685-3,36.993530,127.125650,약국 내부,경기도 평택시청 평택보건소,031-8024-4342,2026-03-06,3910000,경기도 평택시
맑은약국,경기도,평택시,"경기도 평택시 비전5로 20-26, 로데오1103더테라스 129호 (비전동)",경기도 평택시 비전동 1103-3,36.998847,127.114613,약국 내부,경기도 평택시청 평택보건소,031-8024-4342,2026-03-06,3910000,경기도 평택시
에브리데이항상약국,경기도,평택시,"경기도 평택시 평남로 951, 디에이치빌딩 1동 1층 103호 (비전동)",경기도 평택시 비전동 995,37.005278,127.103426,약국 내부,경기도 평택시청 평택보건소,031-8024-4342,2026-03-06,3910000,경기도 평택시
동삭센트럴약국,경기도,평택시,"경기도 평택시 동삭1로22번길 19-21, 동삭프라자 102호 (동삭동)",,37.02089847,127.0932608,약국 내부,경기도 평택시청 평택보건소,031-8024-4342,2026-03-06,3910000,경기도 평택시
경기약국,경기도,평택시,경기도 평택시 중앙시장로19번길 17 (신장동),경기도 평택시 신장동 317-4,37.08088354,127.0520586,,경기도 평택시청 송탄보건소,031-8024-7253,2026-03-06,3910000,경기도 평택시
바른약국,경기도,평택시,"경기도 평택시 평택2로20번길 14, 1층 (평택동)",경기도 평택시 평택동 290-7,36.992480,127.088994,약국 내부,경기도 평택시청 평택보건소,031-8024-4342,2026-03-06,3910000,경기도 평택시
평택튼튼약국,경기도,평택시,"경기도 평택시 세교8길 30, 세교디오네프라자 125호 (세교동)",,37.009047,127.090718,약국 내부,경기도 평택시청 평택보건소,031-8024-4342,2026-03-06,3910000,경기도 평택시
건약국,경기도,평택시,"경기도 평택시 평택4로 41, 1층 (합정동)",경기도 평택시 합정동 762-6,36.991765,127.100383,약국 내부,경기도 평택시청 평택보건소,031-8024-4342,2026-03-06,3910000,경기도 평택시
동서약국,경기도,평택시,"경기도 평택시 통복로 45-1, 1층 (통복동)",경기도 평택시 통복동 100-1,36.996220,127.083108,약국 내부,경기도 평택시청 평택보건소,031-8024-4342,2026-03-06,3910000,경기도 평택시
코끼리약국,경기도,평택시,"경기도 평택시 동삭1로22번길 19-17, 메인프라자 101호 (동삭동)",,37.02063576,127.092978,약국 내부,경기도 평택시청 평택보건소,031-8024-4342,2026-03-06,3910000,경기도 평택시
봄봄약국,경기도,평택시,"경기도 평택시 비전5로 20-18, 가로수빌딩 105호 (비전동)",경기도 평택시 비전동 1103,36.998875,127.113579,약국 내부,경기도 평택시청 평택보건소,031-8024-4342,2026-03-06,3910000,경기도 평택시
나무약국,경기도,평택시,경기도 평택시 평택5로20번길 38 (합정동),,36.989956,127.113884,약국 내부,경기도 평택시청 평택보건소,031-8024-4342,2026-03-06,3910000,경기도 평택시
도담약국,경기도,평택시,경기도 평택시 동삭1로22번길 19-15 (동삭동),,37.02063576,127.092978,약국 내부,경기도 평택시청 평택보건소,031-8024-4342,2026-03-06,3910000,경기도 평택시
장당온누리약국,경기도,평택시,"경기도 평택시 청원로 1200, 1층 105호 (이충동, 금강프라자 )",경기도 평택시 이충동 609-2,37.05202947,127.0562777,,경기도 평택시청 송탄보건소,031-8024-7253,2026-03-06,3910000,경기도 평택시
시네마약국,경기도,평택시,"경기도 평택시 관광특구로 19, 1층 (서정동)",경기도 평택시 서정동 818-36,37.06725126,127.0609078,,경기도 평택시청 송탄보건소,031-8024-7253,2026-03-06,3910000,경기도 평택시
국민약국,경기도,평택시,경기도 평택시 탄현로 320 (지산동),경기도 평택시 지산동 763-3,37.08081702,127.0558766,,경기도 평택시청 송탄보건소,031-8024-7253,2026-03-06,3910000,경기도 평택시
명성약국,경기도,평택시,"경기도 평택시 관광특구로 19, 3층 307호 (서정동)",경기도 평택시 서정동 818-36,37.06725126,127.0609078,,경기도 평택시청 송탄보건소,031-8024-7253,2026-03-06,3910000,경기도 평택시
뜨란약국,경기도,평택시,"경기도 평택시 이충로35번길 22, 106호 (이충동, 뜨란프라자)",경기도 평택시 이충동 668-3,37.05981267,127.0667167,,경기도 평택시청 송탄보건소,031-8024-7253,2026-03-06,3910000,경기도 평택시
GS약국,경기도,평택시,경기도 평택시 관광특구로 31 (서정동),경기도 평택시 서정동 817-3,37.06708993,127.062553,,경기도 평택시청 송탄보건소,031-8024-7253,2026-03-06,3910000,경기도 평택시
새시장약국,경기도,평택시,경기도 평택시 지산로 60 (지산동),경기도 평택시 지산동 1075,37.07960375,127.0616547,,경기도 평택시청 송탄보건소,031-8024-7253,2026-03-06,3910000,경기도 평택시
365녹십자약국,경기도,평택시,경기도 평택시 중앙로 2 (통복동),,36.995412,127.083522,약국 내부,경기도 평택시청 평택보건소,031-8024-4342,2026-03-06,3910000,경기도 평택시
햇살약국,경기도,평택시,"경기도 평택시 현촌4길 2-41, 103호 (용이동, 한국마트 주차빌딩)",,36.999119,127.133215,약국 내부,경기도 평택시청 평택보건소,031-8024-4342,2026-03-06,3910000,경기도 평택시
명약국,경기도,평택시,"경기도 평택시 비전5로 11, 4층 403호 (비전동)",,37.000120,127.112609,약국 내부,경기도 평택시청 평택보건소,031-8024-4342,2026-03-06,3910000,경기도 평택시
오렌지약국,경기도,평택시,경기도 평택시 평남로 722 (비전동),,36.99427056,127.114341,약국 내부,경기도 평택시청 평택보건소,031-8024-4342,2026-03-06,3910000,경기도 평택시
비전하늘약국,경기도,평택시,"경기도 평택시 평남로 941 (비전동, 우성메디피아)",,37.004617,127.104175,약국 내부,경기도 평택시청 평택보건소,031-8024-4342,2026-03-06,3910000,경기도 평택시
조일약국,경기도,평택시,경기도 평택시 평택로32번길 2 (평택동),,36.990610,127.088309,약국 내부,경기도 평택시청 평택보건소,031-8024-4342,2026-03-06,3910000,경기도 평택시
햇살가득한약국,경기도,평택시,경기도 평택시 자유로3번길 15 (평택동),,36.992862,127.089360,약국 내부,경기도 평택시청 평택보건소,031-8024-4342,2026-03-06,3910000,경기도 평택시
비전약국,경기도,평택시,"경기도 평택시 평남로 937 (비전동, 폴리프라자)",,37.004394,127.104459,약국 내부,경기도 평택시청 평택보건소,031-8024-4342,2026-03-06,3910000,경기도 평택시
로데오약국,경기도,평택시,"경기도 평택시 평택로 78, 1층 (평택동)",경기도 평택시 평택동 71-3,36.993982,127.085078,약국 내부,경기도 평택시청 평택보건소,031-8024-4342,2026-03-06,3910000,경기도 평택시
태평양약국,경기도,평택시,경기도 평택시 중앙로 298 (합정동),경기도 평택시 합정동 866-6,36.990492,127.115687,약국 내부,경기도 평택시청 평택보건소,031-8024-4342,2026-03-06,3910000,경기도 평택시
마트종로약국,경기도,평택시,"경기도 평택시 영신로 29 (지제동, 이마트내)",경기도 평택시 지제동 50,37.021113,127.075538,약국 내부,경기도 평택시청 평택보건소,031-8024-4342,2026-03-06,3910000,경기도 평택시
나래약국,경기도,평택시,경기도 평택시 중앙로 66 (평택동),경기도 평택시 평택동 284,36.993843,127.090472,약국 내부,경기도 평택시청 평택보건소,031-8024-4342,2026-03-06,3910000,경기도 평택시
나라약국,경기도,평택시,경기도 평택시 평택로32번길 21 (평택동),경기도 평택시 평택동 298-3,36.991280,127.088750,약국 내부,경기도 평택시청 평택보건소,031-8024-4342,2026-03-06,3910000,경기도 평택시
수정약국,경기도,평택시,경기도 평택시 안정쇼핑로 36 (외 1필지),경기도 평택시 팽성읍 안정리 148번지 5호 외 1필지,36.960849,127.046283,약국 내부,경기도 평택시청 평택보건소,031-8024-4342,2026-03-06,3910000,경기도 평택시
산수유한약국,경기도,평택시,경기도 평택시 평택로 71-1 (평택동),경기도 평택시 평택동 59-10,36.993261,127.085053,약국 내부,경기도 평택시청 평택보건소,031-8024-4342,2026-03-06,3910000,경기도 평택시
유일약국,경기도,평택시,경기도 평택시 원평1로 30 (평택동),경기도 평택시 평택동 164-42,36.989409,127.083403,약국 내부,경기도 평택시청 평택보건소,031-8024-4342,2026-03-06,3910000,경기도 평택시
성모약국,경기도,평택시,"경기도 평택시 경기대로 269 (비전동, 103호)",경기도 평택시 비전동 830-3,36.994689,127.112976,약국 내부,경기도 평택시청 평택보건소,031-8024-4342,2026-03-06,3910000,경기도 평택시
평택종합약국,경기도,평택시,경기도 평택시 경기대로 267 (비전동),경기도 평택시 비전동 830-7,36.994491,127.113045,약국 내부,경기도 평택시청 평택보건소,031-8024-4342,2026-03-06,3910000,경기도 평택시
안정약국,경기도,평택시,경기도 평택시 팽성읍 안정쇼핑로 37-1,경기도 평택시 팽성읍 안정리 38-10,36.961227,127.046223,약국 내부,경기도 평택시청 평택보건소,031-8024-4342,2026-03-06,3910000,경기도 평택시
미소약국,경기도,평택시,경기도 평택시 평택2로 6 (평택동),경기도 평택시 평택동 46-9,36.992190,127.087537,약국 내부,경기도 평택시청 평택보건소,031-8024-4342,2026-03-06,3910000,경기도 평택시
고려사약국,경기도,평택시,경기도 평택시 중앙2로 25 (평택동),경기도 평택시 평택동 292-6,36.991748,127.089845,약국 내부,경기도 평택시청 평택보건소,031-8024-4342,2026-03-06,3910000,경기도 평택시
동대문약국,경기도,평택시,"경기도 평택시 중앙로 335, 상가동 1층 101호, 지층 2,3,4호 (비전동, 벽산아파트)",경기도 평택시 비전동 889,36.992042,127.119286,약국 내부,경기도 평택시청 평택보건소,031-8024-4342,2026-03-06,3910000,경기도 평택시
삼성약국,경기도,평택시,"경기도 평택시 중앙로 335, 1,2층 103,104,203호 (비전동, 벽산아파트)",경기도 평택시 비전동 889,36.992042,127.119286,약국 내부,경기도 평택시청 평택보건소,031-8024-4342,2026-03-06,3910000,경기도 평택시
평택프라자약국,경기도,평택시,경기도 평택시 중앙로 84 (합정동),경기도 평택시 합정동 672-33,36.993614,127.092351,약국 내부,경기도 평택시청 평택보건소,031-8024-4342,2026-03-06,3910000,경기도 평택시
평택제일약국,경기도,평택시,경기도 평택시 중앙로 82-1 (합정동),경기도 평택시 합정동 672-10,36.993730,127.092147,약국 내부,경기도 평택시청 평택보건소,031-8024-4342,2026-03-06,3910000,경기도 평택시
한진약국,경기도,평택시,경기도 평택시 중앙로 205 (비전동),,36.991301,127.105792,약국 내부,경기도 평택시청 평택보건소,031-8024-4342,2026-03-06,3910000,경기도 평택시
느티나무약국,경기도,평택시,"경기도 평택시 원평로25번길 61-1, 301호 (군문동)",경기도 평택시 군문동 360-4,36.986171,127.082981,약국 내부,경기도 평택시청 평택보건소,031-8024-4342,2026-03-06,3910000,경기도 평택시
건강약국,경기도,평택시,경기도 평택시 평택2로20번길 8 (평택동),경기도 평택시 평택동 282,36.992749,127.088777,약국 내부,경기도 평택시청 평택보건소,031-8024-4342,2026-03-06,3910000,경기도 평택시
메디칼 세계로 약국,경기도,평택시,경기도 평택시 중앙로 9-1 (통복동),경기도 평택시 통복동 86-25,36.995618,127.084530,약국 내부,경기도 평택시청 평택보건소,031-8024-4342,2026-03-06,3910000,경기도 평택시
행복약국,경기도,평택시,경기도 평택시 중앙로 268 (합정동),경기도 평택시 합정동 964-10,36.989856,127.112537,약국 내부,경기도 평택시청 평택보건소,031-8024-4342,2026-03-06,3910000,경기도 평택시
참사랑약국,경기도,평택시,경기도 평택시 중앙로 284 (합정동),경기도 평택시 합정동 966-6,36.990210,127.114140,약국 내부,경기도 평택시청 평택보건소,031-8024-4342,2026-03-06,3910000,경기도 평택시
굿모닝팜약국,경기도,평택시,경기도 평택시 조개터로48번길 35 (합정동),경기도 평택시 합정동 772번지 3호,36.991001,127.104245,약국 내부,경기도 평택시청 평택보건소,031-8024-4342,2026-03-06,3910000,경기도 평택시
경희당한약국,경기도,평택시,경기도 평택시 통복시장로21번길 19 (통복동),경기도 평택시 통복동 95-21,36.997311,127.084330,약국 내부,경기도 평택시청 평택보건소,031-8024-4342,2026-03-06,3910000,경기도 평택시
유약국,경기도,평택시,"경기도 평택시 부용로 27, 106호",경기도 평택시 팽성읍 송화리 779번지 1호 106호,36.963237,127.058730,약국 내부,경기도 평택시청 평택보건소,031-8024-4342,2026-03-06,3910000,경기도 평택시
드림약국,경기도,평택시,경기도 평택시 비전5로 3 (비전동),경기도 평택시 비전동 1090,36.999924,127.111668,약국 내부,경기도 평택시청 평택보건소,031-8024-4342,2026-03-06,3910000,경기도 평택시
열린약국,경기도,평택시,"경기도 평택시 서동대로 3879, 1층 103호 (용이동)",경기도 평택시 용이동 468-1,36.994277,127.137853,약국 내부,경기도 평택시청 평택보건소,031-8024-4342,2026-03-06,3910000,경기도 평택시
한빛약국,경기도,평택시,"경기도 평택시 중앙2로 13, 1층 114호 (평택동, 센텀스카이빌딩)",경기도 평택시 평택동 291,36.991963,127.088528,약국 내부,경기도 평택시청 평택보건소,031-8024-4342,2026-03-06,3910000,경기도 평택시
서재중앙약국,경기도,평택시,"경기도 평택시 서재로 2, 101호 (동삭동, 한주빌딩)",경기도 평택시 동삭동 711-13,37.009875,127.0988015,약국 내부,경기도 평택시청 평택보건소,031-8024-4342,2026-03-06,3910000,경기도 평택시
민중약국,경기도,평택시,경기도 평택시 평택로 102 (통복동),경기도 평택시 통복동 98-5,36.995880,127.083482,약국 내부,경기도 평택시청 평택보건소,031-8024-4342,2026-03-06,3910000,경기도 평택시
바다약국,경기도,평택시,경기도 평택시 평택로 41 (평택동),경기도 평택시 평택동 55-3,36.9911255,127.0870808,약국 내부,경기도 평택시청 평택보건소,031-8024-4342,2026-03-06,3910000,경기도 평택시
우리약국,경기도,평택시,경기도 평택시 평택1로 41 (통복동),경기도 평택시 통복동 83-7,36.995696,127.087619,약국 내부,경기도 평택시청 평택보건소,031-8024-4342,2026-03-06,3910000,경기도 평택시
한일약국,경기도,평택시,경기도 평택시 평택2로 34 (평택동),경기도 평택시 평택동 32-2,36.993686,127.089957,약국 내부,경기도 평택시청 평택보건소,031-8024-4342,2026-03-06,3910000,경기도 평택시
신진약국,경기도,평택시,경기도 평택시 안정로39번길 32,경기도 평택시 팽성읍 안정리 37번지 26호,36.961107,127.0470033,약국 내부,경기도 평택시청 평택보건소,031-8024-4342,2026-03-06,3910000,경기도 평택시
다나약국,경기도,평택시,경기도 평택시 중앙로 148 (합정동),경기도 평택시 합정동 757-4,36.992307,127.099343,약국 내부,경기도 평택시청 평택보건소,031-8024-4342,2026-03-06,3910000,경기도 평택시
경기약국,경기도,평택시,경기도 평택시 중앙로 21-1 (통복동),경기도 평택시 통복동 85-27,36.995267,127.085759,약국 내부,경기도 평택시청 평택보건소,031-8024-4342,2026-03-06,3910000,경기도 평택시
시장약국,경기도,평택시,"경기도 평택시 통복로 43, 1층 (통복동)",경기도 평택시 통복동 100-5,36.995994,127.083020,약국 내부,경기도 평택시청 평택보건소,031-8024-4342,2026-03-06,3910000,경기도 평택시
아빠약국,경기도,평택시,경기도 평택시 평택4로 69-1 (비전동),경기도 평택시 비전동 751-7,36.994178,127.101309,약국 내부,경기도 평택시청 평택보건소,031-8024-4342,2026-03-06,3910000,경기도 평택시
한마음약국,경기도,평택시,경기도 평택시 팽성읍 동서촌로 74,경기도 평택시 팽성읍 객사리 126-3,36.964439,127.060366,약국 내부,경기도 평택시청 평택보건소,031-8024-4342,2026-03-06,3910000,경기도 평택시
구세약국,경기도,평택시,경기도 평택시 중앙로 162 (합정동),경기도 평택시 합정동 763,36.991959,127.101021,약국 내부,경기도 평택시청 평택보건소,031-8024-4342,2026-03-06,3910000,경기도 평택시
한라약국,경기도,평택시,"경기도 평택시 세교로 8, 105호 (세교동, 현대향촌아파트상가)",경기도 평택시 세교동 560번지 현대향촌아파트상가 105호,37.002760,127.079400,약국 내부,경기도 평택시청 평택보건소,031-8024-4342,2026-03-06,3910000,경기도 평택시
유명약국,경기도,평택시,경기도 평택시 세교상가1길 3 (세교동),경기도 평택시 세교동 561-14,37.000139,127.0795043,약국 내부,경기도 평택시청 평택보건소,031-8024-4342,2026-03-06,3910000,경기도 평택시
부영약국,경기도,평택시,"경기도 평택시 세교공원로 66, 101호 (세교동, 부영아파트상가1동)",경기도 평택시 세교동 555,37.003252,127.084652,약국 내부,경기도 평택시청 평택보건소,031-8024-4342,2026-03-06,3910000,경기도 평택시
한영약국,경기도,평택시,경기도 평택시 평택로 104 (통복동),경기도 평택시 통복동 98-19,36.995915,127.083336,약국 내부,경기도 평택시청 평택보건소,031-8024-4342,2026-03-06,3910000,경기도 평택시
인영온누리약국,경기도,평택시,경기도 평택시 평택2로20번길 4 (평택동),경기도 평택시 평택동 43-1,36.99289742,127.088629,약국 내부,경기도 평택시청 평택보건소,031-8024-4342,2026-03-06,3910000,경기도 평택시
대학로약국,경기도,평택시,경기도 평택시 평택로 282 (세교동),경기도 평택시 세교동 439-14,37.008346,127.073411,약국 내부,경기도 평택시청 평택보건소,031-8024-4342,2026-03-06,3910000,경기도 평택시
시민약국,경기도,평택시,경기도 평택시 중앙1로56번길 22-10 (비전동),경기도 평택시 비전동 629-5,36.996737,127.088269,약국 내부,경기도 평택시청 평택보건소,031-8024-4342,2026-03-06,3910000,경기도 평택시
하늘약국,경기도,평택시,"경기도 평택시 중앙로 165 (비전동, 외 1필지)",경기도 평택시 비전동 761-3,36.992196,127.101355,약국 내부,경기도 평택시청 평택보건소,031-8024-4342,2026-03-06,3910000,경기도 평택시
제세온누리약국,경기도,평택시,경기도 평택시 조개터로42번길 58 (합정동),경기도 평택시 합정동 775-10,36.990175,127.105827,약국 내부,경기도 평택시청 평택보건소,031-8024-4342,2026-03-06,3910000,경기도 평택시
으뜸약국,경기도,평택시,경기도 평택시 평택2로20번길 11 (평택동),경기도 평택시 평택동 289-1,36.992770,127.089238,약국 내부,경기도 평택시청 평택보건소,031-8024-4342,2026-03-06,3910000,경기도 평택시
영진약국,경기도,평택시,경기도 평택시 평택1로 4 (평택동),경기도 평택시 평택동 45-4,36.992330,127.087041,약국 내부,경기도 평택시청 평택보건소,031-8024-4342,2026-03-06,3910000,경기도 평택시
성심약국,경기도,평택시,경기도 평택시 중앙2로 1 (평택동),경기도 평택시 평택동 46-4,36.991988,127.0872265,약국 내부,경기도 평택시청 평택보건소,031-8024-4342,2026-03-06,3910000,경기도 평택시
정다운약국,경기도,평택시,경기도 평택시 중앙로 8 (통복동),경기도 평택시 통복동 111-29,36.995227,127.084018,약국 내부,경기도 평택시청 평택보건소,031-8024-4342,2026-03-06,3910000,경기도 평택시
큰사랑약국,경기도,평택시,경기도 평택시 중앙2로 37 (합정동),경기도 평택시 합정동 733-14,36.991569,127.091139,약국 내부,경기도 평택시청 평택보건소,031-8024-4342,2026-03-06,3910000,경기도 평택시
행복한약국,경기도,평택시,"경기도 평택시 세교공원로 66, 109호 (세교동, 부영아파트상가2동)",경기도 평택시 세교동 555,37.003252,127.084652,약국 내부,경기도 평택시청 평택보건소,031-8024-4342,2026-03-06,3910000,경기도 평택시
한남약국,경기도,평택시,경기도 평택시 중앙로 7-1 (통복동),경기도 평택시 통복동 86-5,36.995570,127.0841995,약국 내부,경기도 평택시청 평택보건소,031-8024-4342,2026-03-06,3910000,경기도 평택시
비타민약국,경기도,평택시,경기도 평택시 평택2로20번길 31 (평택동),경기도 평택시 평택동 292-7,36.991955,127.089888,약국 내부,경기도 평택시청 평택보건소,031-8024-4342,2026-03-06,3910000,경기도 평택시
강남약국,경기도,평택시,"경기도 평택시 평택로 54 (평택동, 외1필지)",경기도 평택시 평택동 62-7,36.992227,127.086537,약국 내부,경기도 평택시청 평택보건소,031-8024-4342,2026-03-06,3910000,경기도 평택시
연희약국,경기도,평택시,경기도 평택시 중앙로 105 (비전동),경기도 평택시 비전동 731-5,36.993580,127.094890,약국 내부,경기도 평택시청 평택보건소,031-8024-4342,2026-03-06,3910000,경기도 평택시
신장2동 행정복지센터,경기도,평택시,경기도 평택시 밀월로21번길 7 (신장동),경기도 평택시 신장동 280-23,37.07645155,127.0524347,,경기도 평택시청 송탄보건소,031-8024-7253,2026-03-06,3910000,경기도 평택시
고덕동 행정복지센터,경기도,평택시,경기도 평택시 고덕여염9길 37 3층 (고덕동),경기도 평택시 고덕동 1347-3,37.04053295,127.050415,,경기도 평택시청 송탄보건소,031-8024-7253,2026-03-06,3910000,경기도 평택시
문곡보건진료소,경기도,평택시,경기도 평택시 문곡길 5,경기도 평택시 고덕면 문곡리 308-1,37.05594461,127.0087917,,경기도 평택시청 송탄보건소,031-8024-7253,2026-03-06,3910000,경기도 평택시
고덕보건지소,경기도,평택시,경기도 평택시 고덕로 283 (고덕동),경기도 평택시 고덕동 1693-1139,37.04210128,127.0176676,,경기도 평택시청 송탄보건소,031-8024-7253,2026-03-06,3910000,경기도 평택시
고덕면 행정복지센터,경기도,평택시,경기도 평택시 고덕로 283,경기도 평택시 고덕동 1693-1139,37.04210128,127.0176676,,경기도 평택시청 송탄보건소,031-8024-7253,2026-03-06,3910000,경기도 평택시
평택시 송탄출장소,경기도,평택시,경기도 평택시 경기대로 1366 (서정동),경기도 평택시 서정동 800,37.06581156,127.0650909,,경기도 평택시청 송탄보건소,031-8024-7253,2026-03-06,3910000,경기도 평택시
평택시청 민원실,경기도,평택시,경기도 평택시 경기대로 245,경기도 평택시 비전동 846,36.992289,127.112554,민원실 안,경기도 평택시청 평택보건소,031-8024-4342,2026-03-06,3910000,경기도 평택시
동삭동행정복지센터,경기도,평택시,경기도 평택시 상서재로2길 56-10,경기도 평택시 동삭동 849-2,37.015227,127.103433,센터 안,경기도 평택시청 평택보건소,031-8024-4342,2026-03-06,3910000,경기도 평택시
용이동행정복시젠터,경기도,평택시,"경기도 평택시 현촌5길 5-19, 예솔빌딩 2층","경기도 평택시 용이동 597-11, 예솔빌딩 2층",36.997573,127.133727,센터 안,경기도 평택시청 평택보건소,031-8024-4342,2026-03-06,3910000,경기도 평택시
세교동행정복지센터,경기도,평택시,경기도 평택시 평택로 149,경기도 평택시 신대동 112-15,36.998733,127.079516,건물 내부,경기도 평택시청 평택보건소,031-8024-4342,2026-03-06,3910000,경기도 평택시
비전2동행정복지센터,경기도,평택시,경기도 평택시 중앙로 261,경기도 평택시 비전동 849,36.990310,127.111757,건물 내부,경기도 평택시청 평택보건소,031-8024-4342,2026-03-06,3910000,경기도 평택시
비전1동행정복지센터,경기도,평택시,경기도 평택시 비전2로 330,경기도 평택시 죽백동 724,37.010940,127.112180,건물 내부,경기도 평택시청 평택보건소,031-8024-4342,2026-03-06,3910000,경기도 평택시
통복동행정복지센터,경기도,평택시,경기도 평택시 통복시장로48번길 41,경기도 평택시 통복동 541,37.000794,127.087277,건물 내부,경기도 평택시청 평택보건소,031-8024-4342,2026-03-06,3910000,경기도 평택시
원평동행정복지센터,경기도,평택시,경기도 평택시 원평2로 9,경기도 평택시 통복동 172-6,36.989279,127.080495,건물 내부,경기도 평택시청 평택보건소,031-8024-4342,2026-03-06,3910000,경기도 평택시
신평동행정복지센터,경기도,평택시,경기도 평택시 평택3로 9,경기도 평택시 합정동 832,36.990039,127.092652,건물 내부,경기도 평택시청 평택보건소,031-8024-4342,2026-03-06,3910000,경기도 평택시
팽성읍행정복지센터,경기도,평택시,경기도 평택시 팽성읍 동서촌로 89,경기도 평택시 팽성읍 객사리 170-2,36.965176,127.062345,건물 내부,경기도 평택시청 평택보건소,031-8024-4342,2026-03-06,3910000,경기도 평택시
두정리보건진료소,경기도,평택시,경기도 평택시 두정길 53,,36.944861,127.026016,건물 내부,경기도 평택시청 평택보건소,031-8024-4342,2026-03-06,3910000,경기도 평택시
팽성원정보건진료소,경기도,평택시,경기도 평택시 팽성북로 29,,36.973951,127.042818,건물 내부,경기도 평택시청 평택보건소,031-8024-4342,2026-03-06,3910000,경기도 평택시
팽성보건지소,경기도,평택시,경기도 평택시 팽성남산4길 6,경기도 평택시 팽성읍 남산리 산 59번지,36.957647,127.059529,건물 내부,경기도 평택시청 평택보건소,031-8024-4342,2026-03-06,3910000,경기도 평택시
평택보건소,경기도,평택시,경기도 평택시 평택5로 56,,36.99089576,127.1119697,C동 1층,경기도 평택시청 평택보건소,031-8024-4342,2026-03-06,3910000,경기도 평택시
봄날약국,경기도,평택시,"경기도 평택시 영신2길 87, 영신빌딩 104호 (세교동)",경기도 평택시 세교동 0 영신빌딩,37.02055703,127.0839731,약국 내부,경기도 평택시청 평택보건소,031-8024-4342,2026-03-06,3910000,경기도 평택시
도토리약국,경기도,평택시,"경기도 평택시 원평로105번길 42, 104호 (통복동)",경기도 평택시 통복동 263-6,36.99336503,127.078176,약국 내부,경기도 평택시청 평택보건소,031-8024-4342,2026-03-06,3910000,경기도 평택시
바른정약국,경기도,평택시,경기도 평택시 중앙로 29 (통복동),경기도 평택시 통복동 84-3,36.99533505,127.0864098,약국 내부,경기도 평택시청 평택보건소,031-8024-4342,2026-03-06,3910000,경기도 평택시
자연약국,경기도,평택시,"경기도 평택시 비전5로 11, 102호 (비전동)",경기도 평택시 비전동 1091-4,37.00012028,127.1126092,약국 내부,경기도 평택시청 평택보건소,031-8024-4342,2026-03-06,3910000,경기도 평택시
평택봄약국,경기도,평택시,경기도 평택시 서동대로 3708 (합정동),경기도 평택시 합정동 0,36.98932995,127.1204389,약국 내부,경기도 평택시청 평택보건소,031-8024-4342,2026-03-06,3910000,경기도 평택시
연약국,경기도,평택시,"경기도 평택시 평택5로 63, 상가동 1층 101-4호 (비전동, 동성효성아파트)",경기도 평택시 비전동 856,36.99188685,127.1105928,약국 내부,경기도 평택시청 평택보건소,031-8024-4342,2026-03-06,3910000,경기도 평택시
고유약국,경기도,평택시,"경기도 평택시 평택로 51, 평택민자역사 (평택동)",경기도 평택시 평택동 185-579,36.99189577,127.0832942,약국 내부,경기도 평택시청 평택보건소,031-8024-4342,2026-03-06,3910000,경기도 평택시
오로라약국,경기도,평택시,"경기도 평택시 상서재로 50, 416동 120호 (동삭동, 평택센트럴자이 4단지)",경기도 평택시 동삭동 854,37.01852351,127.1014953,약국 내부,경기도 평택시청 평택보건소,031-8024-4342,2026-03-06,3910000,경기도 평택시
메디팜고운손약국,경기도,평택시,"경기도 평택시 중앙로 335, 상가동 111,112,208호 (비전동, 벽산아파트)",경기도 평택시 비전동 889,36.99204168,127.1192861,약국 내부,경기도 평택시청 평택보건소,031-8024-4342,2026-03-06,3910000,경기도 평택시
메가타운약국,경기도,평택시,경기도 평택시 만세로 1697 (죽백동),경기도 평택시 죽백동 479-6,37.01444864,127.1139977,약국 내부,경기도 평택시청 평택보건소,031-8024-4342,2026-03-06,3910000,경기도 평택시
별약국,경기도,평택시,경기도 평택시 고덕국제5로 145 (고덕동),경기도 평택시 고덕동 0,37.03466419,127.0267262,,경기도 평택시청 송탄보건소,031-8024-7253,2026-03-06,3910000,경기도 평택시
함박약국,경기도,평택시,경기도 평택시 함박산8길 31 (고덕동),경기도 평택시 고덕동 2647-2,37.03851393,127.0314591,,경기도 평택시청 송탄보건소,031-8024-7253,2026-03-06,3910000,경기도 평택시
삼동약국,경기도,평택시,"경기도 평택시 삼성로 114, 삼성전자(주) 평택캠퍼스 사무3동 2층 (고덕동)",경기도 평택시 고덕동 1695,37.03554574,127.0601488,,경기도 평택시청 송탄보건소,031-8024-7253,2026-03-06,3910000,경기도 평택시
송북약국,경기도,평택시,경기도 평택시 탄현로 334 (지산동),경기도 평택시 지산동 754-38,37.08185853,127.0565354,,경기도 평택시청 송탄보건소,031-8024-7253,2026-03-06,3910000,경기도 평택시
고덕미소약국,경기도,평택시,경기도 평택시 고덕로 246 (고덕동),경기도 평택시 고덕동 2708-1,37.03602939,127.0279094,,경기도 평택시청 송탄보건소,031-8024-7253,2026-03-06,3910000,경기도 평택시
스타약국,경기도,평택시,경기도 평택시 관광특구로 41 (서정동),경기도 평택시 서정동 814-4,37.06697836,127.0634175,,경기도 평택시청 송탄보건소,031-8024-7253,2026-03-06,3910000,경기도 평택시
세계로약국,경기도,평택시,경기도 평택시 고덕여염7길 21 (고덕동),경기도 평택시 고덕동 2224-1,37.03835366,127.0473347,,경기도 평택시청 송탄보건소,031-8024-7253,2026-03-06,3910000,경기도 평택시
온세약국,경기도,평택시,경기도 평택시 탄현로 341 (신장동),경기도 평택시 신장동 212-10,37.08270678,127.0565651,,경기도 평택시청 송탄보건소,031-8024-7253,2026-03-06,3910000,경기도 평택시
도담온누리약국,경기도,평택시,경기도 평택시 고덕국제대로 94 (고덕동),경기도 평택시 고덕동 1973-9,37.04530126,127.0441906,,경기도 평택시청 송탄보건소,031-8024-7253,2026-03-06,3910000,경기도 평택시
송탄메디칼약국,경기도,평택시,경기도 평택시 탄현로327번길 8 (신장동),경기도 평택시 신장동 214-24,37.08155769,127.0555154,,경기도 평택시청 송탄보건소,031-8024-7253,2026-03-06,3910000,경기도 평택시
고덕365약국,경기도,평택시,경기도 평택시 고덕로3길 22 (고덕동),경기도 평택시 고덕동 2693-6,37.03712781,127.0265849,,경기도 평택시청 송탄보건소,031-8024-7253,2026-03-06,3910000,경기도 평택시
맑은미소약국,경기도,평택시,경기도 평택시 함박산9길 3 (고덕동),경기도 평택시 고덕동 2516-4,37.0392192,127.0314269,,경기도 평택시청 송탄보건소,031-8024-7253,2026-03-06,3910000,경기도 평택시
정약국,경기도,평택시,경기도 평택시 관광특구로 38 (서정동),경기도 평택시 서정동 847-5,37.06648733,127.0629759,,경기도 평택시청 송탄보건소,031-8024-7253,2026-03-06,3910000,경기도 평택시
고덕스타약국,경기도,평택시,"경기도 평택시 고덕국제대로 77 (고덕동, 힐스테이트 고덕 센트럴)",경기도 평택시 고덕동 2618-3,37.04407411,127.0424872,,경기도 평택시청 송탄보건소,031-8024-7253,2026-03-06,3910000,경기도 평택시
튼튼약국,경기도,평택시,경기도 평택시 경기대로 1511 (지산동),경기도 평택시 지산동 1080,37.07934206,127.0627311,,경기도 평택시청 송탄보건소,031-8024-7253,2026-03-06,3910000,경기도 평택시
바로E약국,경기도,평택시,경기도 평택시 탄현로371번길 55 (신장동),경기도 평택시 신장동 103,37.08731208,127.0594661,,경기도 평택시청 송탄보건소,031-8024-7253,2026-03-06,3910000,경기도 평택시
서정동 행정복지센터,경기도,평택시,경기도 평택시 탄현로 170 (서정동),경기도 평택시 서정동 831,37.0677688,127.0546908,,경기도 평택시청 송탄보건소,031-8024-7253,2026-03-06,3910000,경기도 평택시
은산보건진료소,경기도,평택시,경기도 평택시 은산3길 26,경기도 평택시 진위면 은산리 308-1,37.08535962,127.1225172,,경기도 평택시청 송탄보건소,031-8024-7253,2026-03-06,3910000,경기도 평택시
진위면보건지소,경기도,평택시,경기도 평택시 봉남길 61,경기도 평택시 진위면 봉남리 230-3,37.09976322,127.0904767,,경기도 평택시청 송탄보건소,031-8024-7253,2026-03-06,3910000,경기도 평택시
진위면 행정복지센터,경기도,평택시,경기도 평택시 봉남길 61,경기도 평택시 진위면 봉남리 230-3,37.09976322,127.0904767,,경기도 평택시청 송탄보건소,031-8024-7253,2026-03-06,3910000,경기도 평택시
동천보건진료소,경기도,평택시,경기도 평택시 동천2길 14,경기도 평택시 진위면 동천리 308-1,37.11873418,127.1089965,,경기도 평택시청 송탄보건소,031-8024-7253,2026-03-06,3910000,경기도 평택시
송북동 행정복지센터,경기도,평택시,경기도 평택시 지산2로 113 (지산동),경기도 평택시 지산동 1011,37.08165063,127.0602332,,경기도 평택시청 송탄보건소,031-8024-7253,2026-03-06,3910000,경기도 평택시
신장1동 행정복지센터,경기도,평택시,경기도 평택시 신장로90번길 63 (신장동),경기도 평택시 신장동 338-55,37.0839629,127.0523885,,경기도 평택시청 송탄보건소,031-8024-7253,2026-03-06,3910000,경기도 평택시
지산동 행정복지센터,경기도,평택시,경기도 평택시 송탄로 379 (지산동),경기도 평택시 지산동 798-4,37.0774061,127.0575823,,경기도 평택시청 송탄보건소,031-8024-7253,2026-03-06,3910000,경기도 평택시
서탄면보건지소,경기도,평택시,경기도 평택시 서탄면 금암1길 94,경기도 평택시 서탄면 금암리 308-1,37.10545814,127.0401594,,경기도 평택시청 송탄보건소,031-8024-7253,2026-03-06,3910000,경기도 평택시
서탄면 행정복지센터,경기도,평택시,경기도 평택시 서탄면 금암1길 94,경기도 평택시 서탄면 금암리 308-1,37.10545814,127.0401594,,경기도 평택시청 송탄보건소,031-8024-7253,2026-03-06,3910000,경기도 평택시
금각보건진료소,경기도,평택시,경기도 평택시 금각1길 6-5,경기도 평택시 서탄면 금각리 440-1,37.07016113,127.0084158,,경기도 평택시청 송탄보건소,031-8024-7253,2026-03-06,3910000,경기도 평택시
중앙동 행정복지센터,경기도,평택시,경기도 평택시 서정역로 16 (이충동),경기도 평택시 서정동 342,37.05555845,127.0560539,,경기도 평택시청 송탄보건소,031-8024-7253,2026-03-06,3910000,경기도 평택시
평택시송탄치매안심센터,경기도,평택시,경기도 평택시 서정로 295 (서정동),경기도 평택시 서정동 산 12,37.0657141,127.0664973,,경기도 평택시청 송탄보건소,031-8024-7253,2026-03-06,3910000,경기도 평택시
송탄보건소,경기도,평택시,경기도 평택시 서정로 295 (서정동),경기도 평택시 서정동 산 12,37.0657141,127.0664973,,경기도 평택시청 송탄보건소,031-8024-7253,2026-03-06,3910000,경기도 평택시
송탄동 행정복지센터,경기도,평택시,경기도 평택시 방여울로 117 (가재동),경기도 평택시 가재동 20-53,37.04440469,127.0948511,,경기도 평택시청 송탄보건소,031-8024-7253,2026-03-06,3910000,경기도 평택시
우성탑약국,경기도,평택시,경기도 평택시 고덕중앙로 218 (고덕동),경기도 평택시 고덕동 1975-1,37.04788911,127.0449574,,경기도 평택시청 송탄보건소,031-8024-7253,2026-03-06,3910000,경기도 평택시
호약국,경기도,평택시,경기도 평택시 이충로35번길 24 (이충동),경기도 평택시 이충동 668-2,37.05962924,127.0664922,,경기도 평택시청 송탄보건소,031-8024-7253,2026-03-06,3910000,경기도 평택시
슬기로운약국,경기도,평택시,경기도 평택시 고덕갈평5길 32 (고덕동),경기도 평택시 고덕동 1886-1,37.05650083,127.0473953,,경기도 평택시청 송탄보건소,031-8024-7253,2026-03-06,3910000,경기도 평택시
고덕우리약국,경기도,평택시,경기도 평택시 고덕중앙로 200-4 (고덕동),경기도 평택시 고덕동 1973-1,37.04782733,127.0441989,,경기도 평택시청 송탄보건소,031-8024-7253,2026-03-06,3910000,경기도 평택시
고덕드림약국,경기도,평택시,경기도 평택시 고덕여염9길 38 (고덕동),경기도 평택시 고덕동 2158-2,37.04015536,127.0509824,,경기도 평택시청 송탄보건소,031-8024-7253,2026-03-06,3910000,경기도 평택시
서정부부약국,경기도,평택시,경기도 평택시 서정역로 48 (서정동),경기도 평택시 서정동 311,37.0582931,127.0553248,,경기도 평택시청 송탄보건소,031-8024-7253,2026-03-06,3910000,경기도 평택시
4층새빛약국,경기도,평택시,경기도 평택시 신촌2로 22 (칠원동),경기도 평택시 칠원동 549,37.02604709,127.1040567,,경기도 평택시청 송탄보건소,031-8024-7253,2026-03-06,3910000,경기도 평택시
평택백화점약국,경기도,평택시,경기도 평택시 진위면 진위서로 142,경기도 평택시 진위면 견산리 319-1,37.10600509,127.0786469,,경기도 평택시청 송탄보건소,031-8024-7253,2026-03-06,3910000,경기도 평택시
기분좋은온누리약국,경기도,평택시,경기도 평택시 고덕중앙2로 39 (고덕동),경기도 평택시 고덕동 2613-1,37.04519809,127.0402928,,경기도 평택시청 송탄보건소,031-8024-7253,2026-03-06,3910000,경기도 평택시
시드니약국,경기도,평택시,경기도 평택시 탄현1로 160 (신장동),경기도 평택시 신장동 259-3,37.07411104,127.0540061,,경기도 평택시청 송탄보건소,031-8024-7253,2026-03-06,3910000,경기도 평택시
플러스약국,경기도,평택시,경기도 평택시 경기대로 1103 (장당동),경기도 평택시 장당동 390-1,37.04499376,127.0594719,,경기도 평택시청 송탄보건소,031-8024-7253,2026-03-06,3910000,경기도 평택시
삼성메디컬약국,경기도,평택시,경기도 평택시 고덕갈평6길 29 (고덕동),경기도 평택시 고덕동 1887-1,37.05732015,127.0474254,,경기도 평택시청 송탄보건소,031-8024-7253,2026-03-06,3910000,경기도 평택시
휴베이스효약국,경기도,평택시,경기도 평택시 고덕국제대로 7 (고덕동),경기도 평택시 고덕동 2226-2,37.03887765,127.0482003,,경기도 평택시청 송탄보건소,031-8024-7253,2026-03-06,3910000,경기도 평택시
제일큰약국,경기도,평택시,경기도 평택시 고덕여염9길 13 (고덕동),경기도 평택시 고덕동 2161-1,37.03971839,127.0491895,,경기도 평택시청 송탄보건소,031-8024-7253,2026-03-06,3910000,경기도 평택시
이메디칼약국,경기도,평택시,"경기도 평택시 고덕로 250, 1층 109호 (고덕동)",경기도 평택시 고덕동 2708-2,37.03617919,127.028134,,경기도 평택시청 송탄보건소,031-8024-7253,2026-03-06,3910000,경기도 평택시
서정약국,경기도,평택시,경기도 평택시 고덕로3길 27 (고덕동),경기도 평택시 고덕동 2691-1,37.03820635,127.0264148,,경기도 평택시청 송탄보건소,031-8024-7253,2026-03-06,3910000,경기도 평택시
상록수 약국,경기도,평택시,경기도 평택시 서정역로 42 (서정동),경기도 평택시 서정동 328-2,37.05791958,127.0557716,,경기도 평택시청 송탄보건소,031-8024-7253,2026-03-06,3910000,경기도 평택시
청북솔약국,경기도,평택시,"경기도 평택시 서정역로 47, 1층 (서정동)",경기도 평택시 서정동 313-21,37.05818669,127.0549287,,경기도 평택시청 송탄보건소,031-8024-7253,2026-03-06,3910000,경기도 평택시
새봄약국,경기도,평택시,경기도 평택시 서정역로26번길 7-10 (이충동),경기도 평택시 이충동 463-45,37.05671565,127.0563467,,경기도 평택시청 송탄보건소,031-8024-7253,2026-03-06,3910000,경기도 평택시
세림약국,경기도,평택시,경기도 평택시 송탄로 272 (서정동),경기도 평택시 서정동 822-10,37.0679674,127.0591871,,경기도 평택시청 송탄보건소,031-8024-7253,2026-03-06,3910000,경기도 평택시
송탄종합약국,경기도,평택시,경기도 평택시 탄현로 330 (지산동),경기도 평택시 지산동 755-6,37.08156837,127.0563638,,경기도 평택시청 송탄보건소,031-8024-7253,2026-03-06,3910000,경기도 평택시
이수약국,경기도,평택시,경기도 평택시 송탄로40번길 67 (이충동),경기도 평택시 이충동 614-5,37.05139679,127.0580218,,경기도 평택시청 송탄보건소,031-8024-7253,2026-03-06,3910000,경기도 평택시
약수약국,경기도,평택시,경기도 평택시 송탄로 413 (지산동),경기도 평택시 지산동 758-22,37.08065173,127.0576415,,경기도 평택시청 송탄보건소,031-8024-7253,2026-03-06,3910000,경기도 평택시
늘봄약국,경기도,평택시,경기도 평택시 오좌동길 9 (독곡동),경기도 평택시 독곡동 378-1,37.08784476,127.0633452,,경기도 평택시청 송탄보건소,031-8024-7253,2026-03-06,3910000,경기도 평택시
스마일약국,경기도,평택시,"경기도 평택시 송탄로 33 (장당동, 굿스파인병원)",경기도 평택시 장당동 470-4,37.04826398,127.057004,,경기도 평택시청 송탄보건소,031-8024-7253,2026-03-06,3910000,경기도 평택시
힐링약국,경기도,평택시,"경기도 평택시 삼성로 114, 삼성전자(주) 평택캠퍼스 복지동 1층 (고덕동)",경기도 평택시 고덕동 1695,37.03554574,127.0601488,,경기도 평택시청 송탄보건소,031-8024-7253,2026-03-06,3910000,경기도 평택시
이화약국,경기도,평택시,경기도 평택시 탄현로326번길 3 (지산동),경기도 평택시 지산동 755-10,37.08124079,127.056077,,경기도 평택시청 송탄보건소,031-8024-7253,2026-03-06,3910000,경기도 평택시
송탄우리약국,경기도,평택시,"경기도 평택시 경기대로 1365, 1층 (서정동, 한양빌딩)",경기도 평택시 서정동 814-3,37.06697337,127.0636596,,경기도 평택시청 송탄보건소,031-8024-7253,2026-03-06,3910000,경기도 평택시
송탄시장약국,경기도,평택시,경기도 평택시 서정역로 22 (서정동),경기도 평택시 서정동 340-1,37.05606812,127.0558152,,경기도 평택시청 송탄보건소,031-8024-7253,2026-03-06,3910000,경기도 평택시
센타약국,경기도,평택시,"경기도 평택시 이충로35번길 20-9, 이충센타프라자 (이충동)",경기도 평택시 이충동 664-8,37.06035084,127.0664705,,경기도 평택시청 송탄보건소,031-8024-7253,2026-03-06,3910000,경기도 평택시
송탄효자약국,경기도,평택시,경기도 평택시 탄현로 317 (신장동),경기도 평택시 신장동 217-3,37.08074296,127.0552737,,경기도 평택시청 송탄보건소,031-8024-7253,2026-03-06,3910000,경기도 평택시
하나약국,경기도,평택시,"경기도 평택시 서정북로 79, 신광빌딩 (서정동)",경기도 평택시 서정동 782-7,37.07100089,127.0582146,,경기도 평택시청 송탄보건소,031-8024-7253,2026-03-06,3910000,경기도 평택시
사랑약국,경기도,평택시,"경기도 평택시 추담로 58-78, 상가2동 104호 (장안동, 평택장안마을코오롱하늘채)",경기도 평택시 장안동 619,37.05902947,127.0770985,,경기도 평택시청 송탄보건소,031-8024-7253,2026-03-06,3910000,경기도 평택시
서정온누리약국,경기도,평택시,"경기도 평택시 탄현로 58, 103호 (서정동)",경기도 평택시 서정동 317-41,37.05761955,127.0539586,,경기도 평택시청 송탄보건소,031-8024-7253,2026-03-06,3910000,경기도 평택시
꽃피는약국,경기도,평택시,"경기도 평택시 송탄로40번길 79-16, 103호 (이충동)",경기도 평택시 이충동 610-1,37.05209836,127.0573064,,경기도 평택시청 송탄보건소,031-8024-7253,2026-03-06,3910000,경기도 평택시
고덕중앙약국,경기도,평택시,"경기도 평택시 고덕면 궁2길 67, 103호",경기도 평택시 고덕면 궁리 72-11,37.01835866,127.0346038,,경기도 평택시청 송탄보건소,031-8024-7253,2026-03-06,3910000,경기도 평택시
서정리오렌지약국,경기도,평택시,"경기도 평택시 탄현로 48, 1층 2호 (서정동)",경기도 평택시 서정동 429-3,37.05678601,127.0538499,,경기도 평택시청 송탄보건소,031-8024-7253,2026-03-06,3910000,경기도 평택시
일등약국,경기도,평택시,경기도 평택시 탄현로 333 (신장동),경기도 평택시 신장동 213-3,37.08193548,127.0561518,,경기도 평택시청 송탄보건소,031-8024-7253,2026-03-06,3910000,경기도 평택시
송탄하늘약국,경기도,평택시,"경기도 평택시 송탄로 410, 1층 (지산동)",경기도 평택시 지산동 761-12,37.0801343,127.0580762,,경기도 평택시청 송탄보건소,031-8024-7253,2026-03-06,3910000,경기도 평택시
우미약국,경기도,평택시,"경기도 평택시 송탄로 260, 2층 (서정동)",경기도 평택시 서정동 839-11,37.06678335,127.058917,,경기도 평택시청 송탄보건소,031-8024-7253,2026-03-06,3910000,경기도 평택시
세민약국,경기도,평택시,"경기도 평택시 탄현로 335, 1층 (신장동)",경기도 평택시 신장동 212-6,37.08234753,127.0563476,,경기도 평택시청 송탄보건소,031-8024-7253,2026-03-06,3910000,경기도 평택시
예그리나 약국,경기도,평택시,"경기도 평택시 신촌2로 22, 맘스스퀘어 B동 3층 305호 (칠원동)",경기도 평택시 칠원동 549,37.02604709,127.1040567,,경기도 평택시청 송탄보건소,031-8024-7253,2026-03-06,3910000,경기도 평택시
송탄드림약국,경기도,평택시,"경기도 평택시 지산로 64, 1층 (지산동)",경기도 평택시 지산동 1077,37.07967968,127.062061,,경기도 평택시청 송탄보건소,031-8024-7253,2026-03-06,3910000,경기도 평택시
새희망약국,경기도,평택시,"경기도 평택시 서정역로26번길 3, 대성빌딩 1층 (서정동)",경기도 평택시 서정동 334-4,37.05645778,127.0559225,,경기도 평택시청 송탄보건소,031-8024-7253,2026-03-06,3910000,경기도 평택시
아나파약국,경기도,평택시,경기도 평택시 탄현로 328 (지산동),경기도 평택시 지산동 755-7,37.08150209,127.0562824,,경기도 평택시청 송탄보건소,031-8024-7253,2026-03-06,3910000,경기도 평택시
중앙약국,경기도,평택시,경기도 평택시 신장로 27 (신장동),경기도 평택시 신장동 274-113,37.07907353,127.0515301,,경기도 평택시청 송탄보건소,031-8024-7253,2026-03-06,3910000,경기도 평택시
유미약국,경기도,평택시,경기도 평택시 지산로 62 (지산동),경기도 평택시 지산동 1076,37.07966366,127.0618476,,경기도 평택시청 송탄보건소,031-8024-7253,2026-03-06,3910000,경기도 평택시
서정굿모닝약국,경기도,평택시,경기도 평택시 서정역로36번길 10 (서정동),경기도 평택시 서정동 271-5,37.05736842,127.0564609,,경기도 평택시청 송탄보건소,031-8024-7253,2026-03-06,3910000,경기도 평택시
삼성약국,경기도,평택시,경기도 평택시 관광특구로 37 (서정동),경기도 평택시 서정동 817-5,37.06705886,127.063023,,경기도 평택시청 송탄보건소,031-8024-7253,2026-03-06,3910000,경기도 평택시
유일약국,경기도,평택시,"경기도 평택시 지산로 85 (독곡동, 우남빌딩)",경기도 평택시 독곡동 488,37.08062229,127.0642639,,경기도 평택시청 송탄보건소,031-8024-7253,2026-03-06,3910000,경기도 평택시
수약국,경기도,평택시,경기도 평택시 탄현로327번길 6 (신장동),경기도 평택시 신장동 214-39,37.0815932,127.0556792,,경기도 평택시청 송탄보건소,031-8024-7253,2026-03-06,3910000,경기도 평택시
고덕메디칼약국,경기도,평택시,"경기도 평택시 고덕면 동청1길 35, 102호",경기도 평택시 고덕면 동청리 25-3,37.05501836,127.006249,,경기도 평택시청 송탄보건소,031-8024-7253,2026-03-06,3910000,경기도 평택시
다나약국,경기도,평택시,"경기도 평택시 지산로 70, 1층 101호 (지산동, 부천프라자)",경기도 평택시 지산동 1078,37.07977502,127.0623845,,경기도 평택시청 송탄보건소,031-8024-7253,2026-03-06,3910000,경기도 평택시
송탄온누리약국,경기도,평택시,경기도 평택시  서정북로  71 (서정동),경기도 평택시 서정동 782-4,37.07082079,127.057424,,경기도 평택시청 송탄보건소,031-8024-7253,2026-03-06,3910000,경기도 평택시
세명약국,경기도,평택시,경기도 평택시 서탄면 발안로 1226,경기도 평택시 서탄면 수월암리 215-13,37.13619668,127.0359353,,경기도 평택시청 송탄보건소,031-8024-7253,2026-03-06,3910000,경기도 평택시
녹십자약국,경기도,평택시,경기도 평택시 탄현로 322 (지산동),경기도 평택시 지산동 763-5,37.08096201,127.0560515,,경기도 평택시청 송탄보건소,031-8024-7253,2026-03-06,3910000,경기도 평택시
사창보건진료소,전라남도,무안군,전라남도 무안군 몽탄면 우명길 109,전라남도 무안군 몽탄면 사창리 1222-5,34.96982618,126.5222376,,무안군보건소,061-450-5038,2026-01-30,4950000,전라남도 무안군
광암보건진료소,전라남도,무안군,전라남도 무안군 일로읍 삼산로 94,전라남도 무안군 일로읍 산정리 793,34.8686712,126.5084018,,무안군보건소,061-450-5038,2026-01-30,4950000,전라남도 무안군
죽산보건진료소,전라남도,무안군,전라남도 무안군 일로읍 죽산길 3,전라남도 무안군 일로읍 죽산리 616-7,34.82540535,126.5036305,,무안군보건소,061-450-5038,2026-01-30,4950000,전라남도 무안군
운남보건지소,전라남도,무안군,전라남도 무안군운남면 운해로 607,전라남도 무안군 망운면 연리 406-72,34.96249225,126.3431849,,무안군보건소,061-450-5038,2026-01-30,4950000,전라남도 무안군
해제보건지소,전라남도,무안군,전라남도 무안군 해제면 해제중앙로 18,전라남도 무안군 해제면 신정리 10-42,35.11324092,126.2947455,,무안군보건소,061-450-5038,2026-01-30,4950000,전라남도 무안군
망운보건지소,전라남도,무안군,전라남도 무안군 망운면 압창길 5,전라남도 무안군 망운면 목동리 596-1,35.01189775,126.3924308,,무안군보건소,061-450-5038,2026-01-30,4950000,전라남도 무안군
현경보건지소,전라남도,무안군,전라남도 무안군 현경면 현해로 84,전라남도 무안군 현경면 외반리 567,35.02112064,126.412264,,무안군보건소,061-450-5038,2026-01-30,4950000,전라남도 무안군
청계보건지소,전라남도,무안군,전라남도 무안군 청계면 청계중앙길 14-5,전라남도 무안군 청계면 도림리 501-9,34.91075811,126.4281983,,무안군보건소,061-450-5038,2026-01-30,4950000,전라남도 무안군
몽탄보건지소,전라남도,무안군,전라남도 무안군 몽탄면 몽탄로 865,전라남도 무안군 몽탄면 사천리 1037,34.93022944,126.5028011,,무안군보건소,061-450-5038,2026-01-30,4950000,전라남도 무안군
삼향보건지소,전라남도,무안군,전라남도 무안군 삼향읍 신기길 17,전라남도 무안군 삼향읍 임성리 1363-1,34.82251093,126.4413165,,무안군보건소,061-450-5038,2026-01-30,4950000,전라남도 무안군
일로보건지소,전라남도,무안군,전라남도 무안군 일로읍 시장길 7,전라남도 무안군 일로읍 월암리 121-3,34.84796146,126.4948592,,무안군보건소,061-450-5038,2026-01-30,4950000,전라남도 무안군
무안군보건소,전라남도,무안군,전라남도 무안군 무안읍 면성1길 128,전라남도 무안군 무안읍 성남리 813-2,34.98725207,126.4732635,,무안군보건소,061-450-5038,2026-01-30,4950000,전라남도 무안군
윤약국,전라남도,무안군,"전라남도 무안군 삼향읍 남악5로48번길 17, 1층 (정우빌딩)",전라남도 무안군 삼향읍 남악리 1849번지,34.80985646,126.4732604,,무안군보건소,061-450-5038,2026-01-30,4950000,전라남도 무안군
현대약국,전라남도,무안군,전라남도 무안군 무안읍 몽탄로 67,전라남도 무안군 무안읍 성동리 164번지,34.99144264,126.4890613,,무안군보건소,061-450-5038,2026-01-30,4950000,전라남도 무안군
우리팜약국,전라남도,무안군,전라남도 무안군 삼향읍 남악3로 71 (더 트리폴리앙 상가107호),전라남도 무안군 남악리 2104번지,34.8122209,126.4597709,,무안군보건소,061-450-5038,2026-01-30,4950000,전라남도 무안군
하나약국,전라남도,무안군,전라남도 무안군 일로읍 일로로 69-1,전라남도 무안군 일로읍 월암리 186번지 82호,34.84986831,126.4946299,,무안군보건소,061-450-5038,2026-01-30,4950000,전라남도 무안군
솔약국,전라남도,무안군,전라남도 무안군 삼향읍 남악2로74번길 39 (광일프라자),전라남도 무안군 삼향읍 남악리 2097번지,34.81307571,126.4591856,,무안군보건소,061-450-5038,2026-01-30,4950000,전라남도 무안군
참조은약국,전라남도,무안군,"전라남도 무안군 삼향읍 대죽동로 30, 1층",전라남도 무안군 삼향읍 남악리 2238번지,34.81120124,126.4644187,,무안군보건소,061-450-5038,2026-01-30,4950000,전라남도 무안군
중앙약국,전라남도,무안군,전라남도 무안군 해제면 봉대로 31,전라남도 무안군 해제면 신정리 10번지 48호,35.11308553,126.2940638,,무안군보건소,061-450-5038,2026-01-30,4950000,전라남도 무안군
남악다나약국,전라남도,무안군,"전라남도 무안군 삼향읍 후광대로 242, 전남개발공사 지하1층 102호",전라남도 무안군 삼향읍 남악리 2074번지 전남개발공사 지하1층 102호,34.81397753,126.4581042,,무안군보건소,061-450-5038,2026-01-30,4950000,전라남도 무안군
남악약국,전라남도,무안군,"전라남도 무안군 삼향읍 남악4로 86, 한양에드가 오피스텔 1차 1층",전라남도 무안군 삼향읍 남악리 1472번지 한양에드가 오피스텔 1차,34.81315224,126.4663924,,무안군보건소,061-450-5038,2026-01-30,4950000,전라남도 무안군
칠성약국,전라남도,무안군,전라남도 무안군 무안읍 무안로 497,전라남도 무안군 무안읍 성남리 271번지 3호,34.98795011,126.4781115,,무안군보건소,061-450-5038,2026-01-30,4950000,전라남도 무안군
일로약국,전라남도,무안군,전라남도 무안군 일로읍 일로로 74-1,전라남도 무안군 일로읍 월암리 186번지 67호,34.84940682,126.4945918,,무안군보건소,061-450-5038,2026-01-30,4950000,전라남도 무안군
신우그린약국,전라남도,무안군,"전라남도 무안군 삼향읍 남악3로 50, 신우메디칼센터","전라남도 무안군 삼향읍 남악리 2151, 신우메디칼센터",34.80997068,126.4606714,,무안군보건소,061-450-5038,2026-01-30,4950000,전라남도 무안군
마음편한약국,전라남도,무안군,"전라남도 무안군 삼향읍 남악4로34번길 6, 132호 (에드가채움 주상복합 아파트)","전라남도 무안군 삼향읍 남악리 2317, 132호 (에드가채움 주상복합 아파트)",34.80745187,126.4664296,,무안군보건소,061-450-5038,2026-01-30,4950000,전라남도 무안군
바른약국,전라남도,무안군,"전라남도 무안군 삼향읍 남악3로82번길 42, 가온빌딩 1층 101호",전라남도 무안군 삼향읍 남악리 2246번지,34.81270077,126.4648817,,무안군보건소,061-450-5038,2026-01-30,4950000,전라남도 무안군
연합약국,전라남도,무안군,전라남도 무안군 청계면 청계중앙길 8-8,전라남도 무안군 청계면 도림리 489번지 33호,34.91058364,126.4291061,,무안군보건소,061-450-5038,2026-01-30,4950000,전라남도 무안군
정은약국,전라남도,무안군,"전라남도 무안군 삼향읍 남악4로 49, 중앙프라자 1층 107호","전라남도 무안군 삼향읍 남악리 2265, 중앙프라자 1층 107호",34.81001913,126.4655637,,무안군보건소,061-450-5038,2026-01-30,4950000,전라남도 무안군
우리들온누리약국,전라남도,무안군,"전라남도 무안군 삼향읍 남악4로 71, 1층 102호",전라남도 무안군 삼향읍 남악리 2257 1층 102호,34.81213526,126.4654627,,무안군보건소,061-450-5038,2026-01-30,4950000,전라남도 무안군
종합약국,전라남도,무안군,"전라남도 무안군 삼향읍 남악로162번길 80, 1층",전라남도 무안군 삼향읍 남악리 2622 1층,34.80348664,126.4647096,,무안군보건소,061-450-5038,2026-01-30,4950000,전라남도 무안군
종로약국,전라남도,무안군,전라남도 무안군 무안읍 공항로 8,전라남도 무안군 무안읍 성동리 616,34.99309605,126.4810988,,무안군보건소,061-450-5038,2026-01-30,4950000,전라남도 무안군
오룡약국,전라남도,무안군,"전라남도 무안군 일로읍 오룡번영3로 40, 위드유타워 108호,109호","전라남도 무안군 일로읍 오룡리 122, 위드유타워108호 109호",34.80354332,126.4834037,,무안군보건소,061-450-5038,2026-01-30,4950000,전라남도 무안군
바디엔약국,전라남도,무안군,"전라남도 무안군 삼향읍 남악3로 56, 연세메디타워 104호",전라남도 무안군 삼향읍 남악리 2149,34.81049264,126.4606981,,무안군보건소,061-450-5038,2026-01-30,4950000,전라남도 무안군
남악건강생활지원센터,전라남도,무안군,"전라남도 무안군 삼향읍 남악3로 40, 남악복합주민센터 2층","전라남도 무안군 삼향읍 남악리 2615, 남악복합주민센터 2층",34.80941904,126.4610002,,무안군보건소,061-450-5038,2026-01-30,4950000,전라남도 무안군
성내보건진료소,전라남도,무안군,전라남도 무안군 운남면 향장길 3,전라남도 무안군 운남면 성내리 652-1,34.93247419,126.332735,,무안군보건소,061-450-5038,2026-01-30,4950000,전라남도 무안군
학송보건진료소,전라남도,무안군,전라남도 무안군 해제면 봉대로 414,전라남도 무안군 해제면 학송리 169,35.12628797,126.2676823,,무안군보건소,061-450-5038,2026-01-30,4950000,전라남도 무안군
천장보건진료소,전라남도,무안군,전라남도 무안군 해제면 창매로 23,전라남도 무안군 해제면 천장리 616-4,35.0796873,126.2954522,,무안군보건소,061-450-5038,2026-01-30,4950000,전라남도 무안군
만풍보건진료소,전라남도,무안군,전라남도 무안군 해제면 진목길 2,전라남도 무안군 해제면 만풍리 373,35.12629653,126.3284719,,무안군보건소,061-450-5038,2026-01-30,4950000,전라남도 무안군
송현보건진료소,전라남도,무안군,전라남도 무안군 망운면 서은길2,전라남도 무안군 망운면 송현리 585,34.99783397,126.3595773,,무안군보건소,061-450-5038,2026-01-30,4950000,전라남도 무안군
해운보건진료소,전라남도,무안군,전라남도 무안군 현경면 장군로 687,전라남도 무안군 현경면 해운리 421-21,35.05762995,126.4646879,,무안군보건소,061-450-5038,2026-01-30,4950000,전라남도 무안군
도대보건진료소,전라남도,무안군,전라남도 무안군 청계면 청운로 402,전라남도 무안군 청계면 도대리 249,34.94975252,126.4045177,,무안군보건소,061-450-5038,2026-01-30,4950000,전라남도 무안군
봉명보건진료소,전라남도,무안군,전라남도 무안군 몽탄면 봉명양장로 262,전라남도 무안군 몽탄면 봉명리 142,34.8921322,126.4809284,,무안군보건소,061-450-5038,2026-01-30,4950000,전라남도 무안군
석산보건진료소,대구광역시,군위군,대구광역시 군위군 삼국유사면 삼국유사로 1328-4,,36.1748017,128.8560640,,대구광역시 군위군청,,2025-12-19,5141000,대구광역시 군위군
삼산보건진료소,대구광역시,군위군,대구광역시 군위군 산성면 범상길 57,,36.0937987,128.7054419,,대구광역시 군위군청,,2025-12-19,5141000,대구광역시 군위군
연계보건진료소,대구광역시,군위군,대구광역시 군위군 의흥면 연계지호길 4,,36.1625379,128.7488883,,대구광역시 군위군청,,2025-12-19,5141000,대구광역시 군위군
문덕보건진료소,대구광역시,군위군,대구광역시 군위군 우보면 철길로 201,,36.1483677,128.6864012,,대구광역시 군위군청,,2025-12-19,5141000,대구광역시 군위군
대율보건진료소,대구광역시,군위군,대구광역시 군위군 부계면 한티로 2146-1,,36.0602384,128.6555322,,대구광역시 군위군청,,2025-12-19,5141000,대구광역시 군위군
고곡보건진료소,대구광역시,군위군,대구광역시 군위군 효령면 용매로 997-5,,36.0798172,128.5904371,,대구광역시 군위군청,,2025-12-19,5141000,대구광역시 군위군
오천보건진료소,대구광역시,군위군,대구광역시 군위군 효령면 오천1길 4,,36.1879244,128.6058133,,대구광역시 군위군청,,2025-12-19,5141000,대구광역시 군위군
화계보건진료소,대구광역시,군위군,대구광역시 군위군 효령면 소계길 16,,36.1175988,128.6334566,,대구광역시 군위군청,,2025-12-19,5141000,대구광역시 군위군
복성보건진료소,대구광역시,군위군,대구광역시 군위군 소보면 안계로 524,,36.2624466,128.4768766,,대구광역시 군위군청,,2025-12-19,5141000,대구광역시 군위군
용대보건진료소,대구광역시,군위군,대구광역시 군위군 군위읍 용대2길 16,,36.2312558,128.6012484,,대구광역시 군위군청,,2025-12-19,5141000,대구광역시 군위군
삼국유사면보건지소,대구광역시,군위군,대구광역시 군위군 삼국유사면 삼국유사로 448,,36.1234914,128.7947921,,대구광역시 군위군청,,2025-12-19,5141000,대구광역시 군위군
산성면보건지소,대구광역시,군위군,대구광역시 군위군 산성면 산성가음로 651,,36.1216703,128.6939381,,대구광역시 군위군청,,2025-12-19,5141000,대구광역시 군위군
의흥면보건지소,대구광역시,군위군,대구광역시 군위군 의흥면 읍내길 25,,36.1762535,128.7138945,,대구광역시 군위군청,,2025-12-19,5141000,대구광역시 군위군
우보면보건지소,대구광역시,군위군,대구광역시 군위군 우보면 이화길 135-1,,36.1963138,128.6645383,,대구광역시 군위군청,,2025-12-19,5141000,대구광역시 군위군
부계면보건지소,대구광역시,군위군,대구광역시 군위군 부계면 창평길 3-1,,36.1005115,128.6644262,,대구광역시 군위군청,,2025-12-19,5141000,대구광역시 군위군
효령면보건지소,대구광역시,군위군,대구광역시 군위군 효령면 치산효령로 2402,,36.1567895,128.5849888,,대구광역시 군위군청,,2025-12-19,5141000,대구광역시 군위군
소보면보건지소,대구광역시,군위군,대구광역시 군위군 소보면 송백로 1415,,36.2550811,128.4749691,,대구광역시 군위군청,,2025-12-19,5141000,대구광역시 군위군
군위군보건소,대구광역시,군위군,대구광역시 군위군 군위읍 군청로 70,,36.2296706,128.5698968,보건소내1층,대구광역시 군위군청,,2025-12-19,5141000,대구광역시 군위군
남악더조은약국,전라남도,무안군,전라남도 무안군 삼향읍 남악3로 50 신우메디칼센터 101호,전라남도 무안군 삼향읍 남악리 2151,34.80999096,126.4606907,,무안군보건소,061-450-5038,2026-01-30,4950000,전라남도 무안군
청계약국,전라남도,무안군,전라남도 무안군 청계면 청계중앙길 3-1,전라남도 무안군 청계면 도림리 466-25,34.90991366,126.4295125,,무안군보건소,061-450-5038,2026-01-30,4950000,전라남도 무안군
제일약국,전라남도,무안군,전라남도 무안군 망운면 압창길 4,전라남도 무안군 망운면 목동리 602-1,35.01209121,126.3918598,,무안군보건소,061-450-5038,2026-01-30,4950000,전라남도 무안군
사랑약국,전라남도,무안군,전라남도 무안군 해제면 현해로 1712,전라남도 무안군 해제면 신정리 128-9,35.11069937,126.2923729,,무안군보건소,061-450-5038,2026-01-30,4950000,전라남도 무안군
건강약국,전라남도,무안군,전라남도 무안군 해제면 현해로 1687,전라남도 무안군 해제면 신정리 1115-1번지,35.11064308,126.2948236,,무안군보건소,061-450-5038,2026-01-30,4950000,전라남도 무안군
시민약국,전라남도,무안군,전라남도 무안군 무안읍 무안중앙로 17-1,전라남도 무안군 무안읍 성남리 5-7,34.98876807,126.4769933,,무안군보건소,061-450-5038,2026-01-30,4950000,전라남도 무안군
운남약국,전라남도,무안군,전라남도 무안군 운남면 운해로 580,전라남도 무안군 운남면 연리 404-2,34.96072074,126.3406481,,무안군보건소,061-450-5038,2026-01-30,4950000,전라남도 무안군
무등약국,전라남도,무안군,전라남도 무안군 무안읍 무안중앙로 4,전라남도 무안군 성동리 873-16번지,34.98847548,126.4784778,,무안군보건소,061-450-5038,2026-01-30,4950000,전라남도 무안군
새열린온누리약국,전라남도,무안군,전라남도 무안군 무안읍 면성1길 113,전라남도 무안군 무안읍 성남리 88번지 1호,34.98790783,126.4740986,,무안군보건소,061-450-5038,2026-01-30,4950000,전라남도 무안군
해제약국,전라남도,무안군,전라남도 무안군 해제면 현해로 1690-5,전라남도 무안군 해제면 신정리 18-2,35.110876,126.2941449,,무안군보건소,061-450-5038,2026-01-30,4950000,전라남도 무안군
전남약국,전라남도,무안군,전라남도 무안군 무안읍 무안중앙로 11,전라남도 무안군 무안읍 성동리 885-5번지,34.98853525,126.477684,,무안군보건소,061-450-5038,2026-01-30,4950000,전라남도 무안군
조은약국,전라남도,무안군,전라남도 무안군 일로읍 일로로 78-2,전라남도 무안군 일로읍 월암리 186번지 355호,34.84906791,126.4947037,,무안군보건소,061-450-5038,2026-01-30,4950000,전라남도 무안군
은혜약국,전라남도,무안군,전라남도 무안군 무안읍 무안중앙로 37,전라남도 무안군 무안읍 성남리 38번지,34.98931993,126.4750171,,무안군보건소,061-450-5038,2026-01-30,4950000,전라남도 무안군
제일온누리약국,전라남도,무안군,"전라남도 무안군 삼향읍 대죽서로15번길 36, 1층 (청우프라자)","전라남도 무안군 삼향읍 남악리 2158, 1층 (청우프라자)",34.81248295,126.4612766,,무안군보건소,061-450-5038,2026-01-30,4950000,전라남도 무안군
나래약국,전라남도,무안군,전라남도 무안군 무안읍 면성1길 111,전라남도 무안군 무안읍 성남리 77-4,34.98816517,126.4742219,,무안군보건소,061-450-5038,2026-01-30,4950000,전라남도 무안군
덕화약국,대구광역시,군위군,대구광역시 군위군 효령면 치산효령로 2385,,36.1531624,128.5819381,,대구광역시 군위군청,,2025-12-19,5141000,대구광역시 군위군
정다운약국,대구광역시,군위군,대구광역시 군위군 우보면 이화길 133,,36.1958711,128.6646179,,대구광역시 군위군청,,2025-12-19,5141000,대구광역시 군위군
화성약국,대구광역시,군위군,대구광역시 군위군 군위읍 동서1길 17-9,,36.2374147,128.5675488,,대구광역시 군위군청,,2025-12-19,5141000,대구광역시 군위군
백세약국,대구광역시,군위군,대구광역시 군위군 군위읍 중앙길 72,,36.2346783,128.5666378,,대구광역시 군위군청,,2025-12-19,5141000,대구광역시 군위군
우리약국,대구광역시,군위군,대구광역시 군위군 군위읍 동서길 37,,36.2361890,128.5661896,,대구광역시 군위군청,,2025-12-19,5141000,대구광역시 군위군
대구약국,대구광역시,군위군,대구광역시 군위군 군위읍 중앙길 88,,36.2361974,128.5669239,,대구광역시 군위군청,,2025-12-19,5141000,대구광역시 군위군
경북약국,대구광역시,군위군,대구광역시 군위군 군위읍 중앙길 89,,36.2363103,128.5665591,,대구광역시 군위군청,,2025-12-19,5141000,대구광역시 군위군
연무읍사무소,충청남도,논산시,충청남도 논산시 연무읍 안심로 50,충청남도 논산시 연무읍 마산리 700-1,36.1251239777,127.0990304969,,충청남도 논산시 자원순환과,041-746-5535,2025-12-22,4540000,충청남도 논산시
내동 모닝빌,충청남도,논산시,충청남도 논산시 체육로 13,충청남도 논산시 내동 1262,36.1885400561,127.0965768273,,충청남도 논산시 자원순환과,041-746-5535,2025-12-22,4540000,충청남도 논산시
논산시보건소,충청남도,논산시,충청남도 논산시 논산대로 382,충청남도 논산시 관촉동 327-2,36.196077385,127.1035647351,,충청남도 논산시 자원순환과,041-746-5535,2025-12-22,4540000,충청남도 논산시
골든타워,충청남도,논산시,충청남도 논산시 논산대로 344,충청남도 논산시 취암동 103-1,36.1934845014,127.0988407934,,충청남도 논산시 자원순환과,041-746-5535,2025-12-22,4540000,충청남도 논산시
힐스테이트자이논산아파트,충청남도,논산시,충청남도 논산시 시민로132번길 7,충청남도 논산시 내동 1105,36.1806521461,127.102768619,,충청남도 논산시 자원순환과,041-746-5535,2025-12-22,4540000,충청남도 논산시
논산시청,충청남도,논산시,충청남도 논산시 시민로210번길 9,충청남도 논산시 내동 824,36.18755728,127.0982527794,,충청남도 논산시 자원순환과,041-746-5535,2025-12-22,4540000,충청남도 논산시
지속가능발전협의회,충청남도,논산시,충청남도 논산시 체육로 110,충청남도 논산시 관촉동 19-1,36.1949865357,127.1019223385,,충청남도 논산시 자원순환과,041-746-5535,2025-12-22,4540000,충청남도 논산시
참사랑아파트,충청남도,논산시,충청남도 논산시 중앙로 266,충청남도 논산시 취암동 83-1,36.1913592898,127.0989010302,,충청남도 논산시 자원순환과,041-746-5535,2025-12-22,4540000,충청남도 논산시
취암주공2단지,충청남도,논산시,충청남도 논산시 논산대로348번길 7,충청남도 논산시 취암동 95,36.1942871667,127.1003635402,,충청남도 논산시 자원순환과,041-746-5535,2025-12-22,4540000,충청남도 논산시
취암주공1단지,충청남도,논산시,충청남도 논산시 중앙로260번길 59-5,충청남도 논산시 취암동 80,36.1912920194,127.1007864211,,충청남도 논산시 자원순환과,041-746-5535,2025-12-22,4540000,충청남도 논산시
내동LH2단지,충청남도,논산시,충청남도 논산시 대학로65번길 19,충청남도 논산시 내동 1109,36.1801952536,127.1038951016,,충청남도 논산시 자원순환과,041-746-5535,2025-12-22,4540000,충청남도 논산시
LH리벤하임,충청남도,논산시,충청남도 논산시 대학로65번길 46,충청남도 논산시 내동 1113,36.1826838866,127.1031159994,,충청남도 논산시 자원순환과,041-746-5535,2025-12-22,4540000,충청남도 논산시
제이파크1단지,충청남도,논산시,충청남도 논산시 시민로258번길 9,충청남도 논산시 내동 272,36.1911846374,127.0960218481,,충청남도 논산시 자원순환과,041-746-5535,2025-12-22,4540000,충청남도 논산시
개나리아파트,충청남도,논산시,충청남도 논산시 시민로222번길 7,충청남도 논산시 내동 967,36.1871466091,127.097138317,,충청남도 논산시 자원순환과,041-746-5535,2025-12-22,4540000,충청남도 논산시
강산동신아파트,충청남도,논산시,충청남도 논산시 시민로307번길 19,충청남도 논산시 강산동 645,36.1917511539,127.0892422811,,충청남도 논산시 자원순환과,041-746-5535,2025-12-22,4540000,충청남도 논산시
동신아파트,충청남도,논산시,충청남도 논산시 체육로 48-6,충청남도 논산시 내동 535,36.1892856704,127.1007828498,,충청남도 논산시 자원순환과,041-746-5535,2025-12-22,4540000,충청남도 논산시
세미클래식아파트,충청남도,논산시,충청남도 논산시 체육로 39,충청남도 논산시 취암동 79,36.190036318,127.0997738825,,충청남도 논산시 자원순환과,041-746-5535,2025-12-22,4540000,충청남도 논산시
강산청솔아파트,충청남도,논산시,충청남도 논산시 논산대로 269-19,충청남도 논산시 강산동 698,36.1913189013,127.0903698078,,충청남도 논산시 자원순환과,041-746-5535,2025-12-22,4540000,충청남도 논산시
대림아파트,충청남도,논산시,충청남도 논산시 대림길 7,충청남도 논산시 부창동 209-4,36.1987310356,127.0838030534,,충청남도 논산시 자원순환과,041-746-5535,2025-12-22,4540000,충청남도 논산시
조흥로즈빌,충청남도,논산시,충청남도 논산시 해월로259번길 14,충청남도 논산시 화지동 16,36.2111924848,127.0940194344,,충청남도 논산시 자원순환과,041-746-5535,2025-12-22,4540000,충청남도 논산시
취암리슈빌,충청남도,논산시,충청남도 논산시 번영로29번길 10,충청남도 논산시 취암동 1081,36.1993990449,127.094062816,,충청남도 논산시 자원순환과,041-746-5535,2025-12-22,4540000,충청남도 논산시
두산아파트,충청남도,논산시,충청남도 논산시 대화로96번길 21,충청남도 논산시 대교동 240,36.2083144038,127.0878557045,,충청남도 논산시 자원순환과,041-746-5535,2025-12-22,4540000,충청남도 논산시
논산대교휴먼시아,충청남도,논산시,충청남도 논산시 대화로 143,충청남도 논산시 대교동 330,36.2124422205,127.0914090894,,충청남도 논산시 자원순환과,041-746-5535,2025-12-22,4540000,충청남도 논산시
논산대교코아루,충청남도,논산시,충청남도 논산시 대화로133번길 13,충청남도 논산시 대교동 336,36.2120151146,127.0895367433,,충청남도 논산시 자원순환과,041-746-5535,2025-12-22,4540000,충청남도 논산시
인터불고코아루,충청남도,논산시,충청남도 논산시 대화로119번길 11,충청남도 논산시 대교동 340,36.2107209817,127.0875983949,,충청남도 논산시 자원순환과,041-746-5535,2025-12-22,4540000,충청남도 논산시
연무기산아파트,충청남도,논산시,충청남도 논산시 연무읍 동안로 870,충청남도 논산시 연무읍 동산리 903-17,36.1340530858,127.1011142415,,충청남도 논산시 자원순환과,041-746-5535,2025-12-22,4540000,충청남도 논산시
월야아파트,충청남도,논산시,충청남도 논산시 연무읍 안심로 250,충청남도 논산시 연무읍 안심리 1065-34,36.1425857857,127.1024692841,,충청남도 논산시 자원순환과,041-746-5535,2025-12-22,4540000,충청남도 논산시
금강빌리지,충청남도,논산시,충청남도 논산시 강경읍 동안로 96,충청남도 논산시 강경읍 산양리 249-2,36.1514054195,127.0223833426,,충청남도 논산시 자원순환과,041-746-5535,2025-12-22,4540000,충청남도 논산시
미주아파트,충청남도,논산시,충청남도 논산시 강경읍 잣디길 13-2,충청남도 논산시 강경읍 산양리 255-3,36.1523179345,127.0195891799,,충청남도 논산시 자원순환과,041-746-5535,2025-12-22,4540000,충청남도 논산시
강경보성아파트,충청남도,논산시,충청남도 논산시 강경읍 금백로 86,충청남도 논산시 강경읍 황산리 11-2,36.1604897415,127.0121617262,,충청남도 논산시 자원순환과,041-746-5535,2025-12-22,4540000,충청남도 논산시
취암동사무소,충청남도,논산시,충청남도 논산시 시민로 389,충청남도 논산시 부창동 37-15,36.1996245149,127.0870494269,,충청남도 논산시 자원순환과,041-746-5535,2025-12-22,4540000,충청남도 논산시
클래시움아파트,충청남도,논산시,충청남도 논산시 강경읍 금백로 74,충청남도 논산시 강경읍 황산리 14-9,36.159711711,127.0131672568,,충청남도 논산시 자원순환과,041-746-5535,2025-12-22,4540000,충청남도 논산시
강경백조아파트,충청남도,논산시,충청남도 논산시 강경읍 금백로 165,충청남도 논산시 강경읍 동흥리 100-1,36.1658853255,127.0169792587,,충청남도 논산시 자원순환과,041-746-5535,2025-12-22,4540000,충청남도 논산시
강경조흥아파트,충청남도,논산시,충청남도 논산시 강경읍 대흥로5번길 37,충청남도 논산시 강경읍 대흥리 35,36.1526636965,127.0124143249,,충청남도 논산시 자원순환과,041-746-5535,2025-12-22,4540000,충청남도 논산시
부영아파트,충청남도,논산시,충청남도 논산시 시민로307번길 28,충청남도 논산시 강산동 643,36.1933908896,127.087664587,,충청남도 논산시 자원순환과,041-746-5535,2025-12-22,4540000,충청남도 논산시
놀뫼아파트,충청남도,논산시,충청남도 논산시 체육로 30,충청남도 논산시 내동 969,36.1890475113,127.099563174,,충청남도 논산시 자원순환과,041-746-5535,2025-12-22,4540000,충청남도 논산시
단골약국,충청남도,논산시,충청남도 논산시 연무읍 안심로 33,충청남도 논산시 연무읍 안심리 78,36.1243683038,127.0976097829,,충청남도 논산시 자원순환과,041-746-5535,2025-12-22,4540000,충청남도 논산시
연무태평양약국,충청남도,논산시,충청남도 논산시 연무읍 안심로110번길 2,충청남도 논산시 연무읍 동산리 897-9,36.1307286048,127.0999267256,,충청남도 논산시 자원순환과,041-746-5535,2025-12-22,4540000,충청남도 논산시
주원약국,충청남도,논산시,충청남도 논산시 연무읍 연무로139번길 23,충청남도 논산시 연무읍 안심리 1-209,36.1330962886,127.0946935353,,충청남도 논산시 자원순환과,041-746-5535,2025-12-22,4540000,충청남도 논산시
수약국,충청남도,논산시,충청남도 논산시 강경읍 계백로 115,충청남도 논산시 강경읍 대흥리 16-10,36.1556695563,127.0135928688,,충청남도 논산시 자원순환과,041-746-5535,2025-12-22,4540000,충청남도 논산시
우리약국,충청남도,논산시,충청남도 논산시 강경읍 계백로 116,충청남도 논산시 강경읍 대흥리 16-20,36.1553861865,127.0138480804,,충청남도 논산시 자원순환과,041-746-5535,2025-12-22,4540000,충청남도 논산시
백세약국,충청남도,논산시,충청남도 논산시 강경읍 계백로 152-1,충청남도 논산시 강경읍 대흥리 23-9,36.1575243521,127.017001349,,충청남도 논산시 자원순환과,041-746-5535,2025-12-22,4540000,충청남도 논산시
옵티마강경제일약국,충청남도,논산시,충청남도 논산시 강경읍 계백로 154,충청남도 논산시 강경읍 대흥리 23-5,36.1576394266,127.0170717197,,충청남도 논산시 자원순환과,041-746-5535,2025-12-22,4540000,충청남도 논산시
솔약국,충청남도,논산시,충청남도 논산시 강경읍 계백로 155,충청남도 논산시 강경읍 대흥리 2-1,36.1580215413,127.017060356,,충청남도 논산시 자원순환과,041-746-5535,2025-12-22,4540000,충청남도 논산시
인삼당약국,충청남도,논산시,충청남도 논산시 강경읍 대흥로 27,충청남도 논산시 강경읍 대흥리 15-2,36.1561469455,127.0134317032,,충청남도 논산시 자원순환과,041-746-5535,2025-12-22,4540000,충청남도 논산시
모자약국,충청남도,논산시,충청남도 논산시 강경읍 옥녀봉로51번길 5,충청남도 논산시 강경읍 중앙리 30-6,36.1625141173,127.0160762034,,충청남도 논산시 자원순환과,041-746-5535,2025-12-22,4540000,충청남도 논산시
효약국,충청남도,논산시,충청남도 논산시 강경읍 황산길 8,충청남도 논산시 강경읍 황산리 36-2,36.1562641991,127.0125442466,,충청남도 논산시 자원순환과,041-746-5535,2025-12-22,4540000,충청남도 논산시
부창약국,충청남도,논산시,충청남도 논산시 체육로 33,충청남도 논산시 내동 382-2,36.1894387308,127.0994469346,,충청남도 논산시 자원순환과,041-746-5535,2025-12-22,4540000,충청남도 논산시
메가약국,충청남도,논산시,충청남도 논산시 중앙로 255,충청남도 논산시 내동 382-32,36.1897726881,127.099156186,,충청남도 논산시 자원순환과,041-746-5535,2025-12-22,4540000,충청남도 논산시
푸른약국,충청남도,논산시,충청남도 논산시 중앙로 258,충청남도 논산시 취암동 83-2,36.1903323183,127.099395144,,충청남도 논산시 자원순환과,041-746-5535,2025-12-22,4540000,충청남도 논산시
논산드림약국,충청남도,논산시,충청남도 논산시 중앙로 274,충청남도 논산시 취암동 103-28,36.1915559545,127.0983274835,,충청남도 논산시 자원순환과,041-746-5535,2025-12-22,4540000,충청남도 논산시
은혜약국,충청남도,논산시,충청남도 논산시 중앙로 423-1,충청남도 논산시 취암동 176-6,36.201585413,127.0872144957,,충청남도 논산시 자원순환과,041-746-5535,2025-12-22,4540000,충청남도 논산시
논산오거리약국,충청남도,논산시,충청남도 논산시 중앙로 424,충청남도 논산시 취암동 1046-6,36.2016929099,127.0877304401,,충청남도 논산시 자원순환과,041-746-5535,2025-12-22,4540000,충청남도 논산시
새보건약국,충청남도,논산시,충청남도 논산시 중앙로 426,충청남도 논산시 취암동 1046-7,36.2017717702,127.0876005431,,충청남도 논산시 자원순환과,041-746-5535,2025-12-22,4540000,충청남도 논산시
반월약국,충청남도,논산시,충청남도 논산시 중앙로 461,충청남도 논산시 반월동 113-1,36.2043630011,127.0848450786,,충청남도 논산시 자원순환과,041-746-5535,2025-12-22,4540000,충청남도 논산시
강산약국,충청남도,논산시,충청남도 논산시 중앙로 472,충청남도 논산시 반월동 67-4,36.2051671059,127.0845171337,,충청남도 논산시 자원순환과,041-746-5535,2025-12-22,4540000,충청남도 논산시
푸른솔약국,충청남도,논산시,충청남도 논산시 중앙로 483,충청남도 논산시 화지동 106-2,36.2058685102,127.0834921874,,충청남도 논산시 자원순환과,041-746-5535,2025-12-22,4540000,충청남도 논산시
현대약국,충청남도,논산시,충청남도 논산시 중앙로 487-1,충청남도 논산시 화지동 101-6,36.2063065786,127.083112572,,충청남도 논산시 자원순환과,041-746-5535,2025-12-22,4540000,충청남도 논산시
논산온누리약국,충청남도,논산시,충청남도 논산시 중앙로 494,충청남도 논산시 화지동 91-9,36.2068440969,127.0831829743,,충청남도 논산시 자원순환과,041-746-5535,2025-12-22,4540000,충청남도 논산시
수정약국,충청남도,논산시,충청남도 논산시 중앙로 498,충청남도 논산시 화지동 87-123,36.207112146,127.083007783,,충청남도 논산시 자원순환과,041-746-5535,2025-12-22,4540000,충청남도 논산시
시민약국,충청남도,논산시,충청남도 논산시 중앙로479번길 1,충청남도 논산시 반월동 161-18,36.205521648,127.0837350103,,충청남도 논산시 자원순환과,041-746-5535,2025-12-22,4540000,충청남도 논산시
논산시장약국,충청남도,논산시,충청남도 논산시 중앙로480번길 11,충청남도 논산시 화지동 69-8,36.2064923603,127.0847208313,,충청남도 논산시 자원순환과,041-746-5535,2025-12-22,4540000,충청남도 논산시
행복약국,충청남도,논산시,충청남도 논산시 중앙로480번길 12,충청남도 논산시 반월동 89-2,36.2060949954,127.0853898235,,충청남도 논산시 자원순환과,041-746-5535,2025-12-22,4540000,충청남도 논산시
대명약국,충청남도,논산시,충청남도 논산시 중앙로480번길 22,충청남도 논산시 반월동 83-3,36.2064663572,127.0856751211,,충청남도 논산시 자원순환과,041-746-5535,2025-12-22,4540000,충청남도 논산시
또매당종로약국,충청남도,논산시,충청남도 논산시 중앙로492번길 11,충청남도 논산시 화지동 76,36.2070459676,127.0843398981,,충청남도 논산시 자원순환과,041-746-5535,2025-12-22,4540000,충청남도 논산시
대우약국,충청남도,논산시,충청남도 논산시 중앙로492번길 19,충청남도 논산시 화지동 45-1,36.207345903,127.0850822654,,충청남도 논산시 자원순환과,041-746-5535,2025-12-22,4540000,충청남도 논산시
한우리약국,충청남도,논산시,충청남도 논산시 해월로 151,충청남도 논산시 반월동 147-1,36.2043933771,127.0838140928,,충청남도 논산시 자원순환과,041-746-5535,2025-12-22,4540000,충청남도 논산시
누리약국,충청남도,논산시,충청남도 논산시 해월로 163,충청남도 논산시 반월동 67-8,36.2051374667,127.0847574008,,충청남도 논산시 자원순환과,041-746-5535,2025-12-22,4540000,충청남도 논산시
성신약국,충청남도,논산시,충청남도 논산시 해월로 165,충청남도 논산시 반월동 67-13,36.2051828417,127.0850756988,,충청남도 논산시 자원순환과,041-746-5535,2025-12-22,4540000,충청남도 논산시
해월약국,충청남도,논산시,충청남도 논산시 해월로 166,충청남도 논산시 반월동 66-6,36.2048742162,127.0852778558,,충청남도 논산시 자원순환과,041-746-5535,2025-12-22,4540000,충청남도 논산시
수암약국,충청남도,논산시,충청남도 논산시 해월로167번길 2,충청남도 논산시 반월동 68-3,36.2054022391,127.0852661967,,충청남도 논산시 자원순환과,041-746-5535,2025-12-22,4540000,충청남도 논산시
놀뫼약국,충청남도,논산시,충청남도 논산시 해월로168번길 2,충청남도 논산시 반월동 66-7,36.2049857265,127.0853600407,,충청남도 논산시 자원순환과,041-746-5535,2025-12-22,4540000,충청남도 논산시
논산태평양약국,충청남도,논산시,충청남도 논산시 해월로168번길 3,충청남도 논산시 반월동 69-5,36.2051002746,127.0856050231,,충청남도 논산시 자원순환과,041-746-5535,2025-12-22,4540000,충청남도 논산시
중앙온누리약국,충청남도,논산시,충청남도 논산시 계백로 1000,충청남도 논산시 취암동 1045-1,36.2030394186,127.0883140489,,충청남도 논산시 자원순환과,041-746-5535,2025-12-22,4540000,충청남도 논산시
성모제일약국,충청남도,논산시,충청남도 논산시 계백로 1001,충청남도 논산시 취암동 608-6,36.2035712296,127.0879316878,,충청남도 논산시 자원순환과,041-746-5535,2025-12-22,4540000,충청남도 논산시
차부약국,충청남도,논산시,충청남도 논산시 계백로 1008,충청남도 논산시 취암동 1040-18,36.2036171206,127.0888809074,,충청남도 논산시 자원순환과,041-746-5535,2025-12-22,4540000,충청남도 논산시
전약국,충청남도,논산시,충청남도 논산시 계백로 1022,충청남도 논산시 취암동 1040-1,36.2042298247,127.0899979044,,충청남도 논산시 자원순환과,041-746-5535,2025-12-22,4540000,충청남도 논산시
현약국,충청남도,논산시,충청남도 논산시 계백로 992,충청남도 논산시 취암동 1045-15,36.2027906228,127.0876653929,,충청남도 논산시 자원순환과,041-746-5535,2025-12-22,4540000,충청남도 논산시
원약국,충청남도,논산시,충청남도 논산시 계백로 995,충청남도 논산시 취암동 605-9,36.2034960213,127.0873819632,,충청남도 논산시 자원순환과,041-746-5535,2025-12-22,4540000,충청남도 논산시
내동온누리약국,충청남도,논산시,충청남도 논산시 대학로65번길 18-1,충청남도 논산시 내동 1195,36.1799054651,127.1049863335,,충청남도 논산시 자원순환과,041-746-5535,2025-12-22,4540000,충청남도 논산시
우리집약국,충청남도,논산시,충청남도 논산시 대화로 57-1,충청남도 논산시 대교동 106-2,36.2078605579,127.0829305095,,충청남도 논산시 자원순환과,041-746-5535,2025-12-22,4540000,충청남도 논산시
대한약국,충청남도,논산시,충청남도 논산시 대화로70번길 17,충청남도 논산시 화지동 47-1,36.2068320721,127.0846521419,,충청남도 논산시 자원순환과,041-746-5535,2025-12-22,4540000,충청남도 논산시
홍약국,충청남도,논산시,충청남도 논산시 시민로 217,충청남도 논산시 내동 399-1,36.1861716213,127.0969949251,,충청남도 논산시 자원순환과,041-746-5535,2025-12-22,4540000,충청남도 논산시
영진약국,충청남도,논산시,충청남도 논산시 시민로 264-3,충청남도 논산시 내동 283-14,36.1901625349,127.0951769902,,충청남도 논산시 자원순환과,041-746-5535,2025-12-22,4540000,충청남도 논산시
미소약국,충청남도,논산시,충청남도 논산시 시민로 424,충청남도 논산시 취암동 594-1,36.2022114065,127.0866936906,,충청남도 논산시 자원순환과,041-746-5535,2025-12-22,4540000,충청남도 논산시
나나약국,충청남도,논산시,충청남도 논산시 시민로132번길 48,충청남도 논산시 내동 1128,36.1806956398,127.1061139185,,충청남도 논산시 자원순환과,041-746-5535,2025-12-22,4540000,충청남도 논산시
신백제대건약국,충청남도,논산시,충청남도 논산시 시민로294번길 8-3,충청남도 논산시 내동 290-5,36.1922382632,127.0935975246,,충청남도 논산시 자원순환과,041-746-5535,2025-12-22,4540000,충청남도 논산시
새백제약국,충청남도,논산시,충청남도 논산시 시민로294번길 13,충청남도 논산시 취암동 517-65,36.1926647835,127.0937378971,,충청남도 논산시 자원순환과,041-746-5535,2025-12-22,4540000,충청남도 논산시
삼성약국,충청남도,논산시,충청남도 논산시 시민로307번길 3,충청남도 논산시 내동 1031,36.1923397933,127.0914280798,,충청남도 논산시 자원순환과,041-746-5535,2025-12-22,4540000,충청남도 논산시
백제프라자약국,충청남도,논산시,충청남도 논산시 시민로331번길 10,충청남도 논산시 취암동 910,36.1944237772,127.0893473797,,충청남도 논산시 자원순환과,041-746-5535,2025-12-22,4540000,충청남도 논산시
남방약국,경상남도,창원시,경상남도 창원시 진해구  충장로329번길  23-1 (경화동),,35.15576558,128.6878552,,남방약국,,2026-01-28,5670000,경상남도 창원시
김약국,경상남도,창원시,"경상남도 창원시 진해구 제황로80번길 2, 1층 (충무동)",,35.15113249,128.666988,,김약국,,2026-01-28,5670000,경상남도 창원시
친우약국,경상남도,창원시,경상남도 창원시 진해구 웅천중로51번길 2 (남문동),,35.11050918,128.7496942,,친우약국,,2026-01-28,5670000,경상남도 창원시
동산약국,경상남도,창원시,경상남도 창원시 진해구 충장로 357 (경화동),,35.15391376,128.6911033,,동산약국,,2026-01-28,5670000,경상남도 창원시
한독약국,경상남도,창원시,경상남도 창원시 진해구 태평로 3 (태평동),,35.1463762,128.6596589,,한독약국,,2026-01-28,5670000,경상남도 창원시
미래약국,경상남도,창원시,경상남도 창원시 진해구 벚꽃로 56-2 (송학동),,35.15078409,128.6625011,,미래약국,,2026-01-28,5670000,경상남도 창원시
제일사약국,경상남도,창원시,"경상남도 창원시 진해구 충장로 142, 1층 (충무동, 제일사약국)",,35.15179117,128.667520,,제일사약국,,2026-01-28,5670000,경상남도 창원시
한바다약국,경상남도,창원시,"경상남도 창원시 진해구 속천로 36, 1층 일부호 (태평동)",,35.14389889,128.6693995,,한바다약국,,2026-01-28,5670000,경상남도 창원시
진해로약국,경상남도,창원시,경상남도 창원시 진해구 충장로 127 (여좌동),,35.15246576,128.6661368,,진해로약국,,2026-01-28,5670000,경상남도 창원시
한솔약국,경상남도,창원시,"경상남도 창원시 진해구 동진로 138 (덕산동, 송림타운 125호)",,35.14501018,128.7027541,,한솔약국,,2026-01-28,5670000,경상남도 창원시
명진약국,경상남도,창원시,"경상남도 창원시 진해구 웅동로 72, 104호 (마천동, 남명프라자)",,35.1245667,128.7841138,,명진약국,,2026-01-28,5670000,경상남도 창원시
보람온누리약국,경상남도,창원시,"경상남도 창원시 진해구 냉천로 91, 103호 (석동, 벚꽃메디칼상가)",,35.153340,128.7067207,,보람온누리약국,,2026-01-28,5670000,경상남도 창원시
현대온누리약국,경상남도,창원시,경상남도 창원시 진해구 용원서로 41 (용원동),,35.10136442,128.8130449,,현대온누리약국,,2026-01-28,5670000,경상남도 창원시
햇님약국,경상남도,창원시,경상남도 창원시 진해구 충장로 133 (여좌동),,35.15247342,128.6666807,,햇님약국,,2026-01-28,5670000,경상남도 창원시
세명약국,경상남도,창원시,경상남도 창원시 진해구 해원로32번길 10 (이동),,35.15449084,128.6979564,,세명약국,,2026-01-28,5670000,경상남도 창원시
조은약국,경상남도,창원시,"경상남도 창원시 진해구 풍호로 11, 1층 (풍호동, 현대치과)",,35.13997593,128.7026967,,조은약국,,2026-01-28,5670000,경상남도 창원시
온정온누리약국,경상남도,창원시,"경상남도 창원시 진해구 충장로 361, 102호 (경화동, 그랜드메디컬)",,35.15395819,128.6916718,,온정온누리약국,,2026-01-28,5670000,경상남도 창원시
늘푸른약국,경상남도,창원시,경상남도 창원시 진해구 냉천로 69 (석동),,35.15243757,128.7047131,,늘푸른약국,,2026-01-28,5670000,경상남도 창원시
진해탑약국,경상남도,창원시,"경상남도 창원시 진해구 중원동로 55, 1층 (중앙동)",,35.14944712,128.6611866,,진해탑약국,,2026-01-28,5670000,경상남도 창원시
토마토약국,경상남도,창원시,경상남도 창원시 진해구 안골로 344 (용원동),,35.10165124,128.8101895,,토마토약국,,2026-01-28,5670000,경상남도 창원시
혜민약국,경상남도,창원시,"경상남도 창원시 진해구 안청북로 33, 102호 (청안동, 풍림근린상가)",,35.10438908,128.8067322,,혜민약국,,2026-01-28,5670000,경상남도 창원시
메디칼약국,경상남도,창원시,"경상남도 창원시 진해구 안청남로 28 (안골동, 메디칼약국)",,35.10100672,128.8060191,,메디칼약국,,2026-01-28,5670000,경상남도 창원시
조은약국,경상남도,창원시,"경상남도 창원시 진해구 용원로7번길 9 (용원동, 서정빌딩 103호)",,35.1012316322,128.8101955127,,조은약국,,2026-01-28,5670000,경상남도 창원시
희망약국,경상남도,창원시,경상남도 창원시 진해구 천자로413번길 4 (풍호동),,35.13554949,128.7101363,,희망약국,,2026-01-28,5670000,경상남도 창원시
향기약국,경상남도,창원시,"경상남도 창원시 진해구 안골로 348, 용원그랜드쇼핑 119호 (용원동)",,35.10204121,128.8102968,,향기약국,,2026-01-28,5670000,경상남도 창원시
태화약국,경상남도,창원시,경상남도 창원시 진해구 충장로 128-1 (충무동),,35.15188948,128.6660475,,태화약국,,2026-01-28,5670000,경상남도 창원시
소나무약국,경상남도,창원시,경상남도 창원시 진해구 안골로 338 (용원동),,35.10128792,128.8099383,,소나무약국,,2026-01-28,5670000,경상남도 창원시
새경남약국,경상남도,창원시,"경상남도 창원시 진해구 용원동로 262 (용원동, 다우리빌딩)",,35.09620677,128.8203144,,새경남약국,,2026-01-28,5670000,경상남도 창원시
예일약국,경상남도,창원시,"경상남도 창원시 진해구 해원로 34, 105호 (이동, 예일빌딩)",,35.15492823,128.6973758,,예일약국,,2026-01-28,5670000,경상남도 창원시
해인약국,경상남도,창원시,"경상남도 창원시 진해구 만금로 19, 116호 (용원동, 그린피아)",,35.09985253,128.822108,,해인약국,,2026-01-28,5670000,경상남도 창원시
힐링약국,경상남도,창원시,"경상남도 창원시 진해구 안골로 339, 107호 (용원동, 코아루아파트상가)",,35.10178408,128.8085413,,힐링약국,,2026-01-28,5670000,경상남도 창원시
큰나무약국,경상남도,창원시,"경상남도 창원시 진해구 진해대로 999, 203호 (자은동, 하이존빌딩)",,35.14026421,128.7078138,,큰나무약국,,2026-01-28,5670000,경상남도 창원시
단비약국,경상남도,창원시,경상남도 창원시 진해구 진해대로 958 (자은동),,35.14421711,128.7068969,,단비약국,,2026-01-28,5670000,경상남도 창원시
용원천지연약국,경상남도,창원시,경상남도 창원시 진해구 용원로 9 (용원동),,35.10066315,128.810539,,용원천지연약국,,2026-01-28,5670000,경상남도 창원시
석동태화약국,경상남도,창원시,"경상남도 창원시 진해구 냉천로 83, 석동메티칼빌딩 1층 109호 (석동)",,35.1531411,128.7061188,,석동태화약국,,2026-01-28,5670000,경상남도 창원시
동인당약국,경상남도,창원시,"경상남도 창원시 진해구 충장로 111 (여좌동, 동인당약국)",,35.15255633,128.6642687,,동인당약국,,2026-01-28,5670000,경상남도 창원시
메디팜명성약국,경상남도,창원시,"경상남도 창원시 진해구 충장로 128 (충무동, 파티마 안과)",,35.15172569,128.6658798,,메디팜명성약국,,2026-01-28,5670000,경상남도 창원시
일등약국,경상남도,창원시,"경상남도 창원시 진해구 냉천로 87, 103호 (석동, Y-Zone)",,35.1532635,128.7064442,,일등약국,,2026-01-28,5670000,경상남도 창원시
우림약국,경상남도,창원시,"경상남도 창원시 진해구 해원로 43 (석동, 우림필유)",,35.1557878,128.6972677,,우림약국,,2026-01-28,5670000,경상남도 창원시
진해역원약국,경상남도,창원시,"경상남도 창원시 진해구 충장로 82 (충무동, 동양장여관)",,35.15233486,128.6610941,,진해역원약국,,2026-01-28,5670000,경상남도 창원시
코끼리약국,경상남도,창원시,"경상남도 창원시 진해구 안골로 336, 104호 (용원동, 형제빌딩)",,35.10109543,128.8098779,,코끼리약국,,2026-01-28,5670000,경상남도 창원시
건강온누리약국,경상남도,창원시,경상남도 창원시 진해구 충장로657번길 28 (장천동),,35.13055202,128.7065878,,건강온누리약국,,2026-01-28,5670000,경상남도 창원시
진해일등약국,경상남도,창원시,경상남도 창원시 진해구 충장로 136-1 (충무동),,35.15182961,128.6668424,,진해일등약국,,2026-01-28,5670000,경상남도 창원시
하나온누리약국,경상남도,창원시,"경상남도 창원시 진해구 진해대로776번길 25, 103호 (이동, 상보빌딩)",,35.15641018,128.698522,,하나온누리약국,,2026-01-28,5670000,경상남도 창원시
장천드림약국,경상남도,창원시,경상남도 창원시 진해구 충장로657번길 30 (장천동),,35.13059789,128.7070035,,장천드림약국,,2026-01-28,5670000,경상남도 창원시
조양약국,경상남도,창원시,경상남도 창원시 진해구 충장로 126 (충무동),,35.15188549,128.6657218,,조양약국,,2026-01-28,5670000,경상남도 창원시
조이약국,경상남도,창원시,"경상남도 창원시 진해구 충장로 121, 조이약국 (여좌동)",,35.15250938,128.6653768,,조이약국,,2026-01-28,5670000,경상남도 창원시
푸른솔약국,경상남도,창원시,"경상남도 창원시 진해구 풍호로3번길 4, 푸른솔약국 (풍호동)",,35.13990789,128.701837,,푸른솔약국,,2026-01-28,5670000,경상남도 창원시
신남문약국,경상남도,창원시,"경상남도 창원시 진해구 웅천동로 126, 1층 103호 (남문동)",,35.10645343,128.7510153,,신남문약국,,2026-01-28,5670000,경상남도 창원시
새현대약국,경상남도,창원시,"경상남도 창원시 진해구 충장로657번길 20, 1층 107호 (장천동)",,35.13057375,128.7057356,,새현대약국,,2026-01-28,5670000,경상남도 창원시
애플약국,경상남도,창원시,"경상남도 창원시 진해구 신항동로 141, 115호 (용원동, 애플타운 헤리티지)",,35.08835963,128.8134894,,애플약국,,2026-01-28,5670000,경상남도 창원시
녹원박인약국,경상남도,창원시,"경상남도 창원시 진해구 충장로 132-1, 1층 (충무동)",,35.15185891,128.6665603,,녹원박인약국,,2026-01-28,5670000,경상남도 창원시
용한약국,경상남도,창원시,"경상남도 창원시 진해구 신항4로 49, 1층 (용원동)",,35.08771679,128.817906,,용한약국,,2026-01-28,5670000,경상남도 창원시
청솔약국,경상남도,창원시,"경상남도 창원시 진해구 진해대로921번길 6, 우리연합의원 (자은동)",,35.14713172,128.7076611,,청솔약국,,2026-01-28,5670000,경상남도 창원시
다나약국,경상남도,창원시,"경상남도 창원시 진해구 웅천동로106번길 31, 센텀빌딩 1동 109호 (남문동)",,35.10525185,128.7528465,,다나약국,,2026-01-28,5670000,경상남도 창원시
행복한약국,경상남도,창원시,"경상남도 창원시 진해구 냉천로 91, 벚꽃메디칼상가 (석동)",,35.153340,128.7067207,,행복한약국,,2026-01-28,5670000,경상남도 창원시
썬희망약국,경상남도,창원시,경상남도 창원시 진해구 용원로 17 (용원동),,35.10037369,128.8114071,,썬희망약국,,2026-01-28,5670000,경상남도 창원시
바른약국,경상남도,창원시,"경상남도 창원시 진해구 진해대로 762, 롯데마트 2층 (석동)",,35.15816462,128.6987576,,바른약국,,2026-01-28,5670000,경상남도 창원시
진약국,경상남도,창원시,"경상남도 창원시 진해구 행암로 12, MS빌딩 303호 (장천동)",,35.13042291,128.7081133,,진약국,,2026-01-28,5670000,경상남도 창원시
건강약국,경상남도,창원시,"경상남도 창원시 진해구 장복대로 171, 다온빌딩 104호 (자은동)",,35.15514663,128.7127192,,건강약국,,2026-01-28,5670000,경상남도 창원시
하나약국,경상남도,창원시,"경상남도 창원시 진해구 신항4로 47-26, 마린타워 105.106호 (용원동)",,35.08771315,128.8153829,,하나약국,,2026-01-28,5670000,경상남도 창원시
석동2층약국,경상남도,창원시,"경상남도 창원시 진해구 진해대로 752, 롯데시네마 2층 203호 일부호 (석동)",,35.15881779,128.6974236,,석동2층약국,,2026-01-28,5670000,경상남도 창원시
하나로약국,경상남도,창원시,"경상남도 창원시 진해구 진해대로776번길 28, 진해농협종합회관(하나로마트, 약국코너) (석동)",,35.15660685,128.698128,,하나로약국,,2026-01-28,5670000,경상남도 창원시
벚꽃약국,경상남도,창원시,"경상남도 창원시 진해구 진해대로1026번길 4, 더연리지 1층 108호 (풍호동)",,35.13805871,128.7071179,,벚꽃약국,,2026-01-28,5670000,경상남도 창원시
용원어시장약국,경상남도,창원시,"경상남도 창원시 진해구 용원동로 231, 1층 105,120호 (용원동)",,35.09358764,128.8186095,,용원어시장약국,,2026-01-28,5670000,경상남도 창원시
진해서울약국,경상남도,창원시,"경상남도 창원시 진해구 진해대로776번길 27, 104호 (이동)",,35.15613697,128.6984032,,진해서울약국,,2026-01-28,5670000,경상남도 창원시
튼튼약국,경상남도,창원시,"경상남도 창원시 진해구 남영로 56, 더원프라자  1층 102호 (남문동)",,35.10560806,128.7518774,,튼튼약국,,2026-01-28,5670000,경상남도 창원시
올리브약국,경상남도,창원시,"경상남도 창원시 진해구 용원서로 44, 102호 (용원동)",,35.10148752,128.8135755,,올리브약국,,2026-01-28,5670000,경상남도 창원시
그랜드약국,경상남도,창원시,"경상남도 창원시 진해구 냉천로 51, 진해메디칼 102-2호 (석동)",,35.15181028,128.7029668,,그랜드약국,,2026-01-28,5670000,경상남도 창원시
튼튼우리약국,경상남도,창원시,"경상남도 창원시 진해구 용원로 9, 114호 (용원동)",,35.10066315,128.810539,,튼튼우리약국,,2026-01-28,5670000,경상남도 창원시
더편한약국,경상남도,창원시,"경상남도 창원시 진해구 냉천로 83, 105호 (석동)",,35.1531411,128.7061188,,더편한약국,,2026-01-28,5670000,경상남도 창원시
경화약국,경상남도,창원시,"경상남도 창원시 진해구 경화시장로 9, 103호 (경화동)",,35.15451717,128.6906808,,경화약국,,2026-01-28,5670000,경상남도 창원시
이층열린약국,경상남도,창원시,"경상남도 창원시 진해구 안골로 348, 용원그랜드쇼핑 212호 (용원동)",,35.10204121,128.8102968,,이층열린약국,,2026-01-28,5670000,경상남도 창원시
정다운약국,경상남도,창원시,"경상남도 창원시 진해구 냉천로 87, Y-Zone 102호 (석동)",,35.1532635,128.7064442,,정다운약국,,2026-01-28,5670000,경상남도 창원시
웅동2동행정복지센터,경상남도,창원시,경상남도 창원시 진해구 용재로 46,,35.10115218,128.8147496,,웅동2동행정복지센터,,2026-01-28,5670000,경상남도 창원시
웅동1동행정복지센터,경상남도,창원시,경상남도 창원시 진해구 웅동로57번가길 6,,35.12575733,128.7828257,,웅동1동행정복지센터,,2026-01-28,5670000,경상남도 창원시
웅천동행정복지센터,경상남도,창원시,경상남도 창원시 진해구 웅천중로 59,,35.11130181,128.7495937,,웅천동행정복지센터,,2026-01-28,5670000,경상남도 창원시
풍호동행정복지센터,경상남도,창원시,경상남도 창원시 진해구 진해대로1034번길 6,,35.13757993,128.7073261,,풍호동행정복지센터,,2026-01-28,5670000,경상남도 창원시
덕산동행정복지센터,경상남도,창원시,경상남도 창원시 진해구 동진로157번길 5,,35.1433504,128.7037668,,덕산동행정복지센터,,2026-01-28,5670000,경상남도 창원시
자은동행정복지센터,경상남도,창원시,경상남도 창원시 진해구 덕산로51번길 12,,35.14716551,128.7054675,,자은동행정복지센터,,2026-01-28,5670000,경상남도 창원시
이동행정복지센터,경상남도,창원시,경상남도 창원시 진해구 냉천로12번길 9,,35.1493592,128.6999136,,이동행정복지센터,,2026-01-28,5670000,경상남도 창원시
석동행정복지센터,경상남도,창원시,경상남도 창원시 진해구 돌리로 3,,35.15863104,128.7000339,,석동행정복지센터,,2026-01-28,5670000,경상남도 창원시
병암동행정복지센터,경상남도,창원시,경상남도 창원시 진해구 경화로16번길 31,,35.15497715,128.6895579,,병암동행정복지센터,,2026-01-28,5670000,경상남도 창원시
경화동행정복지센터,경상남도,창원시,경상남도 창원시 진해구 경화로8번길 5,,35.15434491,128.6868959,,경화동행정복지센터,,2026-01-28,5670000,경상남도 창원시
태백동행정복지센터,경상남도,창원시,경상남도 창원시 진해구 중초로9번길 38,,35.15387728,128.6773874,,태백동행정복지센터,,2026-01-28,5670000,경상남도 창원시
여좌동행정복지센터,경상남도,창원시,경상남도 창원시 진해구 여명로 77,,35.15853388,128.6603784,,여좌동행정복지센터,,2026-01-28,5670000,경상남도 창원시
충무동행정복지센터,경상남도,창원시,경상남도 창원시 진해구 중원로74번길 6,,35.15050773,128.6603422,,충무동행정복지센터,,2026-01-28,5670000,경상남도 창원시
진해동부건강생활지원센터,경상남도,창원시,경상남도 창원시 진해구 용원로41번길 8,,35.10025913,128.8143601,,진해동부건강생활지원센터,,2026-01-28,5670000,경상남도 창원시
진해보건소 서부보건지소,경상남도,창원시,경상남도 창원시 진해구 중원동로 62,,35.14989059,128.6619377,,진해보건소 서부보건지소,,2026-01-28,5670000,경상남도 창원시
진해보건소,경상남도,창원시,경상남도 창원시 진해구 진해대로 1101,,35.13143486,128.7101611,,진해보건소,,2026-01-28,5670000,경상남도 창원시
산호제일약국,경상남도,창원시,"경상남도 창원시 마산합포구 용마로 51 (산호동, 참빛제일의원)",,35.21836736,128.5803005,,산호제일약국,,2026-01-28,5670000,경상남도 창원시
대우약국,경상남도,창원시,경상남도 창원시 마산합포구 삼호로 53 (산호동),,35.22206207,128.5848356,,대우약국,,2026-01-28,5670000,경상남도 창원시
메디팜양지약국,경상남도,창원시,"경상남도 창원시 마산합포구 3·15대로 152 (중앙동2가, 득양빌딩)",,35.19205485,128.5648479,,메디팜양지약국,,2026-01-28,5670000,경상남도 창원시
종근당미보약국,경상남도,창원시,"경상남도 창원시 마산합포구 북성로 2 (중성동, 종근당미보약국)",,35.20787278,128.5738157,,종근당미보약국,,2026-01-28,5670000,경상남도 창원시
보배약국,경상남도,창원시,"경상남도 창원시 마산합포구 교방시장2길 31 (교방동, 신우빌라상가1차)",,35.21644015,128.5628442,,보배약국,,2026-01-28,5670000,경상남도 창원시
온누리뿌리약국,경상남도,창원시,경상남도 창원시 마산합포구 3·15대로 259 (중앙동3가),,35.20146974,128.5671962,,온누리뿌리약국,,2026-01-28,5670000,경상남도 창원시
수경약국,경상남도,창원시,"경상남도 창원시 마산합포구 자산서14길 95 (자산동, 상진힐프라자)",,35.20148442,128.5588415,,수경약국,,2026-01-28,5670000,경상남도 창원시
상록수약국,경상남도,창원시,"경상남도 창원시 마산합포구 장장군로 31 (장군동4가, 상록수약국)",,35.19698556,128.565599,,상록수약국,,2026-01-28,5670000,경상남도 창원시
보선약국,경상남도,창원시,경상남도 창원시 마산합포구 합포로 36 (남성동),,35.20354877,128.5760502,,보선약국,,2026-01-28,5670000,경상남도 창원시
신마산태평양약국,경상남도,창원시,경상남도 창원시 마산합포구 해안대로 3 (월남동5가),,35.18067669,128.5592922,,신마산태평양약국,,2026-01-28,5670000,경상남도 창원시
동그라미약국,경상남도,창원시,경상남도 창원시 마산합포구 반월동5길 6 (중앙동1가),,35.19002153,128.5628894,,동그라미약국,,2026-01-28,5670000,경상남도 창원시
반도약국,경상남도,창원시,경상남도 창원시 마산합포구 북성로 85-1 (상남동),,35.21492999,128.5704936,,반도약국,,2026-01-28,5670000,경상남도 창원시
대화약국,경상남도,창원시,"경상남도 창원시 마산합포구 완월동8길 27 (장군동4가, 녹턴음악원)",,35.19826748,128.5655926,,대화약국,,2026-01-28,5670000,경상남도 창원시
편한약국,경상남도,창원시,경상남도 창원시 마산합포구 아구찜길 1 (동성동),,35.20561173,128.5783307,,편한약국,,2026-01-28,5670000,경상남도 창원시
가우정약국,경상남도,창원시,"경상남도 창원시 마산합포구 월영마을로 10 (월영동, 월영대동아파트)",,35.17534815,128.5578725,,가우정약국,,2026-01-28,5670000,경상남도 창원시
신약국,경상남도,창원시,경상남도 창원시 마산합포구 진동면 삼진의거대로 640,,35.1156023,128.4875708,,신약국,,2026-01-28,5670000,경상남도 창원시
경성온누리약국,경상남도,창원시,경상남도 창원시 마산합포구 문화북1길 25 (두월동1가),,35.18794586,128.5614309,,경성온누리약국,,2026-01-28,5670000,경상남도 창원시
미래약국,경상남도,창원시,경상남도 창원시 마산합포구 3·15대로 30 (월남동4가),,35.18247888,128.5594552,,미래약국,,2026-01-28,5670000,경상남도 창원시
심약국,경상남도,창원시,"경상남도 창원시 마산합포구 해안대로 1, 삼우빌딩 201-1호 (월남동5가)",,35.18079296,128.5590674,,심약국,,2026-01-28,5670000,경상남도 창원시
이화약국,경상남도,창원시,경상남도 창원시 마산합포구 합포로 108 (오동동),,35.20800718,128.5816686,,이화약국,,2026-01-28,5670000,경상남도 창원시
미주약국,경상남도,창원시,"경상남도 창원시 마산합포구 서성로 48 (신포동2가, 대우메디칼빌딩)",,35.20135168,128.5717701,,미주약국,,2026-01-28,5670000,경상남도 창원시
장수당약국,경상남도,창원시,"경상남도 창원시 마산합포구 가포로 8 (해운동, 선진빌딩)",,35.1793961,128.5581444,,장수당약국,,2026-01-28,5670000,경상남도 창원시
경남약국,경상남도,창원시,경상남도 창원시 마산합포구 합포로 26-1 (남성동),,35.20296611,128.5751922,,경남약국,,2026-01-28,5670000,경상남도 창원시
오동약국,경상남도,창원시,경상남도 창원시 마산합포구 합포로 80 (오동동),,35.20608118,128.5796991,,오동약국,,2026-01-28,5670000,경상남도 창원시
명성약국,경상남도,창원시,경상남도 창원시 마산합포구 산호북6길 26 (산호동),,35.2190944,128.5868641,,명성약국,,2026-01-28,5670000,경상남도 창원시
명지약국,경상남도,창원시,경상남도 창원시 마산합포구 3·15대로 238-1 (중앙동3가),,35.19947203,128.5675322,,명지약국,,2026-01-28,5670000,경상남도 창원시
대우당약국,경상남도,창원시,경상남도 창원시 마산합포구 3·15대로 240 (중앙동3가),,35.1995779,128.5675274,,대우당약국,,2026-01-28,5670000,경상남도 창원시
새푸른약국,경상남도,창원시,경상남도 창원시 마산합포구 합포로 64 (동성동),,35.20504805,128.5782444,,새푸른약국,,2026-01-28,5670000,경상남도 창원시
행복한약국,경상남도,창원시,경상남도 창원시 마산합포구 합포로 73 (오동동),,35.20596419,128.5790228,,행복한약국,,2026-01-28,5670000,경상남도 창원시
산호약국,경상남도,창원시,경상남도 창원시 마산합포구 허당로 50 (산호동),,35.21061932,128.5813587,,산호약국,,2026-01-28,5670000,경상남도 창원시
시장약국,경상남도,창원시,경상남도 창원시 마산합포구 진동면 해양관광로 19,,35.11326063,128.4869395,,시장약국,,2026-01-28,5670000,경상남도 창원시
밝은연세약국,경상남도,창원시,경상남도 창원시 마산합포구 문화동4길 6 (월남동2가),,35.1866358,128.5619208,,밝은연세약국,,2026-01-28,5670000,경상남도 창원시
동진한약국,경상남도,창원시,경상남도 창원시 마산합포구 3·15대로 27 (월남동4가),,35.18241939,128.5589936,,동진한약국,,2026-01-28,5670000,경상남도 창원시
미래팜삼진약국,경상남도,창원시,경상남도 창원시 마산합포구 진동면 서촌숲끝길 3,,35.11590522,128.4872175,,미래팜삼진약국,,2026-01-28,5670000,경상남도 창원시
새광성약국,경상남도,창원시,"경상남도 창원시 마산합포구 불종거리로 19 (동성동, 참여성병원)",,35.20608124,128.5762727,,새광성약국,,2026-01-28,5670000,경상남도 창원시
맑은약국,경상남도,창원시,경상남도 창원시 마산합포구 월영동로 1 (해운동),,35.18043783,128.562734,,맑은약국,,2026-01-28,5670000,경상남도 창원시
장군약국,경상남도,창원시,경상남도 창원시 마산합포구 장군천로 32 (장군동3가),,35.19655065,128.5654087,,장군약국,,2026-01-28,5670000,경상남도 창원시
새건강약국,경상남도,창원시,경상남도 창원시 마산합포구 합포로 82 (동성동),,35.20614448,128.5797658,,새건강약국,,2026-01-28,5670000,경상남도 창원시
홍약국,경상남도,창원시,"경상남도 창원시 마산합포구 진동면 삼진의거대로 618, 지상1층 102호",,35.11442191,128.4858964,,홍약국,,2026-01-28,5670000,경상남도 창원시
배약국,경상남도,창원시,경상남도 창원시 마산합포구 문화동4길 9 (월남동2가),,35.18636159,128.5620646,,배약국,,2026-01-28,5670000,경상남도 창원시
성가정약국,경상남도,창원시,경상남도 창원시 마산합포구 월영남로 42 (월영동),,35.17485774,128.5585626,,성가정약국,,2026-01-28,5670000,경상남도 창원시
코끼리약국,경상남도,창원시,경상남도 창원시 마산합포구 문화동15길 25 (창포동1가),,35.18176139,128.560946,,코끼리약국,,2026-01-28,5670000,경상남도 창원시
백두산약국,경상남도,창원시,경상남도 창원시 마산합포구 3·15대로 166 (중앙동2가),,35.19318443,128.565659,,백두산약국,,2026-01-28,5670000,경상남도 창원시
우리들약국,경상남도,창원시,"경상남도 창원시 마산합포구 3·15대로 192, 중앙메디칼1층층 (중앙동2가)",,35.19521526,128.5671521,,우리들약국,,2026-01-28,5670000,경상남도 창원시
한독약국,경상남도,창원시,경상남도 창원시 마산합포구 합포로 28 (남성동),,35.20304062,128.575464,,한독약국,,2026-01-28,5670000,경상남도 창원시
늘푸른약국,경상남도,창원시,경상남도 창원시 마산합포구 3·15대로 6 (해운동),,35.1802653,128.5588421,,늘푸른약국,,2026-01-28,5670000,경상남도 창원시
오성약국,경상남도,창원시,경상남도 창원시 마산합포구 해안대로 15 (해운동),,35.1805589,128.5605999764,,오성약국,,2026-01-28,5670000,경상남도 창원시
무학약국,경상남도,창원시,경상남도 창원시 마산합포구 자산삼거리로 2 (자산동),,35.20228096,128.5674461,,무학약국,,2026-01-28,5670000,경상남도 창원시
365청솔약국,경상남도,창원시,"경상남도 창원시 마산합포구 해안대로 7 (월남동5가, 경남은행)",,35.18079009,128.5597524,,365청솔약국,,2026-01-28,5670000,경상남도 창원시
마산정약국,경상남도,창원시,"경상남도 창원시 마산합포구 현동4길 5, 성원빌딩 지상1층 102호 (현동)",,35.15089596,128.5531936,,마산정약국,,2026-01-28,5670000,경상남도 창원시
새한독약국,경상남도,창원시,"경상남도 창원시 마산합포구 완월동15길 15 (장군동4가, 청원그린빌라)",,35.19971009,128.5662821,,새한독약국,,2026-01-28,5670000,경상남도 창원시
수약국,경상남도,창원시,"경상남도 창원시 마산합포구 현동4길 4, 1층 104호 (우산동)",,35.15149827,128.5532141,,수약국,,2026-01-28,5670000,경상남도 창원시
새봄안약국,경상남도,창원시,"경상남도 창원시 마산합포구 천하장사로 87 (상남동, 우신뉴타워아파트)",,35.2114599,128.5726218,,새봄안약국,,2026-01-28,5670000,경상남도 창원시
드림약국,경상남도,창원시,경상남도 창원시 마산합포구 3·15대로 243 (중앙동3가),,35.20000867,128.5670766,,드림약국,,2026-01-28,5670000,경상남도 창원시
비타약국,경상남도,창원시,경상남도 창원시 마산합포구 삼호로 45 (산호동),,35.22145164,128.5853744,,비타약국,,2026-01-28,5670000,경상남도 창원시
가고파 약국,경상남도,창원시,경상남도 창원시 마산합포구 완월동15길 22 (장군동5가),,35.19985818,128.5660376,,가고파 약국,,2026-01-28,5670000,경상남도 창원시
시민약국,경상남도,창원시,경상남도 창원시 마산합포구 남성로 169 (동성동),,35.20551665,128.5783448,,시민약국,,2026-01-28,5670000,경상남도 창원시
큰마산약국,경상남도,창원시,경상남도 창원시 마산합포구 완월동15길 20 (장군동5가),,35.19986153,128.5661618,,큰마산약국,,2026-01-28,5670000,경상남도 창원시
현동약국,경상남도,창원시,경상남도 창원시 마산합포구 현동로 38 (우산동),,35.15187498,128.5529413,,현동약국,,2026-01-28,5670000,경상남도 창원시
진동 행복한약국,경상남도,창원시,"경상남도 창원시 마산합포구 진동면 삼진의거대로 654, 진동농업협동조합",,35.1162919,128.4890131,,진동 행복한약국,,2026-01-28,5670000,경상남도 창원시
조은약국,경상남도,창원시,"경상남도 창원시 마산합포구 월영남로 3, 1층 107호 (해운동)",,35.17843979,128.558628,,조은약국,,2026-01-28,5670000,경상남도 창원시
굿모닝약국,경상남도,창원시,경상남도 창원시 마산합포구 문화동4길 13-8 (월남동2가),,35.18608564,128.5618894,,굿모닝약국,,2026-01-28,5670000,경상남도 창원시
유명약국,경상남도,창원시,"경상남도 창원시 마산합포구 진동면 진북산업로 31, 1층",,35.1190297,128.4878796,,유명약국,,2026-01-28,5670000,경상남도 창원시
이지약국,경상남도,창원시,"경상남도 창원시 마산합포구 3·15대로 261, 1층 101호 (중앙동3가)",,35.20163842,128.5672408,,이지약국,,2026-01-28,5670000,경상남도 창원시
더조은약국,경상남도,창원시,경상남도 창원시 마산합포구 문화동4길 13 (월남동2가),,35.18620401,128.5620754,,더조은약국,,2026-01-28,5670000,경상남도 창원시
김약국,경상남도,창원시,"경상남도 창원시 마산합포구 진동면 삼진의거대로 634, 김약국",,35.1153764,128.4871408,,김약국,,2026-01-28,5670000,경상남도 창원시
마산어시장약국,경상남도,창원시,경상남도 창원시 마산합포구 합포로 42 (남성동),,35.20378966,128.5764249,,마산어시장약국,,2026-01-28,5670000,경상남도 창원시
새한빛약국,경상남도,창원시,"경상남도 창원시 마산합포구 월영동2길 3, 은아상가 105호 (해운동)",,35.1795797,128.5585985,,새한빛약국,,2026-01-28,5670000,경상남도 창원시
참편한약국,경상남도,창원시,"경상남도 창원시 마산합포구 3·15대로 291, 스마트 (서성동)",,35.20315535,128.5698721,,참편한약국,,2026-01-28,5670000,경상남도 창원시
현동미소약국,경상남도,창원시,"경상남도 창원시 마산합포구 현동1길 4-10, 102호 (현동)",,35.14717587,128.5579595,,현동미소약국,,2026-01-28,5670000,경상남도 창원시
중앙약국,경상남도,창원시,"경상남도 창원시 마산합포구 3·15대로 187, 중앙약국 지상1층 (중앙동2가)",,35.19511267,128.5665549,,중앙약국,,2026-01-28,5670000,경상남도 창원시
선한약국,경상남도,창원시,"경상남도 창원시 마산합포구 가포순환로 33, 상가1동 208-1호 (월영동, 마린애시앙부영)",,35.17410359,128.5646413,,선한약국,,2026-01-28,5670000,경상남도 창원시
다온약국,경상남도,창원시,"경상남도 창원시 마산합포구 동서동2길 60, 마산웰메이드시티306호 (신포동2가)",,35.20195261,128.5741573,,다온약국,,2026-01-28,5670000,경상남도 창원시
한신당약국,경상남도,창원시,"경상남도 창원시 마산합포구 3·15대로 328, 혜성메디컬 1층 101호 (서성동)",,35.20432224,128.5723611,,한신당약국,,2026-01-28,5670000,경상남도 창원시
웰빙약국,경상남도,창원시,"경상남도 창원시 마산합포구 해안대로 7, 6층 612, 613호 (월남동5가)",,35.18079009,128.5597524,,웰빙약국,,2026-01-28,5670000,경상남도 창원시
산호당약국,경상남도,창원시,"경상남도 창원시 마산회원구 3·15대로 778 (합성동, 정비인후과의원)",,35.24077498,128.5846992,,산호당약국,,2026-01-28,5670000,경상남도 창원시
코오롱약국,경상남도,창원시,경상남도 창원시 마산회원구 내서읍 호원로 361-2 (코오롱하늘채1차아파트),,35.26570599,128.5256081,,코오롱약국,,2026-01-28,5670000,경상남도 창원시
성진약국,경상남도,창원시,경상남도 창원시 마산회원구 회원남로 81 (회원동),,35.21931641,128.5701243,,성진약국,,2026-01-28,5670000,경상남도 창원시
건민약국,경상남도,창원시,경상남도 창원시 마산회원구 북성로 116 (회원동),,35.21741569,128.5706744,,건민약국,,2026-01-28,5670000,경상남도 창원시
수정약국,경상남도,창원시,경상남도 창원시 마산회원구 팔용로 155 (구암동),,35.24287723,128.5907882,,수정약국,,2026-01-28,5670000,경상남도 창원시
청파약국,경상남도,창원시,경상남도 창원시 마산회원구 회원북13길 9 (회원동),,35.22160973,128.5704415,,청파약국,,2026-01-28,5670000,경상남도 창원시
아이숲약국,경상남도,창원시,경상남도 창원시 마산회원구 3·15대로 597 (석전동),,35.22743859,128.5736447,,아이숲약국,,2026-01-28,5670000,경상남도 창원시
한미약국,경상남도,창원시,경상남도 창원시 마산회원구 석전동5길 24 (석전동),,35.23082191,128.5746494,,한미약국,,2026-01-28,5670000,경상남도 창원시
건강사약국,경상남도,창원시,경상남도 창원시 마산회원구 북성로 109 (회원동),,35.21695213,128.5703098,,건강사약국,,2026-01-28,5670000,경상남도 창원시
새삼정약국,경상남도,창원시,"경상남도 창원시 마산회원구 양덕서8길 25 (양덕동, 한일타운1차아파트)",,35.23175917,128.579610,,새삼정약국,,2026-01-28,5670000,경상남도 창원시
삼계약국,경상남도,창원시,경상남도 창원시 마산회원구 내서읍 삼계5길 13,,35.23134608,128.5035801,,삼계약국,,2026-01-28,5670000,경상남도 창원시
성민약국,경상남도,창원시,경상남도 창원시 마산회원구 내서읍 중리상곡로 78,,35.24761215,128.5087652,,성민약국,,2026-01-28,5670000,경상남도 창원시
참사랑약국,경상남도,창원시,경상남도 창원시 마산회원구 양덕동2길 5 (양덕동),,35.22185105,128.590013,,참사랑약국,,2026-01-28,5670000,경상남도 창원시
구암약국,경상남도,창원시,"경상남도 창원시 마산회원구 구암서1길 51 (구암동, 문윤수치과의원)",,35.24780941,128.5921912,,구암약국,,2026-01-28,5670000,경상남도 창원시
뜰에봄약국,경상남도,창원시,경상남도 창원시 마산회원구 3·15대로 669 (석전동),,35.23292304,128.5778262,,뜰에봄약국,,2026-01-28,5670000,경상남도 창원시
주차장약국,경상남도,창원시,경상남도 창원시 마산회원구 3·15대로 750 (합성동),,35.23869084,128.5831259,,주차장약국,,2026-01-28,5670000,경상남도 창원시
건강약국,경상남도,창원시,경상남도 창원시 마산회원구 내서읍 상곡로 19 (신성네스트빌),,35.24243572,128.5030198,,건강약국,,2026-01-28,5670000,경상남도 창원시
맘편 한약국,경상남도,창원시,"경상남도 창원시 마산회원구 내서읍 광려로 37, 대동2차상가동 1층 107호",,35.2232949,128.5028324,,맘편 한약국,,2026-01-28,5670000,경상남도 창원시
대진약국,경상남도,창원시,경상남도 창원시 마산회원구 북성로 309 (회성동),,35.23272652,128.5637002,,대진약국,,2026-01-28,5670000,경상남도 창원시
메디팜열린약국,경상남도,창원시,경상남도 창원시 마산회원구 내서읍 상곡로 26-1,,35.24295811,128.502364,,메디팜열린약국,,2026-01-28,5670000,경상남도 창원시
영광약국,경상남도,창원시,경상남도 창원시 마산회원구 내서읍 호원로 180-1,,35.25012464,128.5223767,,영광약국,,2026-01-28,5670000,경상남도 창원시
부부약국,경상남도,창원시,경상남도 창원시 마산회원구 3·15대로 728 (합성동),,35.23695166,128.5818633,,부부약국,,2026-01-28,5670000,경상남도 창원시
보생 한약국,경상남도,창원시,경상남도 창원시 마산회원구 합성남9길 49 (합성동),,35.2390156127,128.5872144483,,보생 한약국,,2026-01-28,5670000,경상남도 창원시
메디팜중앙약국,경상남도,창원시,경상남도 창원시 마산회원구 내서읍 삼계4길 17,,35.23300295,128.5036433,,메디팜중앙약국,,2026-01-28,5670000,경상남도 창원시
명문약국,경상남도,창원시,경상남도 창원시 마산회원구 구암남10길 26 (구암동),,35.24953299,128.5991563,,명문약국,,2026-01-28,5670000,경상남도 창원시
동마산강약국,경상남도,창원시,경상남도 창원시 마산회원구 3·15대로 677 (석전동),,35.23358981,128.5784453,,동마산강약국,,2026-01-28,5670000,경상남도 창원시
새론약국,경상남도,창원시,경상남도 창원시 마산회원구 3·15대로 800 (합성동),,35.24240727,128.586021,,새론약국,,2026-01-28,5670000,경상남도 창원시
미래경남약국,경상남도,창원시,"경상남도 창원시 마산회원구 3·15대로 727 (합성동, 매디칼센타)",,35.23723838,128.581219,,미래경남약국,,2026-01-28,5670000,경상남도 창원시
대한약국,경상남도,창원시,경상남도 창원시 마산회원구 봉암북4길 8 (봉암동),,35.22119438,128.5965876,,대한약국,,2026-01-28,5670000,경상남도 창원시
한솔약국,경상남도,창원시,경상남도 창원시 마산회원구 내서읍 삼계로 9,,35.23180923,128.5037682,,한솔약국,,2026-01-28,5670000,경상남도 창원시
합성동우리약국,경상남도,창원시,경상남도 창원시 마산회원구 3·15대로 744 (합성동),,35.23830854,128.5828914,,합성동우리약국,,2026-01-28,5670000,경상남도 창원시
미래팜서울약국,경상남도,창원시,경상남도 창원시 마산회원구 내서읍 삼계로 2,,35.23237765,128.5044423,,미래팜서울약국,,2026-01-28,5670000,경상남도 창원시
새봄약국,경상남도,창원시,경상남도 창원시 마산회원구 합성서3길 5 (합성동),,35.24193769,128.5846347,,새봄약국,,2026-01-28,5670000,경상남도 창원시
마산합성약국,경상남도,창원시,경상남도 창원시 마산회원구 3·15대로 743 (합성동),,35.23851013,128.5822587,,마산합성약국,,2026-01-28,5670000,경상남도 창원시
도원당한약국,경상남도,창원시,경상남도 창원시 마산회원구 봉양로 81 (봉암동),,35.2210376,128.5961335,,도원당한약국,,2026-01-28,5670000,경상남도 창원시
재건약국,경상남도,창원시,경상남도 창원시 마산회원구 북성로 107 (회원동),,35.21669876,128.5702991,,재건약국,,2026-01-28,5670000,경상남도 창원시
새천지약국,경상남도,창원시,"경상남도 창원시 마산회원구 북성로 138 (회원동, 천지리치빌106호)",,35.21940766,128.5710312,,새천지약국,,2026-01-28,5670000,경상남도 창원시
안아약국,경상남도,창원시,경상남도 창원시 마산회원구 내서읍 호계본동로 17-2,,35.2614734902,128.5210437515,,안아약국,,2026-01-28,5670000,경상남도 창원시
친절한약국,경상남도,창원시,경상남도 창원시 마산회원구 3·15대로 645 (석전동),,35.23097439,128.576436,,친절한약국,,2026-01-28,5670000,경상남도 창원시
건강한약국,경상남도,창원시,경상남도 창원시 마산회원구 양덕서9길 63 (양덕동),,35.22467242,128.5794013,,건강한약국,,2026-01-28,5670000,경상남도 창원시
튼튼온누리약국,경상남도,창원시,경상남도 창원시 마산회원구 내서읍 삼계로 10,,35.23223407,128.5037183,,튼튼온누리약국,,2026-01-28,5670000,경상남도 창원시
복지약국,경상남도,창원시,"경상남도 창원시 마산회원구 내서읍 호원로 151, C동 1층",,35.24767917,128.5243205,,복지약국,,2026-01-28,5670000,경상남도 창원시
새삼성약국,경상남도,창원시,경상남도 창원시 마산회원구 내서읍 삼계4길 34,,35.23362613,128.5038925,,새삼성약국,,2026-01-28,5670000,경상남도 창원시
삼층약국,경상남도,창원시,경상남도 창원시 마산회원구 내서읍 호계본동로 17-2,,35.26147349,128.5210438,,삼층약국,,2026-01-28,5670000,경상남도 창원시
맑은천지연약국,경상남도,창원시,경상남도 창원시 마산회원구 3·15대로 605 (석전동),,35.22792602,128.5740991,,맑은천지연약국,,2026-01-28,5670000,경상남도 창원시
삼성대학약국,경상남도,창원시,경상남도 창원시 마산회원구 구암남2길 1 (구암동),,35.24310317,128.5907946,,삼성대학약국,,2026-01-28,5670000,경상남도 창원시
메디팜삼성약국,경상남도,창원시,"경상남도 창원시 마산회원구 팔용로 161, 1층 (구암동, 메디팜마산약국)",,35.24338958,128.5910763,,메디팜삼성약국,,2026-01-28,5670000,경상남도 창원시
삼은약국,경상남도,창원시,경상남도 창원시 마산회원구 구암서6길 3 (구암동),,35.24793544,128.5920992,,삼은약국,,2026-01-28,5670000,경상남도 창원시
뉴메트로약국,경상남도,창원시,"경상남도 창원시 마산회원구 양덕서로 47, 105호 (양덕동, 메트로스퀘어5)",,35.22936469,128.5815554,,뉴메트로약국,,2026-01-28,5670000,경상남도 창원시
일등약국,경상남도,창원시,경상남도 창원시 마산회원구 내서읍 삼계6길 14,,35.23279814,128.5034806,,일등약국,,2026-01-28,5670000,경상남도 창원시
마산삼성약국,경상남도,창원시,"경상남도 창원시 마산회원구 구암남2길 2 (구암동, 선강약국)",,35.2432675,128.5910254,,마산삼성약국,,2026-01-28,5670000,경상남도 창원시
회원약국,경상남도,창원시,"경상남도 창원시 마산회원구 3·15대로 483 (회원동, 주택)",,35.217525,128.5749059,,회원약국,,2026-01-28,5670000,경상남도 창원시
예림약국,경상남도,창원시,"경상남도 창원시 마산회원구 3·15대로 659 (석전동, 예일안과)",,35.23206694,128.5771849,,예림약국,,2026-01-28,5670000,경상남도 창원시
새마산약국,경상남도,창원시,"경상남도 창원시 마산회원구 3·15대로 679-1 (석전동, 동마산한의원)",,35.23370811,128.5784474,,새마산약국,,2026-01-28,5670000,경상남도 창원시
일호약국,경상남도,창원시,경상남도 창원시 마산회원구 북성로 121 (회원동),,35.21808639,128.5704307,,일호약국,,2026-01-28,5670000,경상남도 창원시
삼호약국,경상남도,창원시,경상남도 창원시 마산회원구 북성로 110 (회원동),,35.21706036,128.5706994,,삼호약국,,2026-01-28,5670000,경상남도 창원시
부성약국,경상남도,창원시,경상남도 창원시 마산회원구 3·15대로 686 (석전동),,35.2337577,128.5794819,,부성약국,,2026-01-28,5670000,경상남도 창원시
하선약국,경상남도,창원시,"경상남도 창원시 마산회원구 북성로 106, 환금프라자 201호 (회원동)",,35.21669557,128.5707318,,하선약국,,2026-01-28,5670000,경상남도 창원시
서현약국,경상남도,창원시,"경상남도 창원시 마산회원구 내서읍 삼계로 12, 1층 101호",,35.232225,128.5034759,,서현약국,,2026-01-28,5670000,경상남도 창원시
밝은약국,경상남도,창원시,"경상남도 창원시 마산회원구 내서읍 경남대로 935, 107호",,35.23362825,128.5041935,,밝은약국,,2026-01-28,5670000,경상남도 창원시
보명약국,경상남도,창원시,"경상남도 창원시 마산회원구 내서읍 중리2길 9, 보명약국",,35.24788487,128.5091114,,보명약국,,2026-01-28,5670000,경상남도 창원시
건강한 온누리 약국,경상남도,창원시,경상남도 창원시 마산회원구 양덕로 190 (석전동),,35.23427472,128.5804086,,건강한 온누리 약국,,2026-01-28,5670000,경상남도 창원시
더 약국,경상남도,창원시,"경상남도 창원시 마산회원구 3·15대로 775, 합성메디칼센타 1층 102호 (합성동)",,35.24096672,128.5840826,,더 약국,,2026-01-28,5670000,경상남도 창원시
센텀약국,경상남도,창원시,"경상남도 창원시 마산회원구 용마로 130, 양덕동메트로센텀 제1동 제1층 116호 (양덕동)",,35.22358289,128.5860883,,센텀약국,,2026-01-28,5670000,경상남도 창원시
삼성열린약국,경상남도,창원시,"경상남도 창원시 마산회원구 구암남1길 78, 1층 (합성동)",,35.24206373,128.5902844,,삼성열린약국,,2026-01-28,5670000,경상남도 창원시
중리약국,경상남도,창원시,"경상남도 창원시 마산회원구 내서읍 호계본동로 17-2, 코오롱그랜드쇼핑 1층 116호",,35.26147349,128.5210438,,중리약국,,2026-01-28,5670000,경상남도 창원시
선강약국,경상남도,창원시,"경상남도 창원시 마산회원구 3·15대로 765-1, 우성빌딩 (합성동)",,35.24014313,128.5834528,,선강약국,,2026-01-28,5670000,경상남도 창원시
봄약국,경상남도,창원시,"경상남도 창원시 마산회원구 3·15대로 653, 102호 (석전동)",,35.23165507,128.5768809,,봄약국,,2026-01-28,5670000,경상남도 창원시
팜프라자약국,경상남도,창원시,"경상남도 창원시 마산회원구 삼호로 80, 1층 (양덕동, 메트로시티 2단지)",,35.22367286,128.5845659,,팜프라자약국,,2026-01-28,5670000,경상남도 창원시
편안약국,경상남도,창원시,"경상남도 창원시 마산회원구 3·15대로 770, 1층 (합성동)",,35.24016192,128.5842758,,편안약국,,2026-01-28,5670000,경상남도 창원시
행운약국,경상남도,창원시,"경상남도 창원시 마산회원구 3·15대로 605-3, 세효빌딩 (석전동)",,35.22806128,128.5740791,,행운약국,,2026-01-28,5670000,경상남도 창원시
동마산봄약국,경상남도,창원시,"경상남도 창원시 마산회원구 석전동14길 18, 1층 (석전동)",,35.23385899,128.5776798,,동마산봄약국,,2026-01-28,5670000,경상남도 창원시
하늘약국,경상남도,창원시,"경상남도 창원시 마산회원구 양덕로 145-1, 1층 (양덕동)",,35.23136531,128.583404,,하늘약국,,2026-01-28,5670000,경상남도 창원시
성균관약국,경상남도,창원시,"경상남도 창원시 마산회원구 구암남2길 3, 1층 (구암동)",,35.24322038,128.5908186,,성균관약국,,2026-01-28,5670000,경상남도 창원시
약속있는온누리약국,경상남도,창원시,"경상남도 창원시 마산회원구 3·15대로 780, 지상1층 (합성동)",,35.24090651,128.5848819,,약속있는온누리약국,,2026-01-28,5670000,경상남도 창원시
우리동네약국,경상남도,창원시,"경상남도 창원시 마산회원구 양덕로 120, 금천빌딩 지상1층 101호 (양덕동)",,35.22975094,128.5854068,,우리동네약국,,2026-01-28,5670000,경상남도 창원시
마산육일약국,경상남도,창원시,"경상남도 창원시 마산회원구 마산역광장로 2, 지상1층 (석전동)",,35.23508842,128.5796506,,마산육일약국,,2026-01-28,5670000,경상남도 창원시
새중앙약국,경상남도,창원시,"경상남도 창원시 마산회원구 내서읍 중리2길 5, 월드프라자 지상1층",,35.24779073,128.5089206,,새중앙약국,,2026-01-28,5670000,경상남도 창원시
세계로약국,경상남도,창원시,"경상남도 창원시 마산회원구 3·15대로 731, 세계로약국 (합성동)",,35.2375731,128.5814466,,세계로약국,,2026-01-28,5670000,경상남도 창원시
회성약국,경상남도,창원시,"경상남도 창원시 마산회원구 북성로 329, 1층 (회성동)",,35.23320094,128.5614875,,회성약국,,2026-01-28,5670000,경상남도 창원시
삼성약국,경상남도,창원시,경상남도 창원시 마산회원구 팔용로 163 (구암동),,35.24353632,128.5911428,,삼성약국,,2026-01-28,5670000,경상남도 창원시
메트로한독약국,경상남도,창원시,"경상남도 창원시 마산회원구 율림교로 13, 메트로엠 (양덕동)",,35.22992382,128.5844689,,메트로한독약국,,2026-01-28,5670000,경상남도 창원시
삼성제일약국,경상남도,창원시,경상남도 창원시 마산회원구 팔용로 155-1 (구암동),,35.24295536,128.5908435,,삼성제일약국,,2026-01-28,5670000,경상남도 창원시
마산육일약국,경상남도,창원시,경상남도 창원시 마산회원구 마산역광장로 2(석전동),,35.23508842,128.5796506,,마산육일약국,,2026-01-28,5670000,경상남도 창원시
우리약국,경상남도,창원시,"경상남도 창원시 마산회원구 북성로 127, 103호 (회원동)",,35.21871595,128.5705035,,우리약국,,2026-01-28,5670000,경상남도 창원시
삼성주차장약국,경상남도,창원시,"경상남도 창원시 마산회원구 팔용로 151-1, 1층 (구암동)",,35.24268554,128.5906988,,삼성주차장약국,,2026-01-28,5670000,경상남도 창원시
늘봄약국,경상남도,창원시,"경상남도 창원시 마산회원구 3·15대로 632, 104호 (석전동)",,35.22959181,128.5762529,,늘봄약국,,2026-01-28,5670000,경상남도 창원시
의산보건진료소,경상남도,창원시,경상남도 창원시 마산합포구 진전면 의산삼일로 195,,35.14661422,128.3701026,,의산보건진료소,,2026-01-28,5670000,경상남도 창원시
시락보건진료소,경상남도,창원시,경상남도 창원시 마산합포구 진전면 회진로 1016-15,,35.07211002,128.4404126,,시락보건진료소,,2026-01-28,5670000,경상남도 창원시
수정보건진료소,경상남도,창원시,경상남도 창원시 마산합포구 구산면 수정1길 62-44,,35.11959196,128.5821451,,수정보건진료소,,2026-01-28,5670000,경상남도 창원시
진북면보건지소,경상남도,창원시,경상남도 창원시 마산합포구 진북면 지산1길 71-1,,35.1154412,128.4649856,,진북면보건지소,,2026-01-28,5670000,경상남도 창원시
구산면보건지소,경상남도,창원시,경상남도 창원시 마산합포구 구산면 해양관광로 1467,,35.08674903,128.5854708,,구산면보건지소,,2026-01-28,5670000,경상남도 창원시
진동면보건지소,경상남도,창원시,경상남도 창원시 마산합포구 진동면 신서촌로 13,,35.11587855,128.484534,,진동면보건지소,,2026-01-28,5670000,경상남도 창원시
진전면보건지소,경상남도,창원시,경상남도 창원시 마산합포구 진전면 대실로 155,,35.10287241,128.4189826,,진전면보건지소,,2026-01-28,5670000,경상남도 창원시
내서읍보건지소,경상남도,창원시,경상남도 창원시 마산회원구 내서읍 중리상곡로 69,,35.24709356,128.5078195,,내서읍보건지소,,2026-01-28,5670000,경상남도 창원시
동마산보건지소,경상남도,창원시,경상남도 창원시 마산회원구 구암남14길 33,,35.25060164,128.6007735,,동마산보건지소,,2026-01-28,5670000,경상남도 창원시
마산보건소,경상남도,창원시,경상남도 창원시 마산합포구 월영동북로 15,,35.18239851,128.5628997,,마산보건소,,2026-01-28,5670000,경상남도 창원시
창원황약국,경상남도,창원시,"경상남도 창원시 의창구 소계로 81 (소계동, 창원황약국)",,35.25660517,128.5994173,,창원황약국,,2026-01-28,5670000,경상남도 창원시
유림약국,경상남도,창원시,"경상남도 창원시 의창구 소계로 88 (소계동, 열린치과의원)",,35.2571352,128.5992585,,유림약국,,2026-01-28,5670000,경상남도 창원시
경산약국,경상남도,창원시,"경상남도 창원시 의창구 창이대로 203 (봉곡동, 두성상가)",,35.24506406,128.6596283,,경산약국,,2026-01-28,5670000,경상남도 창원시
명성당약국,경상남도,창원시,"경상남도 창원시 의창구 원이대로189번길 42 (명서동, 부영상가)",,35.2493486,128.6465711,,명성당약국,,2026-01-28,5670000,경상남도 창원시
장약국,경상남도,창원시,경상남도 창원시 의창구 의창대로211번길 1 (서상동),,35.26206398,128.6208812,,장약국,,2026-01-28,5670000,경상남도 창원시
성민온누리약국,경상남도,창원시,"경상남도 창원시 의창구 태복산로3번길 41 (도계동, 서광데파트)",,35.25537355,128.6363341,,성민온누리약국,,2026-01-28,5670000,경상남도 창원시
온누리동산약국,경상남도,창원시,경상남도 창원시 의창구 도계로 69 (도계동),,35.25850877,128.6386471,,온누리동산약국,,2026-01-28,5670000,경상남도 창원시
소계약국,경상남도,창원시,경상남도 창원시 의창구 소계로94번길 2 (소계동),,35.2574623,128.5989142,,소계약국,,2026-01-28,5670000,경상남도 창원시
현대약국,경상남도,창원시,경상남도 창원시 의창구 천주로 24 (서상동),,35.2640682,128.618385,,현대약국,,2026-01-28,5670000,경상남도 창원시
메디팜대림약국,경상남도,창원시,"경상남도 창원시 의창구 읍성로 67 (소답동, 장수한의원)",,35.26512341,128.6253984,,메디팜대림약국,,2026-01-28,5670000,경상남도 창원시
마금산약국,경상남도,창원시,경상남도 창원시 의창구 북면 천주로 1080,,35.34711028,128.6077837,,마금산약국,,2026-01-28,5670000,경상남도 창원시
텔레팜 the큰약국,경상남도,창원시,경상남도 창원시 의창구 우곡로217번길 10 (명서동),,35.23971752,128.6487614,,텔레팜 the큰약국,,2026-01-28,5670000,경상남도 창원시
역전제일약국,경상남도,창원시,"경상남도 창원시 의창구 의창대로62번길 7 (팔용동, 우신빌딩)",,35.2565329,128.6081181,,역전제일약국,,2026-01-28,5670000,경상남도 창원시
메디팜하나약국,경상남도,창원시,"경상남도 창원시 의창구 소계로84번길 1-1 (소계동, 아쿠아pc존)",,35.25693081,128.5995448,,메디팜하나약국,,2026-01-28,5670000,경상남도 창원시
수성약국,경상남도,창원시,"경상남도 창원시 의창구 원이대로 283 (봉곡동, 청마상가)",,35.24271229,128.6509948,,수성약국,,2026-01-28,5670000,경상남도 창원시
한약국,경상남도,창원시,"경상남도 창원시 의창구 도계로 63 (도계동, 중앙상가연립)",,35.25894515,128.6382537,,한약국,,2026-01-28,5670000,경상남도 창원시
팔용약국,경상남도,창원시,"경상남도 창원시 의창구 의창대로 72 (팔용동, 현대메디칼)",,35.2574967,128.6082452,,팔용약국,,2026-01-28,5670000,경상남도 창원시
팔용프라자약국,경상남도,창원시,경상남도 창원시 의창구 남산로17번길 2 (팔용동),,35.25946205,128.6123107,,팔용프라자약국,,2026-01-28,5670000,경상남도 창원시
예은약국,경상남도,창원시,"경상남도 창원시 의창구 원이대로 269 (봉곡동, 한빛메디칼센터)",,35.24327224,128.6497907,,예은약국,,2026-01-28,5670000,경상남도 창원시
미래팜강민약국,경상남도,창원시,경상남도 창원시 의창구 동읍 의창대로915번길 2 (청담빌딩),,35.27934984,128.6907768,,미래팜강민약국,,2026-01-28,5670000,경상남도 창원시
온누리정원약국,경상남도,창원시,경상남도 창원시 의창구 서상로 5-1 (동정동),,35.26226309,128.6137606,,온누리정원약국,,2026-01-28,5670000,경상남도 창원시
유명한약국,경상남도,창원시,"경상남도 창원시 의창구 의안로2번길 17 (소답동, 유명한약국)",,35.26174216,128.6256293,,유명한약국,,2026-01-28,5670000,경상남도 창원시
튼튼한약국,경상남도,창원시,"경상남도 창원시 의창구 용지로293번길 28, 우영프라자 107호 (사림동)",,35.24085037,128.688055,,튼튼한약국,,2026-01-28,5670000,경상남도 창원시
우리약국,경상남도,창원시,경상남도 창원시 의창구 사림로 47 (사림동),,35.24746625,128.6779374,,우리약국,,2026-01-28,5670000,경상남도 창원시
동남약국,경상남도,창원시,"경상남도 창원시 의창구 창이대로 201, 1층 (봉곡동, 수득빌딩)",,35.24500598,128.6594475,,동남약국,,2026-01-28,5670000,경상남도 창원시
미래약국,경상남도,창원시,"경상남도 창원시 의창구 반계로 104-8 (팔용동, 벽산블루밍아파트B단지)",,35.253219,128.6179401,,미래약국,,2026-01-28,5670000,경상남도 창원시
창원대우당약국,경상남도,창원시,"경상남도 창원시 의창구 원이대로189번길 30 (명서동, 오시오상가)",,35.24885381,128.6456851,,창원대우당약국,,2026-01-28,5670000,경상남도 창원시
팔용온누리약국,경상남도,창원시,"경상남도 창원시 의창구 팔용로 438 (팔용동, 팔용종합상가)",,35.25533683,128.6135031,,팔용온누리약국,,2026-01-28,5670000,경상남도 창원시
우리들약국,경상남도,창원시,경상남도 창원시 의창구 지귀로 6 (봉곡동),,35.2439526,128.648916,,우리들약국,,2026-01-28,5670000,경상남도 창원시
샤론온누리약국,경상남도,창원시,"경상남도 창원시 의창구 사화로 396, 디오 오토 갤러리 106~109호 (팔용동)",,35.23694035,128.6428483,,샤론온누리약국,,2026-01-28,5670000,경상남도 창원시
자여약국,경상남도,창원시,경상남도 창원시 의창구 동읍 자여로65번길 26,,35.2774986589,128.7033527813,,자여약국,,2026-01-28,5670000,경상남도 창원시
새우리약국,경상남도,창원시,경상남도 창원시 성산구 상남로192번길 41-3 (신월동),,35.2272613945,128.6914161461,,새우리약국,,2026-01-28,5670000,경상남도 창원시
창원이화약국,경상남도,창원시,경상남도 창원시 의창구 창원대로397번길 34 (팔용동),,35.2369645,128.643671,,창원이화약국,,2026-01-28,5670000,경상남도 창원시
수약국,경상남도,창원시,경상남도 창원시 의창구 평산로 96 (팔용동),,35.25163495,128.6196822,,수약국,,2026-01-28,5670000,경상남도 창원시
우리대학약국,경상남도,창원시,경상남도 창원시 의창구 사화로 396 (팔용동),,35.23694035,128.6428483,,우리대학약국,,2026-01-28,5670000,경상남도 창원시
보배온누리약국,경상남도,창원시,경상남도 창원시 의창구 우곡로217번길 36 (명서동),,35.24182158,128.6504094,,보배온누리약국,,2026-01-28,5670000,경상남도 창원시
새북면온천약국,경상남도,창원시,경상남도 창원시 의창구 북면 천주로 1157-2,,35.35375331,128.608853,,새북면온천약국,,2026-01-28,5670000,경상남도 창원시
경남약국,경상남도,창원시,"경상남도 창원시 의창구 창이대로309번길 7 (봉곡동, 중앙빌딩)",,35.24673191,128.6708478,,경남약국,,2026-01-28,5670000,경상남도 창원시
복음약국,경상남도,창원시,경상남도 창원시 의창구 도계로60번길 1 (도계동),,35.25898409,128.6377145,,복음약국,,2026-01-28,5670000,경상남도 창원시
애플약국,경상남도,창원시,경상남도 창원시 의창구 북면 감계로 304 (203호),,35.3019815,128.594007,,애플약국,,2026-01-28,5670000,경상남도 창원시
은혜약국,경상남도,창원시,"경상남도 창원시 의창구 봉곡로111번길 8 (봉곡동, 동승빌딩)",,35.24715505,128.6711527,,은혜약국,,2026-01-28,5670000,경상남도 창원시
조아약국,경상남도,창원시,"경상남도 창원시 의창구 대봉로 24 (봉림동, 애플상가 105호)",,35.2513136,128.6672878,,조아약국,,2026-01-28,5670000,경상남도 창원시
향림한약국,경상남도,창원시,"경상남도 창원시 의창구 지귀로24번길 29, 1층 (봉곡동)",,35.24394324,128.6527721,,향림한약국,,2026-01-28,5670000,경상남도 창원시
극동약국,경상남도,창원시,"경상남도 창원시 의창구 팔용로 438 (팔용동, 팔용종합상가)",,35.25533683,128.6135031,,극동약국,,2026-01-28,5670000,경상남도 창원시
보람약국,경상남도,창원시,"경상남도 창원시 의창구 읍성로 46 (중동, 덕산메디칼)",,35.26479981,128.6231813,,보람약국,,2026-01-28,5670000,경상남도 창원시
하모니약국,경상남도,창원시,경상남도 창원시 의창구 원이대로285번길 6 (봉곡동),,35.24264625,128.6517655,,하모니약국,,2026-01-28,5670000,경상남도 창원시
모닝약국,경상남도,창원시,경상남도 창원시 의창구 사화로 6 (팔용동),,35.25725963,128.6086412,,모닝약국,,2026-01-28,5670000,경상남도 창원시
배약국,경상남도,창원시,"경상남도 창원시 의창구 의창대로 51-3 (소계동, KTX주유소)",,35.2561959,128.6061804,,배약국,,2026-01-28,5670000,경상남도 창원시
주약국,경상남도,창원시,경상남도 창원시 의창구 동읍 동읍로 5,,35.27781907,128.6843618,,주약국,,2026-01-28,5670000,경상남도 창원시
명약국,경상남도,창원시,"경상남도 창원시 의창구 창이대로15번길 24, 102호 (팔용동, 서주빌딩)",,35.23579378,128.6426779,,명약국,,2026-01-28,5670000,경상남도 창원시
감계 현대약국,경상남도,창원시,경상남도 창원시 의창구 북면 동전로 63,,35.30187904,128.5955643,,감계 현대약국,,2026-01-28,5670000,경상남도 창원시
세림약국,경상남도,창원시,"경상남도 창원시 의창구 우곡로217번길 33, 호텔그레이 1층 101호 (명서동)",,35.24179651,128.6500536,,세림약국,,2026-01-28,5670000,경상남도 창원시
지혜약국,경상남도,창원시,"경상남도 창원시 의창구 창원대로363번길 22-57 (팔용동, 미래웨딩캐슬)",,35.23654902,128.642478,,지혜약국,,2026-01-28,5670000,경상남도 창원시
무동튼튼약국,경상남도,창원시,"경상남도 창원시 의창구 북면 동곡로 17, 2층 204-1호",,35.31794555,128.5852953,,무동튼튼약국,,2026-01-28,5670000,경상남도 창원시
성우약국,경상남도,창원시,경상남도 창원시 의창구 의안로31번길 28-5 (중동),,35.26459274,128.6210078,,성우약국,,2026-01-28,5670000,경상남도 창원시
드림피아약국,경상남도,창원시,"경상남도 창원시 의창구 팔용로 428 (팔용동, 드림피아상가310호)",,35.2545844,128.612780,,드림피아약국,,2026-01-28,5670000,경상남도 창원시
한성약국,경상남도,창원시,경상남도 창원시 의창구 북면 감계로 300 (코아상가 3층 301호),,35.30194131,128.5936306,,한성약국,,2026-01-28,5670000,경상남도 창원시
다정약국,경상남도,창원시,"경상남도 창원시 의창구 팔용로 439 (팔용동, 사화빌딩1층)",,35.25586052,128.6131798,,다정약국,,2026-01-28,5670000,경상남도 창원시
시장약국,경상남도,창원시,"경상남도 창원시 의창구 읍성로 36 (중동, 시장약국)",,35.26488101,128.6218576,,시장약국,,2026-01-28,5670000,경상남도 창원시
창원중앙약국,경상남도,창원시,"경상남도 창원시 의창구 사화로 396 (팔용동, 디오 오토 갤러리 102,103,104,105호)",,35.23694035,128.6428483,,창원중앙약국,,2026-01-28,5670000,경상남도 창원시
메디팜신약국,경상남도,창원시,"경상남도 창원시 의창구 사화로 396 (팔용동, 디오 오토 갤러리 112,113호)",,35.23694035,128.6428483,,메디팜신약국,,2026-01-28,5670000,경상남도 창원시
홍익약국,경상남도,창원시,경상남도 창원시 의창구 동읍 동읍로 9,,35.27807072,128.6843073,,홍익약국,,2026-01-28,5670000,경상남도 창원시
서정약국,경상남도,창원시,"경상남도 창원시 의창구 북면 감계로 306, 2층 202호",,35.30196094,128.5943156,,서정약국,,2026-01-28,5670000,경상남도 창원시
2층하늘약국,경상남도,창원시,"경상남도 창원시 의창구 북면 동곡로 9, 2층 202호",,35.31722616,128.5852846,,2층하늘약국,,2026-01-28,5670000,경상남도 창원시
제일당한약국,경상남도,창원시,"경상남도 창원시 의창구 의창대로54번길 1, 금복빌딩 1층 (팔용동)",,35.25617495,128.6069846,,제일당한약국,,2026-01-28,5670000,경상남도 창원시
허브약국,경상남도,창원시,"경상남도 창원시 의창구 평산로215번길 2, 1호 (서상동)",,35.26080582,128.6254327,,허브약국,,2026-01-28,5670000,경상남도 창원시
비타민플러스약국,경상남도,창원시,"경상남도 창원시 의창구 평산로219번길 7, 1층 (서상동)",,35.26093906,128.6254635,,비타민플러스약국,,2026-01-28,5670000,경상남도 창원시
창원메디칼약국,경상남도,창원시,"경상남도 창원시 의창구 원이대로 277, 103호 (봉곡동)",,35.24286923,128.650523,,창원메디칼약국,,2026-01-28,5670000,경상남도 창원시
감계미소약국,경상남도,창원시,"경상남도 창원시 의창구 북면 감계로110번길 54-39, 102호",,35.30155638,128.5955591,,감계미소약국,,2026-01-28,5670000,경상남도 창원시
해님약국,경상남도,창원시,경상남도 창원시 의창구 북면 감계로110번길 54-39,,35.30155638,128.5955591,,해님약국,,2026-01-28,5670000,경상남도 창원시
참좋은약국,경상남도,창원시,"경상남도 창원시 의창구 읍성로 75 (소답동, 송호상가아파트)",,35.26516959,128.6261801,,참좋은약국,,2026-01-28,5670000,경상남도 창원시
신신약국,경상남도,창원시,"경상남도 창원시 의창구 팔용로 428, 드림피아 1층 116호 (팔용동)",,35.2545844,128.612780,,신신약국,,2026-01-28,5670000,경상남도 창원시
이약국,경상남도,창원시,"경상남도 창원시 의창구 원이대로 283, 청마상가 (봉곡동)",,35.24271229,128.6509948,,이약국,,2026-01-28,5670000,경상남도 창원시
바른약국,경상남도,창원시,경상남도 창원시 의창구 평산로207번길 4 (서상동),,35.26016946,128.625896,,바른약국,,2026-01-28,5670000,경상남도 창원시
친절한약국,경상남도,창원시,경상남도 창원시 의창구 대산면 주남로 574-8,,35.33469365,128.708572,,친절한약국,,2026-01-28,5670000,경상남도 창원시
믿음약국,경상남도,창원시,"경상남도 창원시 의창구 동읍 동읍로 3, 1층",,35.2776166,128.6844043,,믿음약국,,2026-01-28,5670000,경상남도 창원시
나드리약국,경상남도,창원시,"경상남도 창원시 의창구 도계로 57, 도계중앙빌딩 (도계동)",,35.25949449,128.6377651,,나드리약국,,2026-01-28,5670000,경상남도 창원시
새대학약국,경상남도,창원시,"경상남도 창원시 의창구 읍성로 60, 3층 (소답동)",,35.26472785,128.6244733,,새대학약국,,2026-01-28,5670000,경상남도 창원시
새살약국,경상남도,창원시,"경상남도 창원시 의창구 용동로83번안길 37, 1층 (사림동)",,35.23904296,128.7001765,,새살약국,,2026-01-28,5670000,경상남도 창원시
한마음정문약국,경상남도,창원시,"경상남도 창원시 의창구 용동로 45, 현대썬앤빌더스퀘어 H동 1층 102호 (사림동)",,35.23667443,128.6970475,,한마음정문약국,,2026-01-28,5670000,경상남도 창원시
한길정문약국,경상남도,창원시,"경상남도 창원시 의창구 용동로 45, 현대썬앤빌더스퀘어 H동 1층 101호 (사림동)",,35.23667443,128.6970475,,한길정문약국,,2026-01-28,5670000,경상남도 창원시
한아름약국,경상남도,창원시,"경상남도 창원시 의창구 용동로57번길 18, 시그니처M 1층 106호 (사림동)",,35.23819843,128.6977574,,한아름약국,,2026-01-28,5670000,경상남도 창원시
큰사랑약국,경상남도,창원시,"경상남도 창원시 의창구 용동로 45, 현대썬앤빌더스퀘어 A동 1층 103호 (사림동)",,35.23667443,128.6970475,,큰사랑약국,,2026-01-28,5670000,경상남도 창원시
정문큰약국,경상남도,창원시,"경상남도 창원시 의창구 용동로 45, 현대썬앤빌더스퀘어 H동 1층 103,104호 (사림동)",,35.23667443,128.6970475,,정문큰약국,,2026-01-28,5670000,경상남도 창원시
유니약국,경상남도,창원시,"경상남도 창원시 의창구 중동중앙로 47, 어반브릭스 스튜디오스트리트몰동 1층 1014,1022호 (중동)",,35.25662602,128.6249983,,유니약국,,2026-01-28,5670000,경상남도 창원시
길약국,경상남도,창원시,"경상남도 창원시 의창구 용동로 45, 현대썬앤빌 A동 107호 (사림동)",,35.23667443,128.6970475,,길약국,,2026-01-28,5670000,경상남도 창원시
빨간코끼리약국,경상남도,창원시,"경상남도 창원시 의창구 중동중앙로 79, SJ빌딩 1층 107호 (중동)",,35.2590592,128.6268222,,빨간코끼리약국,,2026-01-28,5670000,경상남도 창원시
청아약국,경상남도,창원시,경상남도 창원시 의창구 태복산로3번길 12 (도계동),,35.25341855,128.6383902,,청아약국,,2026-01-28,5670000,경상남도 창원시
이로운약국,경상남도,창원시,"경상남도 창원시 의창구 중동중앙로 83, 더세븐파크 114호 (중동)",,35.25935251,128.6277314,,이로운약국,,2026-01-28,5670000,경상남도 창원시
허약국,경상남도,창원시,"경상남도 창원시 의창구 창이대로309번길 11, 쌍둥이상가 1층 101호 (봉곡동)",,35.24712811,128.6707806,,허약국,,2026-01-28,5670000,경상남도 창원시
유니스타약국,경상남도,창원시,"경상남도 창원시 의창구 중동중앙로 95, 스타유니빌딩 1층 101~103호 (중동)",,35.25964274,128.6288217,,유니스타약국,,2026-01-28,5670000,경상남도 창원시
소답온누리약국,경상남도,창원시,"경상남도 창원시 의창구 의안로31번길 28-10, 1층 (중동)",,35.26487018,128.6211523,,소답온누리약국,,2026-01-28,5670000,경상남도 창원시
도계시장약국,경상남도,창원시,"경상남도 창원시 의창구 원이대로69번길 20-1, 105호 (도계동)",,35.25753925,128.6375147,,도계시장약국,,2026-01-28,5670000,경상남도 창원시
봄약국,경상남도,창원시,"경상남도 창원시 의창구 태복산로23번길 39, 1층 101호 (도계동)",,35.25642029,128.6381342,,봄약국,,2026-01-28,5670000,경상남도 창원시
the무동약국,경상남도,창원시,"경상남도 창원시 의창구 북면 무동로226번길 18, 103호",,35.31789533,128.5846789,,the무동약국,,2026-01-28,5670000,경상남도 창원시
화랑한약국,경상남도,창원시,경상남도 창원시 의창구 명지로103번길 45 (명서동),,35.25170638,128.6481262,,화랑한약국,,2026-01-28,5670000,경상남도 창원시
튼튼온누리약국,경상남도,창원시,"경상남도 창원시 의창구 도계로4번길 20, 영창빌딩 1층 (도계동)",,35.25792555,128.634173,,튼튼온누리약국,,2026-01-28,5670000,경상남도 창원시
한마음후문약국,경상남도,창원시,"경상남도 창원시 의창구 용동로57번안길 9-6, 창원중앙역 유탑바이탈시티 1동 1층 118-1호 (사림동)",,35.23899819,128.6985777,,한마음후문약국,,2026-01-28,5670000,경상남도 창원시
행복약국,경상남도,창원시,"경상남도 창원시 의창구 서상로 70, 서상빌딩 (서상동)",,35.26446821,128.6201857,,행복약국,,2026-01-28,5670000,경상남도 창원시
희망약국,경상남도,창원시,"경상남도 창원시 의창구 우곡로217번길 6, 경상남도 새마을회관 1층 (명서동)",,35.23938806,128.6484882,,희망약국,,2026-01-28,5670000,경상남도 창원시
가술봄약국,경상남도,창원시,경상남도 창원시 의창구 대산면 주남로 573-1,,35.33501076,128.7082487,,가술봄약국,,2026-01-28,5670000,경상남도 창원시
동원약국,경상남도,창원시,"경상남도 창원시 의창구 동읍 의창대로 870-5, 동창원요양병원 지하2층 201호",,35.27808581,128.6867099,,동원약국,,2026-01-28,5670000,경상남도 창원시
센텀약국,경상남도,창원시,"경상남도 창원시 의창구 북면 감계로 312, 센텀시엘 1층 101호",,35.30201491,128.5948787,,센텀약국,,2026-01-28,5670000,경상남도 창원시
윙스약국,경상남도,창원시,"경상남도 창원시 의창구 중동북로 23, 1층 121~122호 (중동)",,35.25825608,128.6270368,,윙스약국,,2026-01-28,5670000,경상남도 창원시
햇살약국,경상남도,창원시,경상남도 창원시 의창구 의창대로 41 (소계동),,35.25577811,128.6056768,,햇살약국,,2026-01-28,5670000,경상남도 창원시
한결약국,경상남도,창원시,"경상남도 창원시 의창구 중동로5번길 22, H202타워 111,112호 (중동)",,35.25758677,128.6254835,,한결약국,,2026-01-28,5670000,경상남도 창원시
금화약국,경상남도,창원시,"경상남도 창원시 의창구 창원대로363번길 22-47, 명빌딩 101,102 일부호 (팔용동)",,35.23668867,128.6419628,,금화약국,,2026-01-28,5670000,경상남도 창원시
수영약국,경상남도,창원시,"경상남도 창원시 성산구 반송로 144, 1층 (반림동, 수영빌딩)",,35.23605449,128.6710801,,수영약국,,2026-01-28,5670000,경상남도 창원시
삼성약국,경상남도,창원시,"경상남도 창원시 성산구 대정로 33 (가음동, 황금상가)",,35.20750923,128.6982564,,삼성약국,,2026-01-28,5670000,경상남도 창원시
메디팜조윤숙약국,경상남도,창원시,"경상남도 창원시 성산구 대정로 102 (남양동, 개나리3차아파트)",,35.21114963,128.7039053,,메디팜조윤숙약국,,2026-01-28,5670000,경상남도 창원시
푸른약국,경상남도,창원시,"경상남도 창원시 성산구 원이대로 776 (상남동, (상남동 ,성원2단지상가103호))",,35.21642142,128.6939642,,푸른약국,,2026-01-28,5670000,경상남도 창원시
셀메드혜성약국,경상남도,창원시,"경상남도 창원시 성산구 용지로113번길 17-1, 신도상가 101호 (중앙동)",,35.2270518,128.6774738,,셀메드혜성약국,,2026-01-28,5670000,경상남도 창원시
새보람약국,경상남도,창원시,"경상남도 창원시 성산구 신촌로 102, 라동 107호 (신촌동, 양곡상가아파트)",,35.20085109,128.628329,,새보람약국,,2026-01-28,5670000,경상남도 창원시
한마음약국,경상남도,창원시,"경상남도 창원시 성산구 동산로 115 (상남동, 대동아파트)",,35.21905794,128.6876159,,한마음약국,,2026-01-28,5670000,경상남도 창원시
건강약국,경상남도,창원시,"경상남도 창원시 성산구 창원천로 34, 121동 226호 (대원동, 대원 꿈에그린)",,35.23410626,128.6482585,,건강약국,,2026-01-28,5670000,경상남도 창원시
세인당약국,경상남도,창원시,"경상남도 창원시 성산구 창원천로 288 (반지동, 대동아파트)",,35.24527635,128.6697579,,세인당약국,,2026-01-28,5670000,경상남도 창원시
메디팜 엄마손약국,경상남도,창원시,"경상남도 창원시 성산구 원이대로580번길 16 (중앙동, 성한빌딩)",,35.22710672,128.6771588,,메디팜 엄마손약국,,2026-01-28,5670000,경상남도 창원시
동성당약국,경상남도,창원시,"경상남도 창원시 성산구 창이대로 733 (사파동, 사파동성아파트)",,35.21947669,128.7021885,,동성당약국,,2026-01-28,5670000,경상남도 창원시
고객은왕약국,경상남도,창원시,"경상남도 창원시 성산구 동산로 166, 사파대동상가 (사파동)",,35.22225858,128.6939532,,고객은왕약국,,2026-01-28,5670000,경상남도 창원시
아나파약국,경상남도,창원시,"경상남도 창원시 성산구 마디미서로 54 (상남동, 서울아동병원)",,35.2208386,128.6808909,,아나파약국,,2026-01-28,5670000,경상남도 창원시
신세계약국,경상남도,창원시,"경상남도 창원시 성산구 원이대로883번길 15-24 (가음동, 가음시장대상가)",,35.2080513,128.6969918,,신세계약국,,2026-01-28,5670000,경상남도 창원시
이층약국,경상남도,창원시,"경상남도 창원시 성산구 원이대로 587 (용호동, 정우상가)",,35.22843908,128.6794484,,이층약국,,2026-01-28,5670000,경상남도 창원시
메디팜경남약국,경상남도,창원시,"경상남도 창원시 성산구 가양로124번길 17-16 (대방동, 동진메디칼)",,35.2078613,128.7081615,,메디팜경남약국,,2026-01-28,5670000,경상남도 창원시
메디팜 덕산약국,경상남도,창원시,"경상남도 창원시 성산구 대정로 131 (대방동, 대방덕산타운)",,35.21361897,128.7068915,,메디팜 덕산약국,,2026-01-28,5670000,경상남도 창원시
주상가건강온누리약국,경상남도,창원시,"경상남도 창원시 성산구 동산로 124, 5층 521호 (상남동)",,35.21937354,128.6915928,,주상가건강온누리약국,,2026-01-28,5670000,경상남도 창원시
온정약국,경상남도,창원시,"경상남도 창원시 성산구 대암로 80 (대방동, 성원3차아파트상가)",,35.21499999,128.7052999,,온정약국,,2026-01-28,5670000,경상남도 창원시
새가야약국,경상남도,창원시,"경상남도 창원시 성산구 동산로 124, 5층 520호 (상남동, 성원그랜드쇼핑)",,35.21937354,128.6915928,,새가야약국,,2026-01-28,5670000,경상남도 창원시
코끼리약국,경상남도,창원시,"경상남도 창원시 성산구 원이대로 774 (상남동, 성원아파트)",,35.21562293,128.6917287,,코끼리약국,,2026-01-28,5670000,경상남도 창원시
사랑복음약국,경상남도,창원시,"경상남도 창원시 성산구 원이대로473번길 13 (반림동, dna빌딩)",,35.23533327,128.6698181,,사랑복음약국,,2026-01-28,5670000,경상남도 창원시
훼미리약국,경상남도,창원시,"경상남도 창원시 성산구 대정로 138 (대방동, 대방대동아파트)",,35.21174899,128.7076298,,훼미리약국,,2026-01-28,5670000,경상남도 창원시
무지개약국,경상남도,창원시,"경상남도 창원시 성산구 대정로 80 (남양동, 피오르빌아파트)",,35.21047025,128.7015052,,무지개약국,,2026-01-28,5670000,경상남도 창원시
동보당약국,경상남도,창원시,"경상남도 창원시 성산구 대정로 73 (남양동, 성원1차상가 101호)",,35.2115144,128.7004475,,동보당약국,,2026-01-28,5670000,경상남도 창원시
서울메디컬약국,경상남도,창원시,"경상남도 창원시 성산구 상남로 73 (상남동, 서울메디컬센터)",,35.22063767,128.6798691,,서울메디컬약국,,2026-01-28,5670000,경상남도 창원시
본한약국,경상남도,창원시,경상남도 창원시 성산구 가양로124번길 17-13 (대방동),,35.20814372,128.7079906,,본한약국,,2026-01-28,5670000,경상남도 창원시
대영약국,경상남도,창원시,경상남도 창원시 성산구 대암로 272 (대방동),,35.20391022,128.708638,,대영약국,,2026-01-28,5670000,경상남도 창원시
희망약국,경상남도,창원시,경상남도 창원시 성산구 가양로124번길 5-3 (대방동),,35.20904237,128.7070925,,희망약국,,2026-01-28,5670000,경상남도 창원시
남흥약국,경상남도,창원시,경상남도 창원시 성산구 신촌로 21 (신촌동),,35.20756147,128.6267807,,남흥약국,,2026-01-28,5670000,경상남도 창원시
상아약국,경상남도,창원시,"경상남도 창원시 성산구 용지로 94, 올림피아상가 3층 (중앙동)",,35.22387334,128.6778598,,상아약국,,2026-01-28,5670000,경상남도 창원시
경희예담 한약국,경상남도,창원시,경상남도 창원시 성산구 단정로44번길 2 (상남동),,35.21913321,128.6846581,,경희예담 한약국,,2026-01-28,5670000,경상남도 창원시
대방건강 한약국,경상남도,창원시,경상남도 창원시 성산구 대정로 142 (대방동),,35.21014504,128.7092043,,대방건강 한약국,,2026-01-28,5670000,경상남도 창원시
가음정한약국,경상남도,창원시,"경상남도 창원시 성산구 가음정로43번길 1, 가음정빌딩 1층 107호 (가음동)",,35.209418,128.6887888,,가음정한약국,,2026-01-28,5670000,경상남도 창원시
참조은약국,경상남도,창원시,경상남도 창원시 성산구 용지로133번길 3 (중앙동),,35.22730851,128.6794137,,참조은약국,,2026-01-28,5670000,경상남도 창원시
창원세계로약국,경상남도,창원시,"경상남도 창원시 성산구 창원대로 726, 1층 8, 9-2호 (내동, 내동상가아파트)",,35.21710024,128.6704177,,창원세계로약국,,2026-01-28,5670000,경상남도 창원시
세화약국,경상남도,창원시,"경상남도 창원시 성산구 원이대로393번길 25, 케이프타운 (반지동)",,35.2399604,128.6625597,,세화약국,,2026-01-28,5670000,경상남도 창원시
상남메디칼약국,경상남도,창원시,"경상남도 창원시 성산구 상남로 122, 롯데메디컬 1층 101,102호 (상남동)",,35.2237143,128.6833296,,상남메디칼약국,,2026-01-28,5670000,경상남도 창원시
구명약국,경상남도,창원시,"경상남도 창원시 성산구 동산로 162, 무궁화상가 (사파동)",,35.22197238,128.6937067,,구명약국,,2026-01-28,5670000,경상남도 창원시
남천정문약국,경상남도,창원시,"경상남도 창원시 성산구 삼정자로43번길 2, 성산빌딩 1층 109,110호 (성주동)",,35.1982835,128.7110405,,남천정문약국,,2026-01-28,5670000,경상남도 창원시
건강일등약국,경상남도,창원시,"경상남도 창원시 성산구 삼정자로43번길 8, 성주빌딩 1층 103호 (성주동)",,35.19877094,128.7110238,,건강일등약국,,2026-01-28,5670000,경상남도 창원시
정우약국,경상남도,창원시,"경상남도 창원시 성산구 원이대로 587, 정우상가 1층 6호, 18호 (용호동)",,35.22843908,128.6794484,,정우약국,,2026-01-28,5670000,경상남도 창원시
창원약국,경상남도,창원시,"경상남도 창원시 성산구 원이대로 652, 롯데빌딩 105호, 110호 (상남동)",,35.2245126,128.6846767,,창원약국,,2026-01-28,5670000,경상남도 창원시
정다운온누리약국,경상남도,창원시,"경상남도 창원시 성산구 가양로124번길 17-12 (대방동, 실로암빌딩)",,35.20780741,128.7078672,,정다운온누리약국,,2026-01-28,5670000,경상남도 창원시
경상1번약국,경상남도,창원시,"경상남도 창원시 성산구 삼정자로43번길 8, 성주빌딩 105,106호 (성주동)",,35.19877094,128.7110238,,경상1번약국,,2026-01-28,5670000,경상남도 창원시
약손온누리약국,경상남도,창원시,"경상남도 창원시 성산구 원이대로 595, 고운메디컬빌딩 1층 104호 (용호동)",,35.22801205,128.6802604,,약손온누리약국,,2026-01-28,5670000,경상남도 창원시
바나나약국,경상남도,창원시,"경상남도 창원시 성산구 가양로124번길 13, X-mall빌딩 318호 (대방동)",,35.20825867,128.7075527,,바나나약국,,2026-01-28,5670000,경상남도 창원시
올바른약국,경상남도,창원시,"경상남도 창원시 성산구 원이대로 591, X프리빌딩 1층 (용호동)",,35.22811816,128.6799406,,올바른약국,,2026-01-28,5670000,경상남도 창원시
창원한사랑약국,경상남도,창원시,"경상남도 창원시 성산구 마디미로21번길 18, 새마음프라자 1층 (상남동)",,35.22134648,128.6859678,,창원한사랑약국,,2026-01-28,5670000,경상남도 창원시
상남행운약국,경상남도,창원시,"경상남도 창원시 성산구 원이대로 678, 1층 (상남동)",,35.22309703,128.6871951,,상남행운약국,,2026-01-28,5670000,경상남도 창원시
스카이2층약국,경상남도,창원시,"경상남도 창원시 성산구 동산로 122, 스카이웰빙파크 2층 214-2호 (상남동)",,35.21899639,128.690954,,스카이2층약국,,2026-01-28,5670000,경상남도 창원시
초록약국,경상남도,창원시,경상남도 창원시 성산구 가양로124번길 4,,35.209097,128.706756,,초록약국,,2026-01-28,5670000,경상남도 창원시
오렌지약국,경상남도,창원시,"경상남도 창원시 성산구 마디미로16번길 11, 1층 104호 (상남동)",,35.22340972,128.6836442,,오렌지약국,,2026-01-28,5670000,경상남도 창원시
누리약국,경상남도,창원시,경상남도 창원시 성산구 가음로 88 (가음동),,35.2054143,128.7030389,,누리약국,,2026-01-28,5670000,경상남도 창원시
도담약국,경상남도,창원시,"경상남도 창원시 성산구 반송로 148-6, 미건빌딩 1층 106호 (반림동)",,35.23595386,128.6712536,,도담약국,,2026-01-28,5670000,경상남도 창원시
맑은약국,경상남도,창원시,"경상남도 창원시 성산구 가양로124번길 1, 무궁화빌딩 (대방동)",,35.20923243,128.7070227,,맑은약국,,2026-01-28,5670000,경상남도 창원시
참약국,경상남도,창원시,"경상남도 창원시 성산구 마디미서로 26, 한독빌딩 (상남동)",,35.22283682,128.682581,,참약국,,2026-01-28,5670000,경상남도 창원시
조은온누리약국,경상남도,창원시,"경상남도 창원시 성산구 대암로 40-14, 동양람세스빌딩 (남양동)",,35.213697,128.7008364,,조은온누리약국,,2026-01-28,5670000,경상남도 창원시
반송약국,경상남도,창원시,"경상남도 창원시 성산구 원이대로473번길 22, 반송약국 (반림동)",,35.23552347,128.6706574,,반송약국,,2026-01-28,5670000,경상남도 창원시
메디칼큰온누리약국,경상남도,창원시,"경상남도 창원시 성산구 원이대로 664, 창원메디컬 (상남동)",,35.22381168,128.6859221,,메디칼큰온누리약국,,2026-01-28,5670000,경상남도 창원시
메디팜피아노약국,경상남도,창원시,"경상남도 창원시 성산구 마디미로21번길 17, 상남동피아노빌딩 (상남동)",,35.22168559,128.6862279,,메디팜피아노약국,,2026-01-28,5670000,경상남도 창원시
아람약국,경상남도,창원시,"경상남도 창원시 성산구 중앙대로 104, 마이우스빌딩 1층 113호 (상남동)",,35.22349111,128.6808107,,아람약국,,2026-01-28,5670000,경상남도 창원시
아침햇살약국,경상남도,창원시,"경상남도 창원시 성산구 대정로35번길 8-1, 만수상가 (가음동)",,35.20802656,128.6978115,,아침햇살약국,,2026-01-28,5670000,경상남도 창원시
창원보건소,경상남도,창원시,경상남도 창원시 성산구 중앙대로162번안길 8,,35.22796796,128.6855764,,창원보건소,,2026-01-28,5670000,경상남도 창원시
밝은약국,경상남도,창원시,"경상남도 창원시 성산구 상남로 126, 1층 104호 (상남동)",,35.22407732,128.6836462,,밝은약국,,2026-01-28,5670000,경상남도 창원시
창원보건소 건강증진센터,경상남도,창원시,경상남도 창원시 의창구 팔용로451번길 8,,35.2574380732,128.6131896597,,창원보건소 건강증진센터,,2026-01-28,5670000,경상남도 창원시
동전보건진료소,경상남도,창원시,경상남도 창원시 의창구 북면 동전무동길 36-7,,35.31693023,128.5958583,,동전보건진료소,,2026-01-28,5670000,경상남도 창원시
모자약국,경상남도,창원시,경상남도 창원시 성산구 마디미서로 56 (상남동),,35.22063245,128.6806997,,모자약국,,2026-01-28,5670000,경상남도 창원시
인화약국,경상남도,창원시,"경상남도 창원시 성산구 대암로 40-14 (남양동, 동양람세스빌딩)",,35.213697,128.7008364,,인화약국,,2026-01-28,5670000,경상남도 창원시
4층약국,경상남도,창원시,경상남도 창원시 성산구 원이대로 587 (용호동),,35.22843908,128.6794484,,4층약국,,2026-01-28,5670000,경상남도 창원시
약손약국,경상남도,창원시,"경상남도 창원시 성산구 동산로 156 (사파동, 삼익종합상가)",,35.22165833,128.6934151,,약손약국,,2026-01-28,5670000,경상남도 창원시
그린약국,경상남도,창원시,"경상남도 창원시 성산구 동산로 124 (상남동, 성원그랜드쇼핑)",,35.21937354,128.6915928,,그린약국,,2026-01-28,5670000,경상남도 창원시
창원뜰에봄약국,경상남도,창원시,"경상남도 창원시 성산구 상남로 118, CNN타워 1층 102호 일부호 (상남동)",,35.22346544,128.6831244,,창원뜰에봄약국,,2026-01-28,5670000,경상남도 창원시
상남2층약국,경상남도,창원시,"경상남도 창원시 성산구 마디미서로 51 (상남동, 서울메디칼빌딩)",,35.22072624,128.6813176,,상남2층약국,,2026-01-28,5670000,경상남도 창원시
미소약국,경상남도,창원시,경상남도 창원시 성산구 가음로 100 (가음동),,35.20401816,128.7031587,,미소약국,,2026-01-28,5670000,경상남도 창원시
시티7약국,경상남도,창원시,"경상남도 창원시 성산구 원이대로 320 (대원동, 더시티세븐쇼핑몰)",,35.24001772,128.6528719,,시티7약국,,2026-01-28,5670000,경상남도 창원시
창원삼성약국,경상남도,창원시,"경상남도 창원시 성산구 동산로 124 (상남동, 성원그랜드쇼핑)",,35.21937354,128.6915928,,창원삼성약국,,2026-01-28,5670000,경상남도 창원시
굿모닝약국,경상남도,창원시,"경상남도 창원시 성산구 가음로13번길 33 (남양동, 남양종합상가)",,35.21308516,128.7009716,,굿모닝약국,,2026-01-28,5670000,경상남도 창원시
이마트 센트럴 자연약국,경상남도,창원시,"경상남도 창원시 성산구 원이대로 608 (중앙동, 창원이마트)",,35.22653979,128.680191,,이마트 센트럴 자연약국,,2026-01-28,5670000,경상남도 창원시
휴베이스 올리브약국,경상남도,창원시,"경상남도 창원시 성산구 원이대로 578, 구트병원빌딩 (중앙동)",,35.2283755,128.6779429,,휴베이스 올리브약국,,2026-01-28,5670000,경상남도 창원시
스타약국,경상남도,창원시,"경상남도 창원시 성산구 동산로 124, 성원그랜드쇼핑 505-2호 (상남동)",,35.21937354,128.6915928,,스타약국,,2026-01-28,5670000,경상남도 창원시
본초약국,경상남도,창원시,"경상남도 창원시 성산구 동산로 124, 성원아파트 1층 132-2호 (상남동)",,35.21937354,128.6915928,,본초약국,,2026-01-28,5670000,경상남도 창원시
정약국,경상남도,창원시,"경상남도 창원시 성산구 신촌로 108, 신촌메디컬빌딩 1층 104호 (신촌동)",,35.19997675,128.6284808,,정약국,,2026-01-28,5670000,경상남도 창원시
바다약국,경상남도,창원시,"경상남도 창원시 성산구 가양로124번길 23, 크리스탈빌딩 (대방동)",,35.20726841,128.7076301,,바다약국,,2026-01-28,5670000,경상남도 창원시
상남건강한약국,경상남도,창원시,"경상남도 창원시 성산구 마디미동로 25, 비전빌딩 (상남동)",,35.22117422,128.6858088,,상남건강한약국,,2026-01-28,5670000,경상남도 창원시
대학약국,경상남도,창원시,"경상남도 창원시 성산구 삼정자로43번길 2 (성주동, 성산빌딩 1층 103,104호)",,35.1982835,128.7110405,,대학약국,,2026-01-28,5670000,경상남도 창원시
큰창원약국,경상남도,창원시,"경상남도 창원시 성산구 창원대로 726, 7호 (내동, 내동상가아파트)",,35.21710024,128.6704177,,큰창원약국,,2026-01-28,5670000,경상남도 창원시
경상온누리약국,경상남도,창원시,"경상남도 창원시 성산구 삼정자로43번길 2 (성주동, 성산빌딩 1층 107호)",,35.1982835,128.7110405,,경상온누리약국,,2026-01-28,5670000,경상남도 창원시
이랑비랑한약국,경상남도,창원시,"경상남도 창원시 성산구 창이대로492번길 15 (용호동, 지하1층)",,35.23612156,128.6869409,,이랑비랑한약국,,2026-01-28,5670000,경상남도 창원시
더스퀘어메디컬약국,경상남도,창원시,"경상남도 창원시 성산구 대암로 247, A동 105,106호 (성주동, 더스퀘어)",,35.20382338,128.7116652,,더스퀘어메디컬약국,,2026-01-28,5670000,경상남도 창원시
소망온누리약국,경상남도,창원시,"경상남도 창원시 성산구 안민로117번길 8 (안민동, 송원상가)",,35.18653945,128.6897743,,소망온누리약국,,2026-01-28,5670000,경상남도 창원시
주상가성원약국,경상남도,창원시,"경상남도 창원시 성산구 동산로 124, 성원아파트 5층 512호 (상남동)",,35.21937354,128.6915928,,주상가성원약국,,2026-01-28,5670000,경상남도 창원시
이화약국,경상남도,창원시,"경상남도 창원시 성산구 동산로 124, 성원아파트 5층 516호 (상남동)",,35.21937354,128.6915928,,이화약국,,2026-01-28,5670000,경상남도 창원시
창원키다리한약국,경상남도,창원시,"경상남도 창원시 성산구 원이대로589번길 18, 1층 102호 (용호동)",,35.2291848,128.6799052,,창원키다리한약국,,2026-01-28,5670000,경상남도 창원시
해든약국,경상남도,창원시,"경상남도 창원시 성산구 가양로124번길 15, 1층 102호 (대방동, 대암빌딩)",,35.20804206,128.7075561,,해든약국,,2026-01-28,5670000,경상남도 창원시
행복한약국,경상남도,창원시,"경상남도 창원시 성산구 반송로 150, 화성메디칼빌딩 (반림동)",,35.23597863,128.6718157,,행복한약국,,2026-01-28,5670000,경상남도 창원시
창원보건소 사파건강생활지원센터,경상남도,창원시,경상남도 창원시 성산구 창이대로689번길 14,,35.2239366695,128.7026932475,,창원보건소 사파건강생활지원센터,,2026-01-28,5670000,경상남도 창원시
북면보건지소,경상남도,창원시,경상남도 창원시 의창구 북면 천주로 1093-4,,35.34849027,128.6071832,,북면보건지소,,2026-01-28,5670000,경상남도 창원시
동읍보건지소,경상남도,창원시,경상남도 창원시 의창구 동읍 용잠로 41,,35.27974401,128.688901,,동읍보건지소,,2026-01-28,5670000,경상남도 창원시
대산면보건지소,경상남도,창원시,경상남도 창원시 의창구 대산면 주남로 532-22,,35.33070168,128.7083501,,대산면보건지소,,2026-01-28,5670000,경상남도 창원시
선린약국,경상남도,창원시,"경상남도 창원시 성산구 가양로124번길 7, 선린빌딩 (대방동)",,35.20859347,128.7071952,,선린약국,,2026-01-28,5670000,경상남도 창원시
창원터약국,경상남도,창원시,"경상남도 창원시 성산구 중앙대로39번길 6, 제일상가 (중앙동)",,35.21964288,128.675495,,창원터약국,,2026-01-28,5670000,경상남도 창원시
봉강보건진료소,경상남도,창원시,경상남도 창원시 의창구 동읍 동읍로1187번길 14,,35.355773,128.653621,,봉강보건진료소,,2026-01-28,5670000,경상남도 창원시
동화공단타운,경상북도,칠곡군,경상북도 칠곡군 석적읍 대교길 36 (동화공단타운),경상북도 칠곡군 석적읍 남율리 593,36.07580628,128.3969207,,경상북도 칠곡군청,054-979-8210,2025-12-23,5220000,경상북도 칠곡군
남광하우스스토리,경상북도,칠곡군,경상북도 칠곡군 석적읍 서중리4길 32 (남광하우스토리),경상북도 칠곡군 석적읍 남율리 883,36.07540663,128.4008726,,경상북도 칠곡군청,054-979-8210,2025-12-23,5220000,경상북도 칠곡군
효성해링턴3단지,경상북도,칠곡군,경상북도 칠곡군 석적읍 남율로9길 81 (칠곡남율효성해링턴플레이스3단지),경상북도 칠곡군 석적읍 남율리 1511,36.06882277,128.4082583,,경상북도 칠곡군청,054-979-8210,2025-12-23,5220000,경상북도 칠곡군
왜관우방1차 아파트,경상북도,칠곡군,경상북도 칠곡군 왜관읍 중앙로 117,경상북도 칠곡군 왜관읍 왜관리 298-10,35.98539029,128.3984262,,경상북도 칠곡군청,054-979-8210,2025-12-23,5220000,경상북도 칠곡군
왜관태왕아너스센텀,경상북도,칠곡군,경상북도 칠곡군 왜관읍 달오2길 37 (칠곡 왜관 태왕아너스 센텀),경상북도 칠곡군 왜관읍 왜관리 1463,35.97781753,128.4032581,,경상북도 칠곡군청,054-979-8210,2025-12-23,5220000,경상북도 칠곡군
창신아파트,경상북도,칠곡군,경상북도 칠곡군 북삼읍 금오대로6길 9-6 (인평 창신 아파트),경상북도 칠곡군 북삼읍 인평리 1090,36.06782648,128.3488432,,경상북도 칠곡군청,054-979-8210,2025-12-23,5220000,경상북도 칠곡군
진보면사무소,경상북도,청송군,경상북도 청송군 진보면 진안동2길 4-10,경상북도 청송군 진보면 진안리 51-1,36.52945982,129.0467685,입구,청송군보건의료원,054-870-7211,2025-12-19,5160000,경상북도 청송군
파천면사무소,경상북도,청송군,경상북도 청송군 파천면 청송로 5544,경상북도 청송군 파천면 관리 572-1,36.46303067,129.0378435,입구,청송군보건의료원,054-870-7211,2025-12-19,5160000,경상북도 청송군
행복플러스약국,세종특별자치시,없음,세종특별자치시 조치원읍 허만석로 60 (조치원홈플러스),세종특별자치시 조치원읍 번암리 53,36.586372926,127.2977264507,,우체국공익재단,,2026-01-21,5690000,세종특별자치시
성모약국,세종특별자치시,없음,세종특별자치시 조치원읍 조치원2길 5,세종특별자치시 조치원읍 원리 12-1,36.60101942,127.2975889,,우체국공익재단,,2026-01-21,5690000,세종특별자치시
세인약국,세종특별자치시,없음,세종특별자치시 조치원읍 새내로 132,세종특별자치시 조치원읍 교리 15-9,36.60368483,127.2980115,,우체국공익재단,,2026-01-21,5690000,세종특별자치시
종로약국,세종특별자치시,없음,세종특별자치시 조치원읍 조치원로 3,세종특별자치시 조치원읍 원리 10-27,36.6013492,127.2972043,,우체국공익재단,,2026-01-21,5690000,세종특별자치시
해오름 온누리 약국,세종특별자치시,없음,"세종특별자치시 조치원읍 조치원10길 9, 2동 1호",세종특별자치시 조치원읍 상리 71-4,36.6020371,127.3034375,,우체국공익재단,,2026-01-21,5690000,세종특별자치시
세종맑은약국,세종특별자치시,없음,"세종특별자치시 조치원읍 도원1로 16, 상가동 210호 (푸르지오1차)",세종특별자치시 조치원읍 신흥리 398,36.5918540593,127.2898902544,,우체국공익재단,,2026-01-21,5690000,세종특별자치시
믿음약국,세종특별자치시,없음,세종특별자치시 조치원읍 새내로 113-1,세종특별자치시 조치원읍 원리 9-10,36.60199163,127.2977817,,우체국공익재단,,2026-01-21,5690000,세종특별자치시
조치원햇살약국,세종특별자치시,없음,세종특별자치시 조치원읍 새내로 97,세종특별자치시 조치원읍 원리 12-12,36.600401,127.298043,,우체국공익재단,,2026-01-21,5690000,세종특별자치시
하나약국,세종특별자치시,없음,세종특별자치시 조치원읍 새내로 68,세종특별자치시 조치원읍 남리 59-2,36.5979003028,127.2988849684,,우체국공익재단,,2026-01-21,5690000,세종특별자치시
굿모닝약국,세종특별자치시,없음,"세종특별자치시 조치원읍 조치원로 22, 1층",세종특별자치시 조치원읍 원리 6-4,36.60118699,127.2991507,,우체국공익재단,,2026-01-21,5690000,세종특별자치시
우리들약국,세종특별자치시,없음,"세종특별자치시 조치원읍 새내로 122, 메가박스 126~127호",세종특별자치시 조치원읍 교리 24-1,36.60287436,127.298152,,우체국공익재단,,2026-01-21,5690000,세종특별자치시
참편한약국,세종특별자치시,없음,"세종특별자치시 조치원읍 행복8길 2, 102호",세종특별자치시 조치원읍 침산리 270-9,36.60313724,127.2912909,,우체국공익재단,,2026-01-21,5690000,세종특별자치시
현대약국,세종특별자치시,없음,세종특별자치시 전의면 읍내길 11,세종특별자치시 전의면 읍내리 202-1,36.6802619308,127.2043877587,,우체국공익재단,,2026-01-21,5690000,세종특별자치시
삼성약국,세종특별자치시,없음,세종특별자치시 전의면 운주산로 1195,세종특별자치시 전의면 읍내리 252-2,36.679283351,127.2041503411,,우체국공익재단,,2026-01-21,5690000,세종특별자치시
장기약국,세종특별자치시,없음,세종특별자치시 장군면 장척로 405-2,세종특별자치시 장군면 도계리 154-56,36.49744728,127.2055448,,우체국공익재단,,2026-01-21,5690000,세종특별자치시
햇살약국,세종특별자치시,없음,세종특별자치시 장군면 장척로 401,세종특별자치시 장군면 도계리 154-14,36.49716339,127.205198,,우체국공익재단,,2026-01-21,5690000,세종특별자치시
건강약국,세종특별자치시,없음,세종특별자치시 연서면 당산로 353,세종특별자치시 연서면 봉암리 209-2,36.5631289812,127.2828230021,,우체국공익재단,,2026-01-21,5690000,세종특별자치시
남면약국,세종특별자치시,없음,세종특별자치시 연기면 당산로 132-1,세종특별자치시 연기면 연기리 374-5,36.5452029427,127.2778673212,,우체국공익재단,,2026-01-21,5690000,세종특별자치시
새나루약국,세종특별자치시,없음,"세종특별자치시 남세종로73, 111호(집현동, 엘디스타운)",세종특별자치시 집현동 1128,36.491970423,127.3256104963,,우체국공익재단,,2026-01-21,5690000,세종특별자치시
청암약국,세종특별자치시,없음,"세종특별자치시 한누리대로 492, 청암빌딩 (어진동)",세종특별자치시 어진동 549,36.50739237,127.2622958,,우체국공익재단,,2026-01-21,5690000,세종특별자치시
비타민약국,세종특별자치시,없음,"세종특별자치시 절재로 194, 104호 (어진동, 세종드림)",세종특별자치시 어진동 547,36.50830734,127.262445,,우체국공익재단,,2026-01-21,5690000,세종특별자치시
드림약국,세종특별자치시,없음,"세종특별자치시 한누리대로 496, 101, 102호 (어진동, 세종리슈빌S)",세종특별자치시 어진동 548,36.50779991,127.2622363,,우체국공익재단,,2026-01-21,5690000,세종특별자치시
메디팜이화약국,세종특별자치시,없음,"세종특별자치시 한누리대로 499, 세종포스트빌딩 106호 (어진동)",세종특별자치시 어진동 530,36.5080710825,127.261120738,,우체국공익재단,,2026-01-21,5690000,세종특별자치시
사랑채한약국,세종특별자치시,없음,"세종특별자치시 가름로 143, KT&G세종타워B 2층 11호 (어진동)",세종특별자치시 어진동 524,36.4990822724,127.2563276514,,우체국공익재단,,2026-01-21,5690000,세종특별자치시
뱅크약국,세종특별자치시,없음,"세종특별자치시 한누리대로 350, 뱅크빌딩 1층 110호 (어진동)",세종특별자치시 어진동 686,36.4954265,127.2572301,,우체국공익재단,,2026-01-21,5690000,세종특별자치시
어진약국,세종특별자치시,없음,"세종특별자치시 절재로 154, 홈플러스 세종점 1층 X7,Y4호 (어진동)",세종특별자치시 어진동 503,36.5073891,127.2588009,,우체국공익재단,,2026-01-21,5690000,세종특별자치시
세종스마일약국,세종특별자치시,없음,"세종특별자치시 보듬3로 101, 108~109호(아름동)",세종특별자치시 아름동 1358,36.5114019489,127.2484099729,,우체국공익재단,,2026-01-21,5690000,세종특별자치시
아름수약국,세종특별자치시,없음,"세종특별자치시 보듬3로 95, 408호 (아름동, 해피라움3)",세종특별자치시 아름동 1360,36.51138234,127.2489137,,우체국공익재단,,2026-01-21,5690000,세종특별자치시
새빛약국,세종특별자치시,없음,"세종특별자치시 보듬3로 92, 402호 (아름동, 해피라움2상가)",세종특별자치시 아름동 1293,36.5119114947,127.2494735851,,우체국공익재단,,2026-01-21,5690000,세종특별자치시
아름미듬약국,세종특별자치시,없음,"세종특별자치시 보듬3로 91, 309호 (아름동, 해피라움4동)",세종특별자치시 아름동 1362,36.51134951,127.2495728,,우체국공익재단,,2026-01-21,5690000,세종특별자치시
무지개약국,세종특별자치시,없음,"세종특별자치시 보듬3로 92, 307호 (아름동, 해피라움2)",세종특별자치시 아름동 1293,36.5119114947,127.2494735851,,우체국공익재단,,2026-01-21,5690000,세종특별자치시
푸른약국,세종특별자치시,없음,"세종특별자치시 보듬3로 92, 4층 409-2호 (아름동, 해피라움2)",세종특별자치시 아름동 1293,36.5119114947,127.2494735851,,우체국공익재단,,2026-01-21,5690000,세종특별자치시
해피라움약국,세종특별자치시,없음,"세종특별자치시 보듬3로 100, 1동 117호 (아름동, 해피라움1)",세종특별자치시 아름동 1296,36.51195292,127.2486237,,우체국공익재단,,2026-01-21,5690000,세종특별자치시
아이맘약국,세종특별자치시,없음,"세종특별자치시 보듬3로 150, 아름 행복타워 101호 (아름동)",세종특별자치시 아름동 1317,36.51225637,127.2430111,,우체국공익재단,,2026-01-21,5690000,세종특별자치시
아람약국,세종특별자치시,없음,"세종특별자치시 보듬3로 143, 대영프라자 102호 (아름동)",세종특별자치시 아름동 1335,36.5116253,127.2436247,,우체국공익재단,,2026-01-21,5690000,세종특별자치시
아름솔약국,세종특별자치시,없음,"세종특별자치시 보듬3로 95, 해피라움3 3층 304-1호 (아름동)",세종특별자치시 아름동 1360,36.51138234,127.2489137,,우체국공익재단,,2026-01-21,5690000,세종특별자치시
균명한약국,세종특별자치시,없음,"세종특별자치시 보듬3로 100, 해피라움1 103호 (아름동)",세종특별자치시 아름동 1296,36.51195292,127.2486237,,우체국공익재단,,2026-01-21,5690000,세종특별자치시
충대우회전약국,세종특별자치시,없음,세종특별자치시 바른1길 3 (아름동),세종특별자치시 아름동 1162,36.51971556,127.2530714,,우체국공익재단,,2026-01-21,5690000,세종특별자치시
충대대형약국,세종특별자치시,없음,"세종특별자치시 달빛1로 309, 1층 (아름동)",세종특별자치시 아름동 1166,36.5199675,127.2525741,,우체국공익재단,,2026-01-21,5690000,세종특별자치시
해오름약국,세종특별자치시,없음,"세종특별자치시 아름서1길 13-12, 세종 제이디빌딩 105호 (아름동)",세종특별자치시 아름동 1330,36.5116594399,127.2431903122,,우체국공익재단,,2026-01-21,5690000,세종특별자치시
탄탄온누리약국,세종특별자치시,없음,"세종특별자치시 보듬3로 158, 아름메디컬센터 1층 109호 (아름동)",세종특별자치시 아름동 1315,36.5122960891,127.2422172704,,우체국공익재단,,2026-01-21,5690000,세종특별자치시
맑음약국,세종특별자치시,없음,"세종특별자치시 보듬3로 95, 해피라움3 102호 (아름동)",세종특별자치시 아름동 1360,36.51138234,127.2489137,,우체국공익재단,,2026-01-21,5690000,세종특별자치시
소정약국,세종특별자치시,없음,"세종특별자치시 소정면 소정구길 164, 101호",세종특별자치시 소정면 소정리 173-1,36.7185621902,127.1569780892,,우체국공익재단,,2026-01-21,5690000,세종특별자치시
새샘약국,세종특별자치시,없음,"세종특별자치시 소담1로 16, 110호 (소담동, 지엘플렉스2)",세종특별자치시 소담동 580,36.4845723578,127.3011255136,,우체국공익재단,,2026-01-21,5690000,세종특별자치시
미소약국,세종특별자치시,없음,"세종특별자치시 한누리대로 2016, 1층 105호 (소담동, 타임빌딩)",세종특별자치시 소담동 541,36.4850288881,127.2996475673,,우체국공익재단,,2026-01-21,5690000,세종특별자치시
늘봄약국,세종특별자치시,없음,"세종특별자치시 한누리대로 2012, 코끼리타워 1층 116호 (소담동)",세종특별자치시 소담동 540,36.4853193418,127.2998650804,,우체국공익재단,,2026-01-21,5690000,세종특별자치시
소담약국,세종특별자치시,없음,"세종특별자치시 한누리대로 2018, 사이언스타운 111호 (소담동)",세종특별자치시 소담동 543,36.4847219938,127.2993979634,,우체국공익재단,,2026-01-21,5690000,세종특별자치시
본약국,세종특별자치시,없음,"세종특별자치시 한누리대로 2022, 아이콤스타타워 103호 (소담동)",세종특별자치시 소담동 544,36.484483685,127.2991810012,,우체국공익재단,,2026-01-21,5690000,세종특별자치시
예쁜약국,세종특별자치시,없음,"세종특별자치시 한누리대로 1958, 법조타운A 1층 112호 (소담동)",세종특별자치시 소담동 524,36.4896133152,127.3022099486,,우체국공익재단,,2026-01-21,5690000,세종특별자치시
365열린약국,세종특별자치시,없음,"세종특별자치시 새롬중앙로67, 105호(새롬동, 오렌지빌딩)",세종특별자치시 새롬동 580,36.4869124477,127.2502286528,,우체국공익재단,,2026-01-21,5690000,세종특별자치시
새롬솔약국,세종특별자치시,없음,"세종특별자치시 새롬중앙로 59, 새롬빌딩 105호 (새롬동)",세종특별자치시 새롬동 583,36.4860750903,127.2503170266,,우체국공익재단,,2026-01-21,5690000,세종특별자치시
새롬튼튼약국,세종특별자치시,없음,"세종특별자치시 새롬중앙로 47, 404호 (새롬동, 세움빌딩)",세종특별자치시 새롬동 588,36.484864687,127.2508881821,,우체국공익재단,,2026-01-21,5690000,세종특별자치시
늘푸른약국,세종특별자치시,없음,"세종특별자치시 고운서길 19, 세종 스마트큐브Ⅰ (고운동)",세종특별자치시 고운동 1717,36.50585837,127.2339865,,우체국공익재단,,2026-01-21,5690000,세종특별자치시
다나약국,대전광역시,서구,대전광역시 서구 둔산로 121(둔산동),대전광역시 서구 둔산동 1411,36.35158638,127.3874156,,대전광역시 서구,042-288-3582,2025-11-30,3660000,대전광역시 서구
누리약국,대전광역시,서구,대전광역시 서구 문예로 69(둔산동),대전광역시 서구 둔산동 1508,36.3528972845,127.3898621,,대전광역시 서구,042-288-3582,2025-11-30,3660000,대전광역시 서구
건강플러스약국,대전광역시,서구,대전광역시 서구 둔산북로 121(둔산동),대전광역시 서구 둔산동 1380-1,36.35632919,127.3878717083,,대전광역시 서구,042-288-3582,2025-11-30,3660000,대전광역시 서구
21세기약국,대전광역시,서구,대전광역시 서구 문예로 107(둔산동),대전광역시 서구 둔산동 1380-2 홈플러스대전둔산점,36.35632919,127.3872426,,대전광역시 서구,042-288-3582,2025-11-30,3660000,대전광역시 서구
도안종로한약국,대전광역시,서구,대전광역시 서구 동서대로 696(도안동),대전광역시 서구 도안동 854,36.33182167,127.3401989237,,대전광역시 서구,042-288-3582,2025-11-30,3660000,대전광역시 서구
그린약국,대전광역시,서구,대전광역시 서구 도안중로 306(도안동),대전광역시 서구 도안동 1478,36.31261415,127.3507201,,대전광역시 서구,042-288-3582,2025-11-30,3660000,대전광역시 서구
가수원프라자약국,대전광역시,서구,대전광역시 서구 계백로 1141(도안동),대전광역시 서구 도안동 1782,36.30480344,127.350041,,대전광역시 서구,042-288-3582,2025-11-30,3660000,대전광역시 서구
도토리약국,대전광역시,서구,대전광역시 서구 도산로 51(도마동),대전광역시 서구 도마동 172-15,36.3134168461,127.3795775,,대전광역시 서구,042-288-3582,2025-11-30,3660000,대전광역시 서구
도마조아약국,대전광역시,서구,대전광역시 서구 배재로 175(도마동),대전광역시 서구 도마동 194-1,36.3240913347,127.370083511,,대전광역시 서구,042-288-3582,2025-11-30,3660000,대전광역시 서구
도마약국,대전광역시,서구,대전광역시 서구 계백로 1410(도마동),대전광역시 서구 도마동 185-25,36.31205207,127.3782893246,,대전광역시 서구,042-288-3582,2025-11-30,3660000,대전광역시 서구
도마솔약국,대전광역시,서구,대전광역시 서구 도산로 63(도마동),대전광역시 서구 도마동 145-18,36.31414707,127.3792316,,대전광역시 서구,042-288-3582,2025-11-30,3660000,대전광역시 서구
도마프라자약국,대전광역시,서구,대전광역시 서구 도산로 45(도마동),대전광역시 서구 도마동 174-4,36.31268066,127.3803682,,대전광역시 서구,042-288-3582,2025-11-30,3660000,대전광역시 서구
도마태평양약국,대전광역시,서구,대전광역시 서구 배재로 182-1(도마동),대전광역시 서구 도마동 24-19,36.32476074,127.3705752211,,대전광역시 서구,042-288-3582,2025-11-30,3660000,대전광역시 서구
대영온누리약국,대전광역시,서구,대전광역시 서구 배재로 156(도마동),대전광역시 서구 도마동 50-14,36.32227606,127.3704716,,대전광역시 서구,042-288-3582,2025-11-30,3660000,대전광역시 서구
내동우리약국,대전광역시,서구,대전광역시 서구 동서대로 981(내동),대전광역시 서구 내동 160-17,36.33435501,127.3714854,,대전광역시 서구,042-288-3582,2025-11-30,3660000,대전광역시 서구
구인당약국,대전광역시,서구,대전광역시 서구 동서대로 1016(내동),대전광역시 서구 내동 28-20,36.33211702,127.3746072089,,대전광역시 서구,042-288-3582,2025-11-30,3660000,대전광역시 서구
기성약국,대전광역시,서구,대전광역시 서구 벌곡로 653-1(흑석동),대전광역시 서구 흑석동 884,36.25485872,127.3409192,,대전광역시 서구,042-288-3582,2025-11-30,3660000,대전광역시 서구
다사랑약국,대전광역시,서구,대전광역시 서구 계룡로 618(괴정동),대전광역시 서구 괴정동 423-5,36.3397002436,127.3908007,,대전광역시 서구,042-288-3582,2025-11-30,3660000,대전광역시 서구
괴정약국,대전광역시,서구,대전광역시 서구 괴정로 106(괴정동),대전광역시 서구 괴정동 78-18,36.33813455,127.3845342,,대전광역시 서구,042-288-3582,2025-11-30,3660000,대전광역시 서구
더좋은약국,대전광역시,서구,대전광역시 서구 관저로 23,대전광역시 서구 관저동 1952-5,36.2962883776,127.3259883,,대전광역시 서구,042-288-3582,2025-11-30,3660000,대전광역시 서구
대전온누리약국,대전광역시,서구,대전광역시 서구 관저동로 88(관저동),대전광역시 서구 관저동 1415,36.30002357,127.3410254,,대전광역시 서구,042-288-3582,2025-11-30,3660000,대전광역시 서구
늘사랑약국,대전광역시,서구,대전광역시 서구 관저중로95번길 57(관저동),대전광역시 서구 관저동 1112,36.30107911,127.3316448,,대전광역시 서구,042-288-3582,2025-11-30,3660000,대전광역시 서구
느리울약국,대전광역시,서구,대전광역시 서구 구봉로 125(관저동),대전광역시 서구 관저동 1544,36.2966967939,127.3369465,,대전광역시 서구,042-288-3582,2025-11-30,3660000,대전광역시 서구
나의라임약국,대전광역시,서구,대전광역시 서구 관저중로 98(관저동),대전광역시 서구 관저동 1008,36.30091078,127.3354197,,대전광역시 서구,042-288-3582,2025-11-30,3660000,대전광역시 서구
나라약국,대전광역시,서구,대전광역시 서구 관저로 172(관저동),대전광역시 서구 관저동 1405,36.29875901,127.3410311113,,대전광역시 서구,042-288-3582,2025-11-30,3660000,대전광역시 서구
구봉온누리약국,대전광역시,서구,"대전광역시 서구 관저로 84(관저동, 구봉마을 8단지)",대전광역시 서구 관저동 1148,36.2974746852,127.3300676727,,대전광역시 서구,042-288-3582,2025-11-30,3660000,대전광역시 서구
구름약국,대전광역시,서구,대전광역시 서구 구봉로 137,대전광역시 서구 관저동 1541,36.296688355,127.3381544,,대전광역시 서구,042-288-3582,2025-11-30,3660000,대전광역시 서구
관저온누리약국,대전광역시,서구,대전광역시 서구 관저중로 72(관저동),대전광역시 서구 관저동 1105,36.29860058,127.3352988,,대전광역시 서구,042-288-3582,2025-11-30,3660000,대전광역시 서구
관저길약국,대전광역시,서구,대전광역시 서구 구봉로 121(관저동),대전광역시 서구 관저동 1546,36.29669992,127.3363467,,대전광역시 서구,042-288-3582,2025-11-30,3660000,대전광역시 서구
365스마일약국,대전광역시,서구,대전광역시 서구 관저로 27(관저동),대전광역시 서구 관저동 1952-3,36.29678769,127.3261351,,대전광역시 서구,042-288-3582,2025-11-30,3660000,대전광역시 서구
더관저우리들약국,대전광역시,서구,대전광역시 서구 도안대로 25(관저동),대전광역시 서구 관저동 1727,36.30382034,127.334392,,대전광역시 서구,042-288-3582,2025-11-30,3660000,대전광역시 서구
길조온누리약국,대전광역시,서구,대전광역시 서구 도안남로 148(관저동),대전광역시 서구 관저동 1752,36.30433611,127.3366952,,대전광역시 서구,042-288-3582,2025-11-30,3660000,대전광역시 서구
광장약국,대전광역시,서구,대전광역시 서구 관저북로13번길 23-12(관저동),대전광역시 서구 관저동 1781,36.30248134,127.3354941,,대전광역시 서구,042-288-3582,2025-11-30,3660000,대전광역시 서구
관저종로약국,대전광역시,서구,대전광역시 서구 관저북로 25(관저동),대전광역시 서구 관저동 1754,36.30397247,127.3367311,,대전광역시 서구,042-288-3582,2025-11-30,3660000,대전광역시 서구
관저우리약국,대전광역시,서구,대전광역시 서구 관저동로 170(관저동),대전광역시 서구 관저동 1896,36.30733096,127.341165,,대전광역시 서구,042-288-3582,2025-11-30,3660000,대전광역시 서구
건양행복약국,대전광역시,서구,대전광역시 서구 관저동로 162,대전광역시 서구 관저동 1899,36.30656898,127.3411443,,대전광역시 서구,042-288-3582,2025-11-30,3660000,대전광역시 서구
건양정문약국,대전광역시,서구,대전광역시 서구 관저동로 162(관저동),대전광역시 서구 관저동 1899,36.30656898,127.3411443,,대전광역시 서구,042-288-3582,2025-11-30,3660000,대전광역시 서구
건양사랑약국,대전광역시,서구,대전광역시 서구 관저동로 164(관저동),대전광역시 서구 관저동 1898,36.30687429,127.3411466,,대전광역시 서구,042-288-3582,2025-11-30,3660000,대전광역시 서구
건양건강약국,대전광역시,서구,대전광역시 서구 관저동로 164(관저동),대전광역시 서구 관저동 1898,36.30687429,127.3411466,,대전광역시 서구,042-288-3582,2025-11-30,3660000,대전광역시 서구
다정약국,대전광역시,서구,대전광역시 서구 갈마중로 11(갈마동),대전광역시 서구 갈마동 343-45,36.3476971412,127.3705182,,대전광역시 서구,042-288-3582,2025-11-30,3660000,대전광역시 서구
기쁨가득한약국,대전광역시,서구,대전광역시 서구 갈마로 79(갈마동),대전광역시 서구 갈마동 394-16,36.3452122633,127.3697542197,,대전광역시 서구,042-288-3582,2025-11-30,3660000,대전광역시 서구
갈마약국,대전광역시,서구,대전광역시 서구 계룡로 353(갈마동),대전광역시 서구 갈마동 261-14,36.35371527,127.3683205975,,대전광역시 서구,042-288-3582,2025-11-30,3660000,대전광역시 서구
갈마드림약국,대전광역시,서구,대전광역시 서구 신갈마로 110-1(갈마동),대전광역시 서구 갈마동 393-13,36.34387587,127.368789751,,대전광역시 서구,042-288-3582,2025-11-30,3660000,대전광역시 서구
가장태평양약국,대전광역시,서구,대전광역시 서구 동서대로 1147(가장동),대전광역시 서구 가장동 32-23,36.3280317189,127.3878309,,대전광역시 서구,042-288-3582,2025-11-30,3660000,대전광역시 서구
가장약국,대전광역시,서구,대전광역시 서구 도산로 286(가장동),대전광역시 서구 가장동 45-9,36.33197278,127.3855875422,,대전광역시 서구,042-288-3582,2025-11-30,3660000,대전광역시 서구
참고운약국,세종특별자치시,없음,"세종특별자치시 마음로 70, 1층 104호 (고운동, 에셀프라자)",세종특별자치시 고운동 1720,36.50504445,127.234397,,우체국공익재단,,2026-01-21,5690000,세종특별자치시
고운길온누리약국,세종특별자치시,없음,"세종특별자치시 마음로 272-4 (고운동, 고운메디프라자)",세종특별자치시 고운동 1372,36.51958542,127.2353399,,우체국공익재단,,2026-01-21,5690000,세종특별자치시
정담 한약국,세종특별자치시,없음,"세종특별자치시 마음안1로 137, 가락마을18단지 근린생활시설 (고운동)",세종특별자치시 고운동 2112,36.5210681156,127.2351065942,,우체국공익재단,,2026-01-21,5690000,세종특별자치시
153약국,세종특별자치시,없음,"세종특별자치시 마음로 78, 세종 스마트큐브Ⅱ 2층 205호 (고운동)",세종특별자치시 고운동 1718,36.5055364428,127.2337286137,,우체국공익재단,,2026-01-21,5690000,세종특별자치시
코끼리약국,세종특별자치시,없음,"세종특별자치시 마음로 74, 104호 (고운동, 그랜드프라자)",세종특별자치시 고운동 1719,36.50527911,127.2340758,,우체국공익재단,,2026-01-21,5690000,세종특별자치시
고운우리약국,세종특별자치시,없음,"세종특별자치시 마음로 264, 107호 (고운동, 고운프라자)",세종특별자치시 고운동 1370,36.5193378,127.2345993,,우체국공익재단,,2026-01-21,5690000,세종특별자치시
두루약국,세종특별자치시,없음,"세종특별자치시 마음로 272-17, 105호(고운동)",세종특별자치시 고운동 1378,36.51850109,127.2352827,,우체국공익재단,,2026-01-21,5690000,세종특별자치시
안덕면사무소,경상북도,청송군,경상북도 청송군 안덕면 안덕로 80,경상북도 청송군 안덕면 명당리 433-6,36.28884873,128.9596528,입구,청송군보건의료원,054-870-7211,2025-12-19,5160000,경상북도 청송군
현서면사무소,경상북도,청송군,경상북도 청송군 현서면 구산동로 27,경상북도 청송군 현서면 구산리 97-1,36.27590606,128.895944,입구,청송군보건의료원,054-870-7211,2025-12-19,5160000,경상북도 청송군
엘약국,세종특별자치시,없음,"세종특별자치시 새롬중앙로 55, 103호 (새롬동, 행운빌딩)",세종특별자치시 새롬동 584,36.4857659244,127.250394146,,우체국공익재단,,2026-01-21,5690000,세종특별자치시
새롬가온약국,세종특별자치시,없음,"세종특별자치시 새롬중앙로 62-15, 해피라움W 3층 302호 (새롬동)",세종특별자치시 새롬동 579,36.4868959884,127.2511736867,,우체국공익재단,,2026-01-21,5690000,세종특별자치시
새롬정약국,세종특별자치시,없음,"세종특별자치시 새롬중앙로 62-15, 해피라움W 402호 (새롬동)",세종특별자치시 새롬동 579,36.4868959884,127.2511736867,,우체국공익재단,,2026-01-21,5690000,세종특별자치시
영광약국,세종특별자치시,없음,"세종특별자치시 새롬중앙로 64, 세종영광프라자 1층 (새롬동)",세종특별자치시 새롬동 578,36.4865646548,127.2509989078,,우체국공익재단,,2026-01-21,5690000,세종특별자치시
새뜸365약국,세종특별자치시,없음,"세종특별자치시 새롬중앙로 41, 무지개타워 110호 (새롬동)",세종특별자치시 새롬동 590,36.4845298325,127.251250006,,우체국공익재단,,2026-01-21,5690000,세종특별자치시
효약국,세종특별자치시,없음,"세종특별자치시 새롬중앙로 34, 크리스마스빌딩 103호 (새롬동)",세종특별자치시 새롬동 574,36.4845968209,127.2525192977,,우체국공익재단,,2026-01-21,5690000,세종특별자치시
은사약국,세종특별자치시,없음,세종특별자치시 부강면 시장길 26,세종특별자치시 부강면 부강리 464-41,36.5290350974,127.3682758199,,우체국공익재단,,2026-01-21,5690000,세종특별자치시
민약국,세종특별자치시,없음,세종특별자치시 부강면 부강2길 12,세종특별자치시 부강면 부강리 442-14,36.53017772,127.3669412,,우체국공익재단,,2026-01-21,5690000,세종특별자치시
아름약국,세종특별자치시,없음,세종특별자치시 부강면 부촌길 28,세종특별자치시 부강면 부강리 466-6,36.52894136,127.3676097755,,우체국공익재단,,2026-01-21,5690000,세종특별자치시
나라약국,세종특별자치시,없음,세종특별자치시 부강면 부강로 35-1,세종특별자치시 부강면 부강리 430-8,36.52910922,127.366153,,우체국공익재단,,2026-01-21,5690000,세종특별자치시
부광약국,세종특별자치시,없음,세종특별자치시 부강면 부강4길 5-1,세종특별자치시 부강면 부강리 438-2,36.5291036992,127.3671864615,,우체국공익재단,,2026-01-21,5690000,세종특별자치시
메디팜큰사랑약국,세종특별자치시,없음,"세종특별자치시 남세종로 458, 110호 (보람동, 아리랑빌딩)",세종특별자치시 보람동 758,36.4770450049,127.289232789,,우체국공익재단,,2026-01-21,5690000,세종특별자치시
병아리약국,세종특별자치시,없음,"세종특별자치시 한누리대로 2129, 스타힐타워2 105호 (보람동)",세종특별자치시 보람동 744,36.4785885477,127.2897048466,,우체국공익재단,,2026-01-21,5690000,세종특별자치시
보람약국,세종특별자치시,없음,"세종특별자치시 남세종로 454, 강남제일타워 102호 (보람동)",세종특별자치시 보람동 759,36.4772415555,127.289695635,,우체국공익재단,,2026-01-21,5690000,세종특별자치시
서울약국,세종특별자치시,없음,"세종특별자치시 남세종로 450, 보람빌딩 104호 (보람동)",세종특별자치시 보람동 760,36.4774122027,127.2900998684,,우체국공익재단,,2026-01-21,5690000,세종특별자치시
세종시티약국,세종특별자치시,없음,"세종특별자치시 한누리대로 2143, 금강시티타워 1층 105호 (보람동)",세종특별자치시 보람동 742,36.4780567441,127.2884399896,,우체국공익재단,,2026-01-21,5690000,세종특별자치시
쓰담약국,세종특별자치시,없음,"세종특별자치시 한누리대로 2149, 엔젤타워 (보람동)",세종특별자치시 보람동 741,36.4778051744,127.2878412452,,우체국공익재단,,2026-01-21,5690000,세종특별자치시
더건강한약국,세종특별자치시,없음,"세종특별자치시 한누리대로 1934, 메인타워 105~106호 (반곡동)",세종특별자치시 반곡동 845,36.4916172214,127.3035579054,,우체국공익재단,,2026-01-21,5690000,세종특별자치시
반곡중앙약국,세종특별자치시,없음,"세종특별자치시 한누리대로 1824, 1층 111호 (반곡동)",세종특별자치시 반곡동 865,36.4980498032,127.3117517575,,우체국공익재단,,2026-01-21,5690000,세종특별자치시
반곡수약국,세종특별자치시,없음,"세종특별자치시 한누리대로 1828, 시드니블루 103호 (반곡동)",세종특별자치시 반곡동 865,36.4980498032,127.3117517575,,우체국공익재단,,2026-01-21,5690000,세종특별자치시
스타약국,세종특별자치시,없음,"세종특별자치시 한누리대로 1820, 왕관빌딩 107호 (반곡동)",세종특별자치시 반곡동 862,36.4981217113,127.3129000031,,우체국공익재단,,2026-01-21,5690000,세종특별자치시
세종바름약국,세종특별자치시,없음,"세종특별자치시 한누리대로 1844, 116호 (반곡동)",세종특별자치시 반곡동 868,36.4978531095,127.3099513851,,우체국공익재단,,2026-01-21,5690000,세종특별자치시
도램약국,세종특별자치시,없음,"세종특별자치시 보듬3로 6, 211호 (도담동, 라온프라이빗시티2상가)",세종특별자치시 도담동 667,36.5128535716,127.2589411392,,우체국공익재단,,2026-01-21,5690000,세종특별자치시
라온약국,세종특별자치시,없음,"세종특별자치시 보듬3로 8-12, 101-1호 (도담동, 라온프라이빗시티1상가)",세종특별자치시 도담동 665,36.5134267,127.2587788,,우체국공익재단,,2026-01-21,5690000,세종특별자치시
우리약국,세종특별자치시,없음,"세종특별자치시 보듬3로 6, 204-1호 (도담동, 라온프라이빗시티2)",세종특별자치시 도담동 667,36.5128535716,127.2589411392,,우체국공익재단,,2026-01-21,5690000,세종특별자치시
도담약국,세종특별자치시,없음,"세종특별자치시 보듬4로 9, 305호 (도담동, 도램마을11단지)",세종특별자치시 도담동 653,36.513113139,127.2607040779,,우체국공익재단,,2026-01-21,5690000,세종특별자치시
참빛약국,세종특별자치시,없음,"세종특별자치시 보듬3로 8-20, 세종한신휴시티 120,121호 (도담동)",세종특별자치시 도담동 660,36.51430543,127.2586021,,우체국공익재단,,2026-01-21,5690000,세종특별자치시
세종행복약국,세종특별자치시,없음,"세종특별자치시 한누리대로 583, 1층 117호 (도담동)",세종특별자치시 도담동 657,36.51528164,127.2584831,,우체국공익재단,,2026-01-21,5690000,세종특별자치시
대학로약국,세종특별자치시,없음,"세종특별자치시 한누리대로 589, 해피라움7 105호 (도담동)",세종특별자치시 도담동 655,36.51592964,127.2584529,,우체국공익재단,,2026-01-21,5690000,세종특별자치시
충대십자약국,세종특별자치시,없음,"세종특별자치시 다솜1로 200, 408동 103호,104호 (도담동, 도램마을 4단지)",세종특별자치시 도담동 681,36.5158507764,127.256536672,,우체국공익재단,,2026-01-21,5690000,세종특별자치시
세종충대약국,세종특별자치시,없음,"세종특별자치시 도담서4길 3, 1층 (도담동)",세종특별자치시 도담동 625,36.5169467163,127.2557591287,,우체국공익재단,,2026-01-21,5690000,세종특별자치시
가까운약국,세종특별자치시,없음,"세종특별자치시 다솜1로 220, 509동 102호,201호 (도담동, 도램마을 5단지)",세종특별자치시 도담동 627,36.5181372214,127.2567696283,,우체국공익재단,,2026-01-21,5690000,세종특별자치시
가감 충대정문약국,세종특별자치시,없음,"세종특별자치시 다솜1로 220, 509동 103~104호 (도담동, 도램마을 5단지)",세종특별자치시 도담동 627,36.5181372214,127.2567696283,,우체국공익재단,,2026-01-21,5690000,세종특별자치시
늘조은약국,세종특별자치시,없음,"세종특별자치시 갈매로 58, 황산프라자 119호(대평동)",세종특별자치시 대평동 692,36.471064201,127.2754463075,,우체국공익재단,,2026-01-21,5690000,세종특별자치시
하트약국,세종특별자치시,없음,"세종특별자치시 한누리대로 2265, 세종메디컬센터 1동 110호(대평동)",세종특별자치시 대평동 697,36.4720964037,127.277201548,,우체국공익재단,,2026-01-21,5690000,세종특별자치시
메디팜365약국,세종특별자치시,없음,"세종특별자치시 한누리대로 2264, 105-106호 (대평동, 씨티오브드림)",세종특별자치시 대평동 685,36.4730070671,127.2767889079,,우체국공익재단,,2026-01-21,5690000,세종특별자치시
한누리약국,세종특별자치시,없음,"세종특별자치시 한누리대로 2281, SM메디컬센터 121,122호 (대평동)",세종특별자치시 대평동 693,36.4712866657,127.2759078546,,우체국공익재단,,2026-01-21,5690000,세종특별자치시
우리두리약국,세종특별자치시,없음,"세종특별자치시 한누리대로 2257, 판타지타워 104호 (대평동)",세종특별자치시 대평동 699,36.472579299,127.2780257603,,우체국공익재단,,2026-01-21,5690000,세종특별자치시
세종코코약국,세종특별자치시,없음,"세종특별자치시 다정중앙로 52, 페스티발2 1층 107호 (다정동)",세종특별자치시 다정동 933,36.4951800119,127.2492481148,,우체국공익재단,,2026-01-21,5690000,세종특별자치시
다정온누리약국,세종특별자치시,없음,"세종특별자치시 다정중앙로 45, 다정프라자 1층 110호 (다정동)",세종특별자치시 다정동 941,36.494472581,127.2486028251,,우체국공익재단,,2026-01-21,5690000,세종특별자치시
가온약국,세종특별자치시,없음,"세종특별자치시 다정중앙로 57, 다정센타프라자 (다정동)",세종특별자치시 다정동 945,36.4956789994,127.2485200466,,우체국공익재단,,2026-01-21,5690000,세종특별자치시
한사랑약국,세종특별자치시,없음,"세종특별자치시 다정중앙로 51, 더다정빌딩 103-104호 (다정동)",세종특별자치시 다정동 943,36.4950129644,127.2485610455,,우체국공익재단,,2026-01-21,5690000,세종특별자치시
올약국,세종특별자치시,없음,"세종특별자치시 다정북로 109, 상가동 1층 109호 (다정동, 가온마을3단지)",세종특별자치시 다정동 916,36.4976019111,127.2426744315,,우체국공익재단,,2026-01-21,5690000,세종특별자치시
명지약국,세종특별자치시,없음,"세종특별자치시 다정중앙로 58, 다정메디프라자 108호 (다정동)",세종특별자치시 다정동 932,36.4956483082,127.2492189343,,우체국공익재단,,2026-01-21,5690000,세종특별자치시
다정365약국,세종특별자치시,없음,"세종특별자치시 다정중앙로 40, 리치타워 103호 (다정동)",세종특별자치시 다정동 938,36.4939999132,127.2493766974,,우체국공익재단,,2026-01-21,5690000,세종특별자치시
세종 권약국,세종특별자치시,없음,"세종특별자치시 가온로 8, 104호 (다정동)",세종특별자치시 다정동 971,36.4914928306,127.2548708152,,우체국공익재단,,2026-01-21,5690000,세종특별자치시
행복약국,세종특별자치시,없음,"세종특별자치시 나성북로 30, 퍼스트원 636, 637호(나성동)",세종특별자치시 나성동 809,36.4890526701,127.2602306591,,우체국공익재단,,2026-01-21,5690000,세종특별자치시
사랑온누리약국,세종특별자치시,없음,"세종특별자치시 한누리대로 157, 106호 (나성동, 금강프라자)",세종특별자치시 나성동 723,36.47932537,127.2624714,,우체국공익재단,,2026-01-21,5690000,세종특별자치시
메디팜세종약국,세종특별자치시,없음,"세종특별자치시 한누리대로 165, 104호 (나성동, 세종메디피아)",세종특별자치시 나성동 721,36.47993788,127.2620238,,우체국공익재단,,2026-01-21,5690000,세종특별자치시
한아름약국,세종특별자치시,없음,"세종특별자치시 한누리대로 169, 세종행복타워 116호 (나성동)",세종특별자치시 나성동 720,36.48023627,127.2618137,,우체국공익재단,,2026-01-21,5690000,세종특별자치시
더세종약국,세종특별자치시,없음,세종특별자치시 한누리대로 273 (나성동),세종특별자치시 나성동 741,36.4885263269,127.2564850461,,우체국공익재단,,2026-01-21,5690000,세종특별자치시
하늘약국,세종특별자치시,없음,"세종특별자치시 한누리대로 253, 에스빌딩 112호 (나성동)",세종특별자치시 나성동 745,36.48680031,127.2572517,,우체국공익재단,,2026-01-21,5690000,세종특별자치시
NK드림약국,세종특별자치시,없음,"세종특별자치시 한누리대로 161, 세종시 NK리움힐 상가 115,116호 (나성동)",세종특별자치시 나성동 722,36.4796227764,127.2622568597,,우체국공익재단,,2026-01-21,5690000,세종특별자치시
세종사랑약국,세종특별자치시,없음,"세종특별자치시 한누리대로 245, 119호 (나성동, 에스알파크원)",세종특별자치시 나성동 747,36.48607107,127.2576793,,우체국공익재단,,2026-01-21,5690000,세종특별자치시
더오케이약국,세종특별자치시,없음,"세종특별자치시 한누리대로 331, 1층 129호 (나성동, SR파크센텀)",세종특별자치시 나성동 727,36.49393277,127.2558359,,우체국공익재단,,2026-01-21,5690000,세종특별자치시
스마일온누리약국,세종특별자치시,없음,"세종특별자치시 한누리대로 249, 에스제이타워 105호 (나성동)",세종특별자치시 나성동 746,36.4864294987,127.2574543969,,우체국공익재단,,2026-01-21,5690000,세종특별자치시
아름다운 약국,세종특별자치시,없음,"세종특별자치시 한누리대로 265, 명동프라자 113호 (나성동)",세종특별자치시 나성동 743,36.48782261,127.2567401,,우체국공익재단,,2026-01-21,5690000,세종특별자치시
세종다온약국,세종특별자치시,없음,"세종특별자치시 한누리대로 275, 형성프라자 112호 (나성동)",세종특별자치시 나성동 740,36.4888053794,127.2563759267,,우체국공익재단,,2026-01-21,5690000,세종특별자치시
더센트럴5층약국,세종특별자치시,없음,"세종특별자치시 나성로 96, 더센트럴 542호 (나성동)",세종특별자치시 나성동 811,36.4878829886,127.2609706325,,우체국공익재단,,2026-01-21,5690000,세종특별자치시
넘버원약국,세종특별자치시,없음,"세종특별자치시 국세청로 45, A동 120호 (나성동, 나릿재마을 3단지)",세종특별자치시 나성동 833,36.488874189,127.2623538593,,우체국공익재단,,2026-01-21,5690000,세종특별자치시
인생약국,세종특별자치시,없음,"세종특별자치시 나성북로 30, 퍼스트원 542호 (나성동)",세종특별자치시 나성동 809,36.4890526701,127.2602306591,,우체국공익재단,,2026-01-21,5690000,세종특별자치시
기린약국,세종특별자치시,없음,"세종특별자치시 나성로 96, 더센트럴 426호 (나성동)",세종특별자치시 나성동 811,36.4878829886,127.2609706325,,우체국공익재단,,2026-01-21,5690000,세종특별자치시
대평약국,세종특별자치시,없음,세종특별자치시 금남면 용포로 113,세종특별자치시 금남면 용포리 213-7,36.4684082186,127.2812106241,,우체국공익재단,,2026-01-21,5690000,세종특별자치시
서울지역본부,서울특별시,중구,서울특별시 중구 퇴계로 173,서울특별시 중구 충무로3가 60-1,37.56182572,126.9910585,,서울특별시 중구,02-3396-5486,2026-01-26,3010000,서울특별시 중구
현동면사무소,경상북도,청송군,경상북도 청송군 현동면 청송로 2647,경상북도 청송군 현동면 도평리 794-1,36.29065724,129.016838,입구,청송군보건의료원,054-870-7211,2025-12-19,5160000,경상북도 청송군
부남면사무소,경상북도,청송군,경상북도 청송군 부남면 대전로 119,경상북도 청송군 부남면 대전리 638-2,36.34458178,129.0633723,입구,청송군보건의료원,054-870-7211,2025-12-19,5160000,경상북도 청송군
주왕산면사무소,경상북도,청송군,경상북도 청송군 주왕산면 이전앞길 1,경상북도 청송군 주왕산면 주산지리 829-5,36.35688908,129.159339,입구,청송군보건의료원,054-870-7211,2025-12-19,5160000,경상북도 청송군
청송읍사무소,경상북도,청송군,경상북도 청송군 청송읍 금곡1길 28,경상북도 청송군 청송읍 금곡리 797,36.42799455,129.0576056,입구,청송군보건의료원,054-870-7211,2025-12-19,5160000,경상북도 청송군
대웅약국,경상북도,청송군,"경상북도 청송군 진보면 진안로 23, 진안동 162호",경상북도 청송군 진보면 진안리 384-22,36.5284016,129.0451562,입구,청송군보건의료원,054-870-7211,2025-12-19,5160000,경상북도 청송군
부남약국,경상북도,청송군,경상북도 청송군 부남면 대전로 144,경상북도 청송군 부남면 대전리 64-15,36.3467151,129.0644364,입구,청송군보건의료원,054-870-7211,2025-12-19,5160000,경상북도 청송군
대구약국,경상북도,청송군,경상북도 청송군 진보면 진보로 121,경상북도 청송군 진보면 진안리 736-72,36.52877965,129.0449374,입구,청송군보건의료원,054-870-7211,2025-12-19,5160000,경상북도 청송군
경북약국,경상북도,청송군,경상북도 청송군 진보면 진보로 108-1,경상북도 청송군 진보면 진안리 424-23,36.52892154,129.0433853,입구,청송군보건의료원,054-870-7211,2025-12-19,5160000,경상북도 청송군
진보약국,경상북도,청송군,경상북도 청송군 진보면 진보로 115,경상북도 청송군 진보면 진안리 472-16,36.52878748,129.0443658,입구,청송군보건의료원,054-870-7211,2025-12-19,5160000,경상북도 청송군
메디팜사랑약국,경상북도,청송군,경상북도 청송군 청송읍 의료원길 9,경상북도 청송군 청송읍 금곡리 858-2,36.43022369,129.0531649,입구,청송군보건의료원,054-870-7211,2025-12-19,5160000,경상북도 청송군
한일약국,경상북도,청송군,경상북도 청송군 청송읍 강변로 43,경상북도 청송군 청송읍 월막리 425-10,36.4359456,129.0514659,입구,청송군보건의료원,054-870-7211,2025-12-19,5160000,경상북도 청송군
우리약국,경상북도,청송군,경상북도 청송군 현서면 구산북로 67,경상북도 청송군 현서면 구산리 98-3,36.2761076,128.8966247,입구,청송군보건의료원,054-870-7211,2025-12-19,5160000,경상북도 청송군
진보동산약국,경상북도,청송군,경상북도 청송군 진보면 진보로 108,경상북도 청송군 진보면 진안리 423-7,36.5289695,129.043202,입구,청송군보건의료원,054-870-7211,2025-12-19,5160000,경상북도 청송군
주왕산약국,경상북도,청송군,경상북도 청송군 청송읍 금월로 267,경상북도 청송군 청송읍 월막리 357-2,36.4328301,129.0560183,입구,청송군보건의료원,054-870-7211,2025-12-19,5160000,경상북도 청송군
도평약국,경상북도,청송군,경상북도 청송군 현동면 청송로 2657,경상북도 청송군 현동면 도평리 712-4,36.2901717,129.0176225,입구,청송군보건의료원,054-870-7211,2025-12-19,5160000,경상북도 청송군
종합민원과,경상북도,청송군,경상북도 청송군 청송읍 군청로 51,경상북도 청송군 청송읍 월막리 330,36.43625174,129.0570719,입구,청송군보건의료원,054-870-7211,2025-12-19,5160000,경상북도 청송군
신기보건진료소,경상북도,청송군,경상북도 청송군 파천면 신기길 19,경상북도 청송군 파천면 신기리 711-4,36.513276,129.0322777,입구,청송군보건의료원,054-870-7211,2025-12-19,5160000,경상북도 청송군
관리보건진료소,경상북도,청송군,경상북도 청송군 파천면 청송로 5548-13,경상북도 청송군 파천면 관리 554-3,36.46348257,129.038196,입구,청송군보건의료원,054-870-7211,2025-12-19,5160000,경상북도 청송군
지소보건진료소,경상북도,청송군,경상북도 청송군 안덕면 백석탄로 487-9,경상북도 청송군 안덕면 지소리 387-2,36.35350015,128.9950177,입구,청송군보건의료원,054-870-7211,2025-12-19,5160000,경상북도 청송군
월정보건진료소,경상북도,청송군,경상북도 청송군 현서면 청송로 346-1,경상북도 청송군 현서면 월정리 552-1,36.20725362,128.911492,입구,청송군보건의료원,054-870-7211,2025-12-19,5160000,경상북도 청송군
성재보건진료소,경상북도,청송군,경상북도 청송군 안덕면 성덕댐로 1359,경상북도 청송군 안덕면 성재리 519-3,36.25247146,128.960571,입구,청송군보건의료원,054-870-7211,2025-12-19,5160000,경상북도 청송군
구천보건진료소,경상북도,청송군,경상북도 청송군 부남면 안평길 7,경상북도 청송군 부남면 구천리 912-10,36.31162667,129.0992266,입구,청송군보건의료원,054-870-7211,2025-12-19,5160000,경상북도 청송군
내룡보건진료소,경상북도,청송군,경상북도 청송군 주왕산면 팔각산로 17,경상북도 청송군 주왕산면 내룡리 99,36.31813097,129.207445,입구,청송군보건의료원,054-870-7211,2025-12-19,5160000,경상북도 청송군
신촌보건진료소,경상북도,청송군,경상북도 청송군 진보면 신촌1길 4-1,경상북도 청송군 진보면 신촌리 53-1,36.50501347,129.1185271,입구,청송군보건의료원,054-870-7211,2025-12-19,5160000,경상북도 청송군
진보면보건지소,경상북도,청송군,경상북도 청송군 진보면 진보로 181,경상북도 청송군 진보면 각산리 504-110,36.529379,129.0513078,입구,청송군보건의료원,054-870-7211,2025-12-19,5160000,경상북도 청송군
부남면보건지소,경상북도,청송군,경상북도 청송군 부남면 대전로 117,경상북도 청송군 부남면 대전리 638-5,36.3444256,129.0637357,입구,청송군보건의료원,054-870-7211,2025-12-19,5160000,경상북도 청송군
주왕산면보건지소,경상북도,청송군,경상북도 청송군 주왕산면 이전새마을길 15,경상북도 청송군 주왕산면 주산지리 950,36.358194,129.1617342,입구,청송군보건의료원,054-870-7211,2025-12-19,5160000,경상북도 청송군
현서보건지소,경상북도,청송군,경상북도 청송군 현서면 구산북로 90,경상북도 청송군 현서면 구산리 66-6,36.27805774,128.8958053,입구,청송군보건의료원,054-870-7211,2025-12-19,5160000,경상북도 청송군
현동보건지소,경상북도,청송군,경상북도 청송군 현동면 도평1길 3,경상북도 청송군 현동면 도평리 827-16,36.29026466,129.0152581,입구,청송군보건의료원,054-870-7211,2025-12-19,5160000,경상북도 청송군
안덕보건지소,경상북도,청송군,경상북도 청송군 안덕면 안덕로 80,경상북도 청송군 안덕면 명당리 433-6,36.28884873,128.9596528,입구,청송군보건의료원,054-870-7211,2025-12-19,5160000,경상북도 청송군
청송군보건의료원,경상북도,청송군,경상북도 청송군 청송읍 의료원길 19,경상북도 청송군 청송읍 금곡리 1056-54,36.43113169,129.0518042,1층,청송군보건의료원,054-870-7211,2025-12-19,5160000,경상북도 청송군
허브약국,세종특별자치시,없음,"세종특별자치시 해밀3로 51, 스카이허브 101,102호 (해밀동)",,36.5287056393,127.264587865,,우체국공익재단,,2026-01-21,5690000,세종특별자치시
메디컬드림약국,세종특별자치시,없음,"세종특별자치시 해밀3로 43, 스카이드림 101,102호 (해밀동)",세종특별자치시 해밀동 산 5-2,36.5289368205,127.2643860047,,우체국공익재단,,2026-01-21,5690000,세종특별자치시
세종선약국,세종특별자치시,없음,"세종특별자치시 누리로 27, A상가동 1층 111호 (한솔동, 첫마을6단지)",세종특별자치시 한솔동 984,36.47575837,127.2515222,,우체국공익재단,,2026-01-21,5690000,세종특별자치시
갤러리비타민약국,대전광역시,서구,대전광역시 서구 대덕대로 203(둔산동),대전광역시 서구 둔산동 1040,36.35124288,127.3779040166,,대전광역시 서구,042-288-3582,2025-11-30,3660000,대전광역시 서구
건강한약국,세종특별자치시,없음,"세종특별자치시 노을3로 29, 102호 (한솔동, 세종프라자)",세종특별자치시 한솔동 942,36.4805041088,127.2592050557,,우체국공익재단,,2026-01-21,5690000,세종특별자치시
한솔약국,세종특별자치시,없음,"세종특별자치시 누리로 106, 송원프라자 107호 (한솔동)",세종특별자치시 한솔동 970,36.47986353,127.2525403,,우체국공익재단,,2026-01-21,5690000,세종특별자치시
가재약국,세종특별자치시,없음,"세종특별자치시 도움3로 105-5, 105호 (종촌동, 종촌중앙프라자)",세종특별자치시 종촌동 657,36.50473845,127.2495317,,우체국공익재단,,2026-01-21,5690000,세종특별자치시
둥지약국,세종특별자치시,없음,"세종특별자치시 달빛로 45, 103호 (종촌동, 리버사이드빌딩)",세종특별자치시 종촌동 667,36.50293524,127.2499622,,우체국공익재단,,2026-01-21,5690000,세종특별자치시
메디팜우리들약국,세종특별자치시,없음,"세종특별자치시 달빛로 59, 1층 (종촌동, 호만빌딩)",세종특별자치시 종촌동 659,36.50424154,127.2497561,,우체국공익재단,,2026-01-21,5690000,세종특별자치시
도토약국,세종특별자치시,없음,"세종특별자치시 도움1로 108, 419호 (종촌동, 몰리브)",세종특별자치시 종촌동 673,36.50268129,127.2476298,,우체국공익재단,,2026-01-21,5690000,세종특별자치시
데일리약국,세종특별자치시,없음,"세종특별자치시 도움1로 106, 5층 516호 (종촌동, 메가시티)",세종특별자치시 종촌동 672,36.50281607,127.2481238,,우체국공익재단,,2026-01-21,5690000,세종특별자치시
메가약국,세종특별자치시,없음,"세종특별자치시 도움1로 106, 4층 415호 (종촌동, 메가시티)",세종특별자치시 종촌동 672,36.50281607,127.2481238,,우체국공익재단,,2026-01-21,5690000,세종특별자치시
세종달빛약국,세종특별자치시,없음,"세종특별자치시 달빛로 47, 1층 104호 (종촌동)",세종특별자치시 종촌동 666,36.5031406705,127.2498928254,,우체국공익재단,,2026-01-21,5690000,세종특별자치시
경희당약국,세종특별자치시,없음,"세종특별자치시 도움3로 159, 상가동 103호 (종촌동, 가재마을3단지)",세종특별자치시 종촌동 679,36.50393459,127.2437483,,우체국공익재단,,2026-01-21,5690000,세종특별자치시
종촌탑약국,세종특별자치시,없음,"세종특별자치시 도움1로 106, 메가시티 6층 615-2호 (종촌동)",세종특별자치시 종촌동 672,36.50281607,127.2481238,,우체국공익재단,,2026-01-21,5690000,세종특별자치시
차와약국,세종특별자치시,없음,"세종특별자치시 달빛로 80, 3동 1층 304호 (종촌동, 가재마을 12단지)",세종특별자치시 종촌동 652,36.5048114377,127.252959394,,우체국공익재단,,2026-01-21,5690000,세종특별자치시
국민건강보험공단 중구지사,서울특별시,중구,서울특별시 중구 소공로 70,서울특별시 중구 충무로1가 21-1,37.56159874,126.9821691,,서울특별시 중구,02-3396-5486,2026-01-26,3010000,서울특별시 중구
우방아이유쉘 센트럴,경상북도,예천군,경상북도 예천군 호명읍 행복로 229,,36.57808126,128.4898472083,,예천군 보건소,054-650-6475,2025-12-17,5230000,경상북도 예천군
우방아이유쉘 센텀,경상북도,예천군,경상북도 예천군 호명읍 검무로 27,,36.5791068166,128.494681976,,예천군 보건소,054-650-6475,2025-12-17,5230000,경상북도 예천군
우방아이유쉘 2차,경상북도,예천군,경상북도 예천군 호명읍 행복로 230,,36.5770931777,128.4878908619,,예천군 보건소,054-650-6475,2025-12-17,5230000,경상북도 예천군
우방아이유쉘 1차,경상북도,예천군,경상북도 예천군 호명읍 검무로 17,,36.5771145532,128.4929547746,,예천군 보건소,054-650-6475,2025-12-17,5230000,경상북도 예천군
모아엘가 에듀파크,경상북도,예천군,경상북도 예천군 호명읍 양지로 55,,36.5803883067,128.4793799639,,예천군 보건소,054-650-6475,2025-12-17,5230000,경상북도 예천군
동일스위트 더파크,경상북도,예천군,경상북도 예천군 호명읍 행복로 177,,36.5794831146,128.4823777305,,예천군 보건소,054-650-6475,2025-12-17,5230000,경상북도 예천군
호반베르디움 2차,경상북도,예천군,경상북도 예천군 호명읍 양지로 14,,36.5768101933,128.4820773834,,예천군 보건소,054-650-6475,2025-12-17,5230000,경상북도 예천군
호반베르디움 1차,경상북도,예천군,경상북도 예천군 호명읍 행복로 215,,36.5790575293,128.4883832939,,예천군 보건소,054-650-6475,2025-12-17,5230000,경상북도 예천군
도청호랑이약국,경상북도,예천군,"경상북도 예천군 호명읍 새움3로 14, JM팰렉스 105호",,36.5759279228,128.4884513907,,예천군 보건소,054-650-6475,2025-12-17,5230000,경상북도 예천군
행운약국,경상북도,예천군,경상북도 예천군 호명읍 새움3로 26,,36.5765610991,128.4896052212,,예천군 보건소,054-650-6475,2025-12-17,5230000,경상북도 예천군
에덴약국,경상북도,예천군,경상북도 예천군 호명읍 새움3로 20,,36.5762654159,128.4890803215,,예천군 보건소,054-650-6475,2025-12-17,5230000,경상북도 예천군
삼선당약국,경상북도,예천군,경상북도 예천군 예천읍 중앙로 33-1,,36.6561329904,128.4557425829,,예천군 보건소,054-650-6475,2025-12-17,5230000,경상북도 예천군
행복한약국,경상북도,예천군,경상북도 예천군 예천읍 효자로 93,,36.657097646,128.4539805723,,예천군 보건소,054-650-6475,2025-12-17,5230000,경상북도 예천군
푸른약국,경상북도,예천군,경상북도 예천군 예천읍 시장로 108,,36.656416149,128.4558786478,,예천군 보건소,054-650-6475,2025-12-17,5230000,경상북도 예천군
하나약국,경상북도,예천군,경상북도 예천군 예천읍 효자로 123,,36.6583071122,128.4569821814,,예천군 보건소,054-650-6475,2025-12-17,5230000,경상북도 예천군
수정온누리약국,경상북도,예천군,경상북도 예천군 예천읍 시장로 140,,36.6577646826,128.4592338219,,예천군 보건소,054-650-6475,2025-12-17,5230000,경상북도 예천군
조은약국,경상북도,예천군,경상북도 예천군 예천읍 군청앞길 16-1,,36.6557406801,128.4534403994,,예천군 보건소,054-650-6475,2025-12-17,5230000,경상북도 예천군
장수약국,경상북도,예천군,경상북도 예천군 예천읍 시장로 111,,36.6568339103,128.4562000971,,예천군 보건소,054-650-6475,2025-12-17,5230000,경상북도 예천군
소백산약국,경상북도,예천군,경상북도 예천군 예천읍 시장로 114,,36.6566974353,128.4565730634,,예천군 보건소,054-650-6475,2025-12-17,5230000,경상북도 예천군
시장약국,경상북도,예천군,경상북도 예천군 예천읍 중앙로 33-1,,36.6561329904,128.4557425829,,예천군 보건소,054-650-6475,2025-12-17,5230000,경상북도 예천군
하림당약국,경상북도,예천군,경상북도 예천군 예천읍 효자로 178,,36.6617688625,128.4607913058,,예천군 보건소,054-650-6475,2025-12-17,5230000,경상북도 예천군
안일약국,경상북도,예천군,경상북도 예천군 예천읍 중앙로 38-1,,36.6556943207,128.45536975,,예천군 보건소,054-650-6475,2025-12-17,5230000,경상북도 예천군
메디팜인제약국,경상북도,예천군,경상북도 예천군 예천읍 시장로 123,,36.6572895759,128.4573266889,,예천군 보건소,054-650-6475,2025-12-17,5230000,경상북도 예천군
중앙약국,경상북도,예천군,경상북도 예천군 풍양면 낙상2길 23-1,,36.508633222,128.3012615981,,예천군 보건소,054-650-6475,2025-12-17,5230000,경상북도 예천군
동아당약국,경상북도,예천군,경상북도 예천군 용궁면 용궁로 114,,36.6073656531,128.2775344422,,예천군 보건소,054-650-6475,2025-12-17,5230000,경상북도 예천군
풍양면행정복지센터,경상북도,예천군,경상북도 예천군 풍양면 낙상2길 50,,36.5106392104,128.2988985922,,예천군 보건소,054-650-6475,2025-12-17,5230000,경상북도 예천군
지보면행정복지센터,경상북도,예천군,경상북도 예천군 지보면 지보로 126-5,,36.5483577879,128.3898821574,,예천군 보건소,054-650-6475,2025-12-17,5230000,경상북도 예천군
개포면행정복지센터,경상북도,예천군,경상북도 예천군 개포면 신음리길 28-8,,36.6084026576,128.3664902216,,예천군 보건소,054-650-6475,2025-12-17,5230000,경상북도 예천군
용궁면행정복지센터,경상북도,예천군,경상북도 예천군 용궁면 읍부1길 45,,36.6085714739,128.2772402692,,예천군 보건소,054-650-6475,2025-12-17,5230000,경상북도 예천군
유천면행정복지센터,경상북도,예천군,경상북도 예천군 유천면 예성로 699-8,,36.6355338996,128.3899939566,,예천군 보건소,054-650-6475,2025-12-17,5230000,경상북도 예천군
호명읍행정복지센터(출장소),경상북도,예천군,경상북도 예천군 호명읍 봉호로 4040,,36.5770737532,128.4732922132,,예천군 보건소,054-650-6475,2025-12-17,5230000,경상북도 예천군
호명읍행정복지센터,경상북도,예천군,경상북도 예천군 호명읍 오천길 2,,36.594489049,128.468518905,,예천군 보건소,054-650-6475,2025-12-17,5230000,경상북도 예천군
보문면행정복지센터,경상북도,예천군,경상북도 예천군 보문면 미호길 127,,36.6651965326,128.5107633058,,예천군 보건소,054-650-6475,2025-12-17,5230000,경상북도 예천군
감천면행정복지센터,경상북도,예천군,경상북도 예천군 감천면 충효로 1389,,36.7212491863,128.5262604596,,예천군 보건소,054-650-6475,2025-12-17,5230000,경상북도 예천군
오류1리경로당,경상북도,예천군,경상북도 예천군 은풍면  도효자로 908-35,,36.7363940283,128.4417304709,,예천군 보건소,054-650-6475,2025-12-17,5230000,경상북도 예천군
은산2리경로당,경상북도,예천군,경상북도 예천군 은풍면  은산길 67,,36.7663931018,128.4432321651,,예천군 보건소,054-650-6475,2025-12-17,5230000,경상북도 예천군
사곡리경로당,경상북도,예천군,경상북도 예천군 효자면 상사곡길 27,,36.7670880214,128.410485437,,예천군 보건소,054-650-6475,2025-12-17,5230000,경상북도 예천군
두성경로당,경상북도,예천군,경상북도 예천군 효자면 새별길 23,,36.7839173347,128.41419688,,예천군 보건소,054-650-6475,2025-12-17,5230000,경상북도 예천군
오암1리경로당,경상북도,예천군,경상북도 예천군 보문면 오암길 146,,36.6576090178,128.5330571612,,예천군 보건소,054-650-6475,2025-12-17,5230000,경상북도 예천군
수계2리경로당,경상북도,예천군,경상북도 예천군 보문면 보문로 805-15,,36.6724234392,128.5445694625,,예천군 보건소,054-650-6475,2025-12-17,5230000,경상북도 예천군
신풍1리부녀경로당,경상북도,예천군,경상북도 예천군 지보면 신풍1리길 90,,36.5379222148,128.4382553263,,예천군 보건소,054-650-6475,2025-12-17,5230000,경상북도 예천군
지보2리경로당,경상북도,예천군,경상북도 예천군 지보면 지포길 23,,36.5171567421,128.3821794438,,예천군 보건소,054-650-6475,2025-12-17,5230000,경상북도 예천군
대죽리경로당,경상북도,예천군,경상북도 예천군 지보면 대죽길 110,,36.5459465343,128.4408570255,,예천군 보건소,054-650-6475,2025-12-17,5230000,경상북도 예천군
황산2리경로당,경상북도,예천군,경상북도 예천군 개포면 황산2길 2,,36.6057106878,128.3361421175,,예천군 보건소,054-650-6475,2025-12-17,5230000,경상북도 예천군
경진리경로당,경상북도,예천군,경상북도 예천군 개포면 용개로 1476,,36.6123413086,128.410675148,,예천군 보건소,054-650-6475,2025-12-17,5230000,경상북도 예천군
손기리경로당,경상북도,예천군,경상북도 예천군 유천면 손기길 59,,36.6560546958,128.3659560102,,예천군 보건소,054-650-6475,2025-12-17,5230000,경상북도 예천군
성평리경로당,경상북도,예천군,경상북도 예천군 유천면 성평길 7-11,,36.6520627938,128.3939917513,,예천군 보건소,054-650-6475,2025-12-17,5230000,경상북도 예천군
제곡리경로당,경상북도,예천군,경상북도 예천군 용문면 맛질길 48,,36.7045367889,128.4381229932,,예천군 보건소,054-650-6475,2025-12-17,5230000,경상북도 예천군
덕신리경로당,경상북도,예천군,경상북도 예천군 용문면 덕신길 127,,36.6742870636,128.3962231188,,예천군 보건소,054-650-6475,2025-12-17,5230000,경상북도 예천군
덕계리경로당,경상북도,예천군,경상북도 예천군 용궁면 덕계1길 82,,36.650189237,128.3189598538,,예천군 보건소,054-650-6475,2025-12-17,5230000,경상북도 예천군
향석1리경로당,경상북도,예천군,경상북도 예천군 용궁면 향석길 60,,36.5907349958,128.3098245247,,예천군 보건소,054-650-6475,2025-12-17,5230000,경상북도 예천군
청곡1리별실경로당,경상북도,예천군,경상북도 예천군 풍양면 청곡길 81,,36.5419514135,128.3306620316,,예천군 보건소,054-650-6475,2025-12-17,5230000,경상북도 예천군
와룡1리경로당,경상북도,예천군,경상북도 예천군 풍양면 영풍로 190-21,,36.5188984104,128.2853826577,,예천군 보건소,054-650-6475,2025-12-17,5230000,경상북도 예천군
우망2리경로당,경상북도,예천군,경상북도 예천군 풍양면 우망길 159,,36.5358843081,128.3160344186,,예천군 보건소,054-650-6475,2025-12-17,5230000,경상북도 예천군
벌방리경로당,경상북도,예천군,경상북도 예천군 감천면 벌방1길 9,,36.7585648994,128.4998724463,,예천군 보건소,054-650-6475,2025-12-17,5230000,경상북도 예천군
유1리경로당,경상북도,예천군,경상북도 예천군 감천면 유동길 149,,36.7602441449,128.5470393946,,예천군 보건소,054-650-6475,2025-12-17,5230000,경상북도 예천군
본리경로당,경상북도,예천군,경상북도 예천군 호명읍 새랄길 43-4,,36.598987822,128.4925319042,,예천군 보건소,054-650-6475,2025-12-17,5230000,경상북도 예천군
종산1리경로당,경상북도,예천군,경상북도 예천군 호명읍 종산길 97,,36.6141824596,128.4533538927,,예천군 보건소,054-650-6475,2025-12-17,5230000,경상북도 예천군
담암리경로당,경상북도,예천군,경상북도 예천군 호명읍 담암길 64,,36.6151993331,128.4297654408,,예천군 보건소,054-650-6475,2025-12-17,5230000,경상북도 예천군
월포리경로당,경상북도,예천군,경상북도 예천군 호명읍 인포길 36,,36.6197242347,128.4825320058,,예천군 보건소,054-650-6475,2025-12-17,5230000,경상북도 예천군
우계리경로당,경상북도,예천군,경상북도 예천군 예천읍 광대원길 53,,36.6725321659,128.4659369317,,예천군 보건소,054-650-6475,2025-12-17,5230000,경상북도 예천군
왕신1리 경로당,경상북도,예천군,경상북도 예천군 예천읍 왕신1리길 78,,36.6346646989,128.4462458183,,예천군 보건소,054-650-6475,2025-12-17,5230000,경상북도 예천군
고평2리경로당,경상북도,예천군,경상북도 예천군 예천읍 고평길 68,,36.6422079013,128.4823339792,,예천군 보건소,054-650-6475,2025-12-17,5230000,경상북도 예천군
청복2리경로당,경상북도,예천군,경상북도 예천군 예천읍 용정길 45,,36.6312129676,128.4703768896,,예천군 보건소,054-650-6475,2025-12-17,5230000,경상북도 예천군
노인복지관,경상북도,예천군,경상북도 예천군 예천읍 충효로 209-19,,36.6519743167,128.4462141361,,예천군 보건소,054-650-6475,2025-12-17,5230000,경상북도 예천군
예천대심주공아파트,경상북도,예천군,경상북도 예천군 예천읍 봉덕로 52,,36.6533219654,128.442109617,,예천군 보건소,054-650-6475,2025-12-17,5230000,경상북도 예천군
경북도청 행복주택,경상북도,예천군,경상북도 예천군 호명읍 행복로 111,,36.5787545837,128.4752438281,,예천군 보건소,054-650-6475,2025-12-17,5230000,경상북도 예천군
경북도청신도시 아이파크,경상북도,예천군,경상북도 예천군 호명읍 새움3로 7,,36.5762784789,128.486054434,,예천군 보건소,054-650-6475,2025-12-17,5230000,경상북도 예천군
GS더프레시 도청신도시점,경상북도,예천군,경상북도 예천군 호명읍 양지2길 4,,36.5776454354,128.4801193656,,예천군 보건소,054-650-6475,2025-12-17,5230000,경상북도 예천군
농협 하나로마트 수변점,경상북도,예천군,경상북도 예천군 호명읍 수변로 77,,36.5747401175,128.4814399168,,예천군 보건소,054-650-6475,2025-12-17,5230000,경상북도 예천군
예천 농협 하나로마트,경상북도,예천군,경상북도 예천군 예천읍 시장로 53,,36.6545680496,128.4503365288,,예천군 보건소,054-650-6475,2025-12-17,5230000,경상북도 예천군
백두쇼핑,경상북도,예천군,,경상북도 예천군 예천읍 남본리 196-9,36.6510178208,128.4548056836,,예천군 보건소,054-650-6475,2025-12-17,5230000,경상북도 예천군
목화약국,대전광역시,서구,대전광역시 서구 복수서로 50,대전광역시 서구 복수동 274-1,36.3086572339,127.3745796818,,대전광역시 서구,042-288-3582,2025-11-30,3660000,대전광역시 서구
모닝약국,대전광역시,서구,대전광역시 서구 월평북로 79,대전광역시 서구 월평동 234,36.36245573,127.3770994,,대전광역시 서구,042-288-3582,2025-11-30,3660000,대전광역시 서구
메디팜큰사랑약국,대전광역시,서구,대전광역시 서구 월평로 58,대전광역시 서구 월평동 911,36.35596755,127.3633684,,대전광역시 서구,042-288-3582,2025-11-30,3660000,대전광역시 서구
메디팜유명약국,대전광역시,서구,대전광역시 서구 계백로 1135,대전광역시 서구 도안동 1778,36.30473145,127.3495129,,대전광역시 서구,042-288-3582,2025-11-30,3660000,대전광역시 서구
메디팜우리약국,대전광역시,서구,대전광역시 서구 계룡로553번길 60,대전광역시 서구 탄방동 664,36.34551149,127.3855683,,대전광역시 서구,042-288-3582,2025-11-30,3660000,대전광역시 서구
메디팜선심약국,대전광역시,서구,대전광역시 서구 계룡로 356,대전광역시 서구 갈마동 293-1,36.3531978818,127.3681384696,,대전광역시 서구,042-288-3582,2025-11-30,3660000,대전광역시 서구
메디팜보령약국,대전광역시,서구,대전광역시 서구 문정로 178,대전광역시 서구 둔산동 1873,36.35002105,127.3954987,,대전광역시 서구,042-288-3582,2025-11-30,3660000,대전광역시 서구
메디팜국화당약국,대전광역시,서구,대전광역시 서구 둔산로 201,대전광역시 서구 둔산동 1809,36.3551065167,127.3981431105,,대전광역시 서구,042-288-3582,2025-11-30,3660000,대전광역시 서구
매일약국,대전광역시,서구,대전광역시 서구 도산로 91,대전광역시 서구 도마동 127-7,36.31665595,127.3782655,,대전광역시 서구,042-288-3582,2025-11-30,3660000,대전광역시 서구
맑은샘약국,대전광역시,서구,대전광역시 서구 도산로253번길 45,대전광역시 서구 내동 10-1,36.33139171,127.3808306154,,대전광역시 서구,042-288-3582,2025-11-30,3660000,대전광역시 서구
맑디맑은약국,대전광역시,서구,대전광역시 서구 한밭대로 580,대전광역시 서구 월평동 510,36.3577019636,127.3629206574,,대전광역시 서구,042-288-3582,2025-11-30,3660000,대전광역시 서구
만년약국,대전광역시,서구,대전광역시 서구 만년남로 7,대전광역시 서구 만년동 267,36.36586013,127.3764855,,대전광역시 서구,042-288-3582,2025-11-30,3660000,대전광역시 서구
마치약국,대전광역시,서구,대전광역시 서구 구봉로131번길 49,대전광역시 서구 관저동 1513,36.29853308,127.3371568,,대전광역시 서구,042-288-3582,2025-11-30,3660000,대전광역시 서구
마음편한약국,대전광역시,서구,대전광역시 서구 둔산중로 74,대전광역시 서구 둔산동 1398,36.35330629,127.3870976881,,대전광역시 서구,042-288-3582,2025-11-30,3660000,대전광역시 서구
마더스약국,대전광역시,서구,대전광역시 서구 둔산북로 41,대전광역시 서구 둔산동 959-2,36.35635036,127.3777635274,,대전광역시 서구,042-288-3582,2025-11-30,3660000,대전광역시 서구
롯데약국,대전광역시,서구,대전광역시 서구 신갈마로 46,대전광역시 서구 내동 220,36.3393946708,127.3677836683,,대전광역시 서구,042-288-3582,2025-11-30,3660000,대전광역시 서구
래미안종로약국,대전광역시,서구,대전광역시 서구 가장로 106,대전광역시 서구 가장동 55,36.333965737,127.3846930579,,대전광역시 서구,042-288-3582,2025-11-30,3660000,대전광역시 서구
라임약국,대전광역시,서구,대전광역시 서구 둔산로 144,대전광역시 서구 둔산동 1501,36.35098585,127.3898491,,대전광역시 서구,042-288-3582,2025-11-30,3660000,대전광역시 서구
들뫼풀한약국,대전광역시,서구,대전광역시 서구 도마2길 59,대전광역시 서구 도마동 134-69,36.3150021291,127.382394179,,대전광역시 서구,042-288-3582,2025-11-30,3660000,대전광역시 서구
드림약국,대전광역시,서구,대전광역시 서구 도안동로 177,대전광역시 서구 도안동 1364,36.3191189218,127.3450076529,,대전광역시 서구,042-288-3582,2025-11-30,3660000,대전광역시 서구
둔산행복한약국,대전광역시,서구,대전광역시 서구 대덕대로 238,대전광역시 서구 둔산동 1367,36.35411427,127.3799767,,대전광역시 서구,042-288-3582,2025-11-30,3660000,대전광역시 서구
둔산한솔약국,대전광역시,서구,대전광역시 서구 둔산중로 38,대전광역시 서구 둔산동 1419,36.3499618,127.3872313,,대전광역시 서구,042-288-3582,2025-11-30,3660000,대전광역시 서구
둔산하늘약국,대전광역시,서구,대전광역시 서구 둔산중로 38,대전광역시 서구 둔산동 1419,36.3499618,127.3872313,,대전광역시 서구,042-288-3582,2025-11-30,3660000,대전광역시 서구
둔산프라자약국,대전광역시,서구,대전광역시 서구 문예로 63,대전광역시 서구 둔산동 1505,36.3522827776,127.3898617,,대전광역시 서구,042-288-3582,2025-11-30,3660000,대전광역시 서구
둔산태평양약국,대전광역시,서구,대전광역시 서구 대덕대로 202,대전광역시 서구 둔산동 1166,36.35082777,127.378643,,대전광역시 서구,042-288-3582,2025-11-30,3660000,대전광역시 서구
둔산을지약국,대전광역시,서구,대전광역시 서구 대덕대로242번길 48,대전광역시 서구 둔산동 1307,36.35410989,127.382253,,대전광역시 서구,042-288-3582,2025-11-30,3660000,대전광역시 서구
둔산시온약국,대전광역시,서구,대전광역시 서구 대덕대로176번길 9,대전광역시 서구 둔산동 1126,36.3486924774,127.3776846,,대전광역시 서구,042-288-3582,2025-11-30,3660000,대전광역시 서구
둔산성모약국,대전광역시,서구,대전광역시 서구 문예로 43,대전광역시 서구 둔산동 1500-1,36.3505928878,127.3898342,,대전광역시 서구,042-288-3582,2025-11-30,3660000,대전광역시 서구
둔산드림팜약국,대전광역시,서구,대전광역시 서구 대덕대로167번길 5,대전광역시 서구 갈마동 1043,36.34841013,127.3759798,,대전광역시 서구,042-288-3582,2025-11-30,3660000,대전광역시 서구
둔산대형약국,대전광역시,서구,대전광역시 서구 문예로 41,대전광역시 서구 둔산동 1500,36.35043392,127.3898356,,대전광역시 서구,042-288-3582,2025-11-30,3660000,대전광역시 서구
둔산건강약국,대전광역시,서구,대전광역시 서구 둔산북로 36,대전광역시 서구 둔산동 963,36.35545201,127.3783737,,대전광역시 서구,042-288-3582,2025-11-30,3660000,대전광역시 서구
동화약국,대전광역시,서구,대전광역시 서구 관저로 157,대전광역시 서구 관저동 1340,36.29932268,127.3397725,,대전광역시 서구,042-288-3582,2025-11-30,3660000,대전광역시 서구
백제약국,대전광역시,서구,대전광역시 서구 신갈마로 102,대전광역시 서구 갈마동 407,36.3431363392,127.3695711892,,대전광역시 서구,042-288-3582,2025-11-30,3660000,대전광역시 서구
밝은365약국,대전광역시,서구,대전광역시 서구 계룡로 582,대전광역시 서구 괴정동 5-5,36.34173836,127.3879728479,,대전광역시 서구,042-288-3582,2025-11-30,3660000,대전광역시 서구
박효정약국,대전광역시,서구,대전광역시 서구 만년로 45,대전광역시 서구 만년동 1-1,36.3675463382,127.3782183076,,대전광역시 서구,042-288-3582,2025-11-30,3660000,대전광역시 서구
바른약국,대전광역시,서구,대전광역시 서구 계룡로 599,대전광역시 서구 탄방동 91-23,36.341274638,127.3901977191,,대전광역시 서구,042-288-3582,2025-11-30,3660000,대전광역시 서구
미소온누리약국,대전광역시,서구,대전광역시 서구 문정로40번길 64,대전광역시 서구 탄방동 641,36.3436627999,127.3834471,,대전광역시 서구,042-288-3582,2025-11-30,3660000,대전광역시 서구
미소약국,대전광역시,서구,대전광역시 서구 갈마로 245,대전광역시 서구 괴정동 91-21,36.3340943275,127.3814661,,대전광역시 서구,042-288-3582,2025-11-30,3660000,대전광역시 서구
미래조이약국,대전광역시,서구,대전광역시 서구 대덕대로176번길 15,대전광역시 서구 둔산동 1127,36.3483170446,127.3779477106,,대전광역시 서구,042-288-3582,2025-11-30,3660000,대전광역시 서구
미래수약국,대전광역시,서구,대전광역시 서구 관저로 83,대전광역시 서구 관저동 1130,36.3003825588,127.3314927346,,대전광역시 서구,042-288-3582,2025-11-30,3660000,대전광역시 서구
미라클약국,대전광역시,서구,대전광역시 서구 둔산로 52,대전광역시 서구 둔산동 1169,36.3510562,127.3797274,,대전광역시 서구,042-288-3582,2025-11-30,3660000,대전광역시 서구
문성온누리약국,대전광역시,서구,대전광역시 서구 둔산로 232,대전광역시 서구 둔산동 1846,36.35104787,127.399637,,대전광역시 서구,042-288-3582,2025-11-30,3660000,대전광역시 서구
수약국,대전광역시,서구,대전광역시 서구 대덕대로 194,대전광역시 서구 둔산동 1163,36.35015758,127.3781879569,,대전광역시 서구,042-288-3582,2025-11-30,3660000,대전광역시 서구
세원약국,대전광역시,서구,대전광역시 서구 가수원로 106,대전광역시 서구 가수원동 762,36.303742573,127.3504687005,,대전광역시 서구,042-288-3582,2025-11-30,3660000,대전광역시 서구
세란약국,대전광역시,서구,대전광역시 서구 둔산로 34,대전광역시 서구 둔산동 1039,36.35137777,127.3775285,,대전광역시 서구,042-288-3582,2025-11-30,3660000,대전광역시 서구
성원약국,대전광역시,서구,대전광역시 서구 문정로 62,대전광역시 서구 탄방동 699,36.34644239,127.3861603,,대전광역시 서구,042-288-3582,2025-11-30,3660000,대전광역시 서구
성모약국,대전광역시,서구,대전광역시 서구 계백로 1442,대전광역시 서구 도마동 175-1,36.3134112839,127.3813411,,대전광역시 서구,042-288-3582,2025-11-30,3660000,대전광역시 서구
선화한약국,대전광역시,서구,대전광역시 서구 계룡로264번길 4,대전광역시 서구 월평동 19,36.3513168291,127.360641976,,대전광역시 서구,042-288-3582,2025-11-30,3660000,대전광역시 서구
선사프라임약국,대전광역시,서구,대전광역시 서구 청사로 128,대전광역시 서구 월평동 282-3,36.35949585,127.3778322,,대전광역시 서구,042-288-3582,2025-11-30,3660000,대전광역시 서구
선사일등약국,대전광역시,서구,대전광역시 서구 청사서로 26,대전광역시 서구 월평동 271,36.36010927,127.3769492,,대전광역시 서구,042-288-3582,2025-11-30,3660000,대전광역시 서구
선사온누리약국,대전광역시,서구,대전광역시 서구 청사로 121,대전광역시 서구 월평동 273,36.36008344,127.3772823,,대전광역시 서구,042-288-3582,2025-11-30,3660000,대전광역시 서구
서정약국,대전광역시,서구,대전광역시 서구 계백로 1400,대전광역시 서구 도마동 188-7,36.31143737,127.3773055,,대전광역시 서구,042-288-3582,2025-11-30,3660000,대전광역시 서구
서울온누리약국,대전광역시,서구,대전광역시 서구 문정로 7,대전광역시 서구 둔산동 1143,36.34545325,127.3805974879,,대전광역시 서구,042-288-3582,2025-11-30,3660000,대전광역시 서구
서울약국,대전광역시,서구,대전광역시 서구 계백로 1426,대전광역시 서구 도마동 173-1,36.31257799,127.3797805,,대전광역시 서구,042-288-3582,2025-11-30,3660000,대전광역시 서구
서부실로암약국,대전광역시,서구,대전광역시 서구 도산로 51,대전광역시 서구 도마동 172-15,36.3134168461,127.3795775,,대전광역시 서구,042-288-3582,2025-11-30,3660000,대전광역시 서구
새천년약국,대전광역시,서구,대전광역시 서구 도산로 235,대전광역시 서구 내동 8-28,36.32905178,127.3813784,,대전광역시 서구,042-288-3582,2025-11-30,3660000,대전광역시 서구
새봄약국,대전광역시,서구,대전광역시 서구 둔산로 134,대전광역시 서구 둔산동 1452,36.35097964,127.3886279,,대전광역시 서구,042-288-3582,2025-11-30,3660000,대전광역시 서구
새로운대학약국,대전광역시,서구,대전광역시 서구 관저동로 162,대전광역시 서구 관저동 1899,36.30656898,127.3411443,,대전광역시 서구,042-288-3582,2025-11-30,3660000,대전광역시 서구
상아약국,대전광역시,서구,대전광역시 서구 둔산로 14,대전광역시 서구 둔산동 1082,36.35217532,127.3753798,,대전광역시 서구,042-288-3582,2025-11-30,3660000,대전광역시 서구
상명약국,대전광역시,서구,대전광역시 서구 갈마로 259,대전광역시 서구 괴정동 91-5,36.33345831,127.3828250114,,대전광역시 서구,042-288-3582,2025-11-30,3660000,대전광역시 서구
상록약국,대전광역시,서구,대전광역시 서구 청사로 281,대전광역시 서구 둔산동 908,36.3617828025,127.3943283441,,대전광역시 서구,042-288-3582,2025-11-30,3660000,대전광역시 서구
삼일약국,대전광역시,서구,대전광역시 서구 월평중로 36,대전광역시 서구 월평동 540,36.35790415,127.3641772,,대전광역시 서구,042-288-3582,2025-11-30,3660000,대전광역시 서구
산들약국,대전광역시,서구,대전광역시 서구 둔산로 210-1,대전광역시 서구 둔산동 1818,36.35104281,127.397289,,대전광역시 서구,042-288-3582,2025-11-30,3660000,대전광역시 서구
사랑약국,대전광역시,서구,대전광역시 서구 신갈마로 133,대전광역시 서구 갈마동 386-7,36.3455325,127.3682191,,대전광역시 서구,042-288-3582,2025-11-30,3660000,대전광역시 서구
비타민약국,대전광역시,서구,대전광역시 서구 복수북로 42,대전광역시 서구 복수동 280,36.3082850942,127.3748518073,,대전광역시 서구,042-288-3582,2025-11-30,3660000,대전광역시 서구
비전약국,대전광역시,서구,대전광역시 서구 계백로 1440,대전광역시 서구 도마동 175-8,36.3133050688,127.3811278,,대전광역시 서구,042-288-3582,2025-11-30,3660000,대전광역시 서구
비엔씨약국,대전광역시,서구,대전광역시 서구 대덕대로 183,대전광역시 서구 둔산동 1109,36.34968472,127.3769883,,대전광역시 서구,042-288-3582,2025-11-30,3660000,대전광역시 서구
블루밍약국,대전광역시,서구,대전광역시 서구 도산로253번길 51,대전광역시 서구 내동 17-11,36.33147961,127.3804294,,대전광역시 서구,042-288-3582,2025-11-30,3660000,대전광역시 서구
봄약국,대전광역시,서구,대전광역시 서구 동서대로 1072,대전광역시 서구 변동 14-37,36.32917797,127.3797298,,대전광역시 서구,042-288-3582,2025-11-30,3660000,대전광역시 서구
보리약국,대전광역시,서구,대전광역시 서구 한밭대로 745,대전광역시 서구 둔산동 949,36.358283111,127.3818100635,,대전광역시 서구,042-288-3582,2025-11-30,3660000,대전광역시 서구
보름달약국,대전광역시,서구,대전광역시 서구 문정로 131,대전광역시 서구 탄방동 835,36.34828245,127.3941789346,,대전광역시 서구,042-288-3582,2025-11-30,3660000,대전광역시 서구
보령온누리약국,대전광역시,서구,대전광역시 서구 둔산남로 85,대전광역시 서구 둔산동 1423,36.34931194,127.3870971,,대전광역시 서구,042-288-3582,2025-11-30,3660000,대전광역시 서구
보령당약국,대전광역시,서구,대전광역시 서구 도산로 74,대전광역시 서구 도마동 144-14,36.3151171,127.3794295,,대전광역시 서구,042-288-3582,2025-11-30,3660000,대전광역시 서구
별약국,대전광역시,서구,대전광역시 서구 배재로 196,대전광역시 서구 도마동 23-32,36.32592155,127.3706913,,대전광역시 서구,042-288-3582,2025-11-30,3660000,대전광역시 서구
벨라약국,대전광역시,서구,대전광역시 서구 관저로 13,대전광역시 서구 관저동 1958-4,36.2955594859,127.3256229,,대전광역시 서구,042-288-3582,2025-11-30,3660000,대전광역시 서구
우리팜약국,대전광역시,서구,대전광역시 서구 대덕대로 219,대전광역시 서구 둔산동 1034,36.35265201,127.3787299,,대전광역시 서구,042-288-3582,2025-11-30,3660000,대전광역시 서구
우리약국,대전광역시,서구,대전광역시 서구 둔산중로 38,대전광역시 서구 둔산동 1419,36.3499618,127.3872313,,대전광역시 서구,042-288-3582,2025-11-30,3660000,대전광역시 서구
우리들약국,대전광역시,서구,대전광역시 서구 계룡로 621,대전광역시 서구 탄방동 83-11,36.3400085846,127.3919025572,,대전광역시 서구,042-288-3582,2025-11-30,3660000,대전광역시 서구
우남웰약국,대전광역시,서구,대전광역시 서구 대덕대로 199,대전광역시 서구 둔산동 1041,36.35104714,127.3777807,,대전광역시 서구,042-288-3582,2025-11-30,3660000,대전광역시 서구
옵티마진명약국,대전광역시,서구,대전광역시 서구 도산로 159,대전광역시 서구 변동 61-6,36.32276859,127.3777455,,대전광역시 서구,042-288-3582,2025-11-30,3660000,대전광역시 서구
올리브약국,대전광역시,서구,대전광역시 서구 월평북로 88,대전광역시 서구 월평동 248,36.3620759798,127.3779269,,대전광역시 서구,042-288-3582,2025-11-30,3660000,대전광역시 서구
온약국,대전광역시,서구,대전광역시 서구 대덕대로 396,대전광역시 서구 만년동 294,36.3682074122,127.3799873219,,대전광역시 서구,042-288-3582,2025-11-30,3660000,대전광역시 서구
온누리약국,대전광역시,서구,대전광역시 서구 계백로1158번길 114,대전광역시 서구 가수원동 794-8,36.30002848,127.3544173146,,대전광역시 서구,042-288-3582,2025-11-30,3660000,대전광역시 서구
오렌지약국,대전광역시,서구,대전광역시 서구 계룡로 616,대전광역시 서구 괴정동 423-4,36.33983331,127.3906451531,,대전광역시 서구,042-288-3582,2025-11-30,3660000,대전광역시 서구
오라클약국,대전광역시,서구,대전광역시 서구 대덕대로 182,대전광역시 서구 둔산동 1160,36.34926581,127.3776882,,대전광역시 서구,042-288-3582,2025-11-30,3660000,대전광역시 서구
예인당한약국,대전광역시,서구,대전광역시 서구 관저로 176,대전광역시 서구 관저동 1408,36.29878277,127.3415186,,대전광역시 서구,042-288-3582,2025-11-30,3660000,대전광역시 서구
열린약국,대전광역시,서구,대전광역시 서구 관저북로 78,대전광역시 서구 관저동 984-2,36.308729091,127.337343,,대전광역시 서구,042-288-3582,2025-11-30,3660000,대전광역시 서구
연합약국,대전광역시,서구,대전광역시 서구 계룡로 605,대전광역시 서구 탄방동 90-1,36.340924206,127.3905731376,,대전광역시 서구,042-288-3582,2025-11-30,3660000,대전광역시 서구
연합수약국,대전광역시,서구,대전광역시 서구 관저북로 15,대전광역시 서구 관저동 1757,36.3032345,127.3367278,,대전광역시 서구,042-288-3582,2025-11-30,3660000,대전광역시 서구
연일약국,대전광역시,서구,대전광역시 서구 둔산로 228,대전광역시 서구 둔산동 1839,36.35104998,127.3991387689,,대전광역시 서구,042-288-3582,2025-11-30,3660000,대전광역시 서구
연세코끼리약국,대전광역시,서구,대전광역시 서구 계룡로 613,대전광역시 서구 탄방동 90-7,36.3403638353,127.3911313,,대전광역시 서구,042-288-3582,2025-11-30,3660000,대전광역시 서구
엄지약국,대전광역시,서구,대전광역시 서구 계룡로 628,대전광역시 서구 용문동 589-11,36.33915064,127.3917732,,대전광역시 서구,042-288-3582,2025-11-30,3660000,대전광역시 서구
엄마곰약국,대전광역시,서구,대전광역시 서구 계룡로615번길 51,대전광역시 서구 탄방동 87-19,36.34184816,127.3930815,,대전광역시 서구,042-288-3582,2025-11-30,3660000,대전광역시 서구
약손약국,대전광역시,서구,대전광역시 서구 월평북로 11,대전광역시 서구 월평동 218,36.3634863817,127.3700718554,,대전광역시 서구,042-288-3582,2025-11-30,3660000,대전광역시 서구
애플약국,대전광역시,서구,대전광역시 서구 대덕대로 179,대전광역시 서구 둔산동 1110,36.34941901,127.3768049,,대전광역시 서구,042-288-3582,2025-11-30,3660000,대전광역시 서구
아은약국,대전광역시,서구,대전광역시 서구 도산로 176,대전광역시 서구 변동 49-8,36.32402945,127.3788756,,대전광역시 서구,042-288-3582,2025-11-30,3660000,대전광역시 서구
아르누보수약국,대전광역시,서구,대전광역시 서구 둔산중로 20,대전광역시 서구 탄방동 707,36.3484084577,127.3872183,,대전광역시 서구,042-288-3582,2025-11-30,3660000,대전광역시 서구
실로암약국,대전광역시,서구,대전광역시 서구 관저로 164,대전광역시 서구 관저동 1348,36.29872414,127.339988,,대전광역시 서구,042-288-3582,2025-11-30,3660000,대전광역시 서구
신영흥약국,대전광역시,서구,대전광역시 서구 도산로 353,대전광역시 서구 용문동 276-3,36.33658824,127.3906684,,대전광역시 서구,042-288-3582,2025-11-30,3660000,대전광역시 서구
신보건약국,대전광역시,서구,대전광역시 서구 만년로 78,대전광역시 서구 만년동 342,36.36708867,127.3814367,,대전광역시 서구,042-288-3582,2025-11-30,3660000,대전광역시 서구
시티약국,대전광역시,서구,대전광역시 서구 둔산로 76,대전광역시 서구 둔산동 1179,36.35101648,127.382237,,대전광역시 서구,042-288-3582,2025-11-30,3660000,대전광역시 서구
시청비타민약국,대전광역시,서구,대전광역시 서구 둔산중로 50,대전광역시 서구 둔산동 1413,36.35100866,127.3872643321,,대전광역시 서구,042-288-3582,2025-11-30,3660000,대전광역시 서구
시정약국,대전광역시,서구,대전광역시 서구 도산로 197,대전광역시 서구 변동 30-14,36.32606309,127.3791196,,대전광역시 서구,042-288-3582,2025-11-30,3660000,대전광역시 서구
승보약국,대전광역시,서구,대전광역시 서구 계룡로 633,대전광역시 서구 탄방동 81-12,36.33907351,127.3928668,,대전광역시 서구,042-288-3582,2025-11-30,3660000,대전광역시 서구
스타약국,대전광역시,서구,대전광역시 서구 구봉로 139,대전광역시 서구 관저동 1540,36.29673351,127.3385265,,대전광역시 서구,042-288-3582,2025-11-30,3660000,대전광역시 서구
스마트약국,대전광역시,서구,대전광역시 서구 대덕대로 164,대전광역시 서구 갈마동 1435,36.3476685,127.3766542,,대전광역시 서구,042-288-3582,2025-11-30,3660000,대전광역시 서구
스마일약국,대전광역시,서구,대전광역시 서구 둔산남로 107,대전광역시 서구 둔산동 1494,36.3492911,127.3895186,,대전광역시 서구,042-288-3582,2025-11-30,3660000,대전광역시 서구
수정약국,대전광역시,서구,대전광역시 서구 청사로 282,대전광역시 서구 둔산동 909,36.35908997,127.3989468314,,대전광역시 서구,042-288-3582,2025-11-30,3660000,대전광역시 서구
정산한약국,대전광역시,서구,대전광역시 서구 도마4길 51,대전광역시 서구 도마동 130-5,36.31546299,127.3800504,,대전광역시 서구,042-288-3582,2025-11-30,3660000,대전광역시 서구
정림푸른약국,대전광역시,서구,대전광역시 서구 정림로 18,대전광역시 서구 정림동 646,36.30215004,127.3664684787,,대전광역시 서구,042-288-3582,2025-11-30,3660000,대전광역시 서구
정림종로약국,대전광역시,서구,대전광역시 서구 계백로 1272,대전광역시 서구 정림동 502,36.30726301,127.3643468,,대전광역시 서구,042-288-3582,2025-11-30,3660000,대전광역시 서구
자연약국,대전광역시,서구,대전광역시 서구 청사로 234,대전광역시 서구 둔산동 913,36.3595087497,127.3898344747,,대전광역시 서구,042-288-3582,2025-11-30,3660000,대전광역시 서구
일영약국,대전광역시,서구,대전광역시 서구 청사로 228,대전광역시 서구 둔산동 915,36.3594322,127.3890901403,,대전광역시 서구,042-288-3582,2025-11-30,3660000,대전광역시 서구
일등프라자약국,대전광역시,서구,대전광역시 서구 문정로 134,대전광역시 서구 탄방동 1026,36.34647133,127.3942408,,대전광역시 서구,042-288-3582,2025-11-30,3660000,대전광역시 서구
인화약국,대전광역시,서구,대전광역시 서구 도솔로 68,대전광역시 서구 도마동 121-6,36.31664872,127.3735913487,,대전광역시 서구,042-288-3582,2025-11-30,3660000,대전광역시 서구
인과원약국,대전광역시,서구,대전광역시 서구 신갈마로 120,대전광역시 서구 갈마동 393-15,36.34421717,127.3687724994,,대전광역시 서구,042-288-3582,2025-11-30,3660000,대전광역시 서구
이화약국,대전광역시,서구,대전광역시 서구 관저로 157,대전광역시 서구 관저동 1340,36.29932268,127.3397725,,대전광역시 서구,042-288-3582,2025-11-30,3660000,대전광역시 서구
이화누리약국,대전광역시,서구,대전광역시 서구 청사로 130,대전광역시 서구 월평동 282-2,36.3595654888,127.3784083153,,대전광역시 서구,042-288-3582,2025-11-30,3660000,대전광역시 서구
을지참조은약국,대전광역시,서구,대전광역시 서구 둔산서로 81,대전광역시 서구 둔산동 1305,36.35410884,127.3826095,,대전광역시 서구,042-288-3582,2025-11-30,3660000,대전광역시 서구
을지온누리약국,대전광역시,서구,대전광역시 서구 대덕대로242번길 48,대전광역시 서구 둔산동 1307,36.35410989,127.382253,,대전광역시 서구,042-288-3582,2025-11-30,3660000,대전광역시 서구
을지실로암약국,대전광역시,서구,대전광역시 서구 대덕대로234번길 45,대전광역시 서구 둔산동 1308,36.35382305,127.3822529,,대전광역시 서구,042-288-3582,2025-11-30,3660000,대전광역시 서구
을지다사랑약국,대전광역시,서구,대전광역시 서구 대덕대로234번길 45,대전광역시 서구 둔산동 1308,36.35382305,127.3822529,,대전광역시 서구,042-288-3582,2025-11-30,3660000,대전광역시 서구
은하약국,대전광역시,서구,대전광역시 서구 탄방로7번길 65,대전광역시 서구 탄방동 1011,36.34629395,127.3939509,,대전광역시 서구,042-288-3582,2025-11-30,3660000,대전광역시 서구
은하수약국,대전광역시,서구,대전광역시 서구 둔산남로 46,대전광역시 서구 둔산동 1255,36.348717118,127.3825912,,대전광역시 서구,042-288-3582,2025-11-30,3660000,대전광역시 서구
은아약국,대전광역시,서구,대전광역시 서구 계백로1158번길 9,대전광역시 서구 가수원동 765-1,36.30429783,127.3522334,,대전광역시 서구,042-288-3582,2025-11-30,3660000,대전광역시 서구
월평종로약국,대전광역시,서구,대전광역시 서구 청사서로 12,대전광역시 서구 월평동 295,36.35899793,127.3768964,,대전광역시 서구,042-288-3582,2025-11-30,3660000,대전광역시 서구
원약국,대전광역시,서구,대전광역시 서구 문정로 88,대전광역시 서구 탄방동 753,36.34643393,127.3889625,,대전광역시 서구,042-288-3582,2025-11-30,3660000,대전광역시 서구
원앙약국,대전광역시,서구,대전광역시 서구 관저북로 12,대전광역시 서구 관저동 999-5,36.30279866,127.3372954938,,대전광역시 서구,042-288-3582,2025-11-30,3660000,대전광역시 서구
우성약국,대전광역시,서구,대전광역시 서구 정림동로5번길 23,대전광역시 서구 정림동 589,36.30553601,127.3657002113,,대전광역시 서구,042-288-3582,2025-11-30,3660000,대전광역시 서구
강약국,세종특별자치시,없음,세종특별자치시 금남면 용포로 53,세종특별자치시 금남면 용포리 91-11,36.4634508508,127.280519312,,우체국공익재단,,2026-01-21,5690000,세종특별자치시
하나로약국,대전광역시,서구,대전광역시 서구 계백로 1436,대전광역시 서구 도마동 175-20,36.3131558,127.380866,,대전광역시 서구,042-288-3582,2025-11-30,3660000,대전광역시 서구
필약국,대전광역시,서구,대전광역시 서구 둔산남로 87,대전광역시 서구 둔산동 1424,36.34931136,127.3874168,,대전광역시 서구,042-288-3582,2025-11-30,3660000,대전광역시 서구
플러스약국,대전광역시,서구,대전광역시 서구 문정로48번길 58,대전광역시 서구 탄방동 644,36.34397292,127.3841953,,대전광역시 서구,042-288-3582,2025-11-30,3660000,대전광역시 서구
프라자약국,대전광역시,서구,대전광역시 서구 문예로 19,대전광역시 서구 탄방동 730,36.34844455,127.3898447,,대전광역시 서구,042-288-3582,2025-11-30,3660000,대전광역시 서구
푸른솔약국,대전광역시,서구,대전광역시 서구 월평중로 24,대전광역시 서구 월평동 533,36.3567786,127.3641721,,대전광역시 서구,042-288-3582,2025-11-30,3660000,대전광역시 서구
태평양약국,대전광역시,서구,대전광역시 서구 정림로 56-1,대전광역시 서구 정림동 590,36.3054916,127.3655439,,대전광역시 서구,042-288-3582,2025-11-30,3660000,대전광역시 서구
태양약국,대전광역시,서구,대전광역시 서구 대덕대로 226,대전광역시 서구 둔산동 1362,36.35273248,127.3798669,,대전광역시 서구,042-288-3582,2025-11-30,3660000,대전광역시 서구
탄방한마음약국,대전광역시,서구,대전광역시 서구 문정로 30,대전광역시 서구 탄방동 599,36.34631988,127.3829258095,,대전광역시 서구,042-288-3582,2025-11-30,3660000,대전광역시 서구
탄방우리약국,대전광역시,서구,대전광역시 서구 문정로48번길 70,대전광역시 서구 탄방동 642,36.34361715,127.3840781,,대전광역시 서구,042-288-3582,2025-11-30,3660000,대전광역시 서구
탄방세이약국,대전광역시,서구,대전광역시 서구 문정로 85,대전광역시 서구 탄방동 744,36.347038408,127.3888549,,대전광역시 서구,042-288-3582,2025-11-30,3660000,대전광역시 서구
탄방대한약국,대전광역시,서구,대전광역시 서구 문정로2번길 95,대전광역시 서구 탄방동 673,36.3432876984,127.3854728734,,대전광역시 서구,042-288-3582,2025-11-30,3660000,대전광역시 서구
타임약국,대전광역시,서구,대전광역시 서구 도안북로 107,대전광역시 서구 도안동 880,36.3303607,127.3405754,,대전광역시 서구,042-288-3582,2025-11-30,3660000,대전광역시 서구
큰마을약국,대전광역시,서구,대전광역시 서구 대덕대로 150,대전광역시 서구 갈마동 1418,36.3450685551,127.3769274427,,대전광역시 서구,042-288-3582,2025-11-30,3660000,대전광역시 서구
코끼리약국,대전광역시,서구,대전광역시 서구 도안동로 3,대전광역시 서구 도안동 1793,36.30549599,127.3527122,,대전광역시 서구,042-288-3582,2025-11-30,3660000,대전광역시 서구
케이엠티약국,대전광역시,서구,대전광역시 서구 계룡로 586,대전광역시 서구 괴정동 5-9,36.34151118,127.3884122677,,대전광역시 서구,042-288-3582,2025-11-30,3660000,대전광역시 서구
초록큰사랑약국,대전광역시,서구,대전광역시 서구 복수동로 61,대전광역시 서구 복수동 621,36.29882988,127.3788571,,대전광역시 서구,042-288-3582,2025-11-30,3660000,대전광역시 서구
청춘약국,대전광역시,서구,대전광역시 서구 문정로 77,대전광역시 서구 탄방동 746,36.34730027,127.3879759817,,대전광역시 서구,042-288-3582,2025-11-30,3660000,대전광역시 서구
청사약국,대전광역시,서구,대전광역시 서구 청사로 189,대전광역시 서구 둔산동 920,36.3626829863,127.3849234,,대전광역시 서구,042-288-3582,2025-11-30,3660000,대전광역시 서구
천수약국,대전광역시,서구,대전광역시 서구 도산로 276,대전광역시 서구 가장동 42-1,36.3314092262,127.3848845,,대전광역시 서구,042-288-3582,2025-11-30,3660000,대전광역시 서구
천사약국,대전광역시,서구,대전광역시 서구 청사로 228,대전광역시 서구 둔산동 915,36.3594322,127.3890901403,,대전광역시 서구,042-288-3582,2025-11-30,3660000,대전광역시 서구
참사랑온누리약국,대전광역시,서구,대전광역시 서구 계룡로553번안길 37,대전광역시 서구 탄방동 690,36.3461098,127.3872644,,대전광역시 서구,042-288-3582,2025-11-30,3660000,대전광역시 서구
참사랑약국,대전광역시,서구,대전광역시 서구 동서대로 1090,대전광역시 서구 변동 12-1,36.3283321,127.3814372,,대전광역시 서구,042-288-3582,2025-11-30,3660000,대전광역시 서구
참건강약국,대전광역시,서구,대전광역시 서구 도산로393번길 62,대전광역시 서구 탄방동 89-5,36.34098657,127.3916193,,대전광역시 서구,042-288-3582,2025-11-30,3660000,대전광역시 서구
진달래약국,대전광역시,서구,대전광역시 서구 월평동로 45,대전광역시 서구 월평동 312-1,36.3586485129,127.3657428583,,대전광역시 서구,042-288-3582,2025-11-30,3660000,대전광역시 서구
지영약국,대전광역시,서구,대전광역시 서구 월평북로 11,대전광역시 서구 월평동 218,36.3634863817,127.3700718554,,대전광역시 서구,042-288-3582,2025-11-30,3660000,대전광역시 서구
지씨지센타약국,대전광역시,서구,대전광역시 서구 월평서로 7,대전광역시 서구 월평동 1168,36.35420418,127.3580023944,,대전광역시 서구,042-288-3582,2025-11-30,3660000,대전광역시 서구
즐거운약국,대전광역시,서구,대전광역시 서구 문정로 96,대전광역시 서구 탄방동 792,36.34643005,127.3899038,,대전광역시 서구,042-288-3582,2025-11-30,3660000,대전광역시 서구
준약국,대전광역시,서구,대전광역시 서구 복수동로 39-26,대전광역시 서구 복수동 615,36.3003880887,127.3799454383,,대전광역시 서구,042-288-3582,2025-11-30,3660000,대전광역시 서구
좋은약국,대전광역시,서구,대전광역시 서구 갈마로 255,대전광역시 서구 괴정동 91-22,36.3335355842,127.3823123216,,대전광역시 서구,042-288-3582,2025-11-30,3660000,대전광역시 서구
종로약국,대전광역시,서구,대전광역시 서구 둔산로 206,대전광역시 서구 둔산동 1814,36.35105816,127.3967638,,대전광역시 서구,042-288-3582,2025-11-30,3660000,대전광역시 서구
조아약국,대전광역시,서구,대전광역시 서구 둔산로 214-1,대전광역시 서구 둔산동 1821,36.35104205,127.397682,,대전광역시 서구,042-288-3582,2025-11-30,3660000,대전광역시 서구
정약국,대전광역시,서구,대전광역시 서구 도솔로 96,대전광역시 서구 도마동 107-12,36.3191206605,127.3737448,,대전광역시 서구,042-288-3582,2025-11-30,3660000,대전광역시 서구
정성약국,대전광역시,서구,대전광역시 서구 갈마로 251,대전광역시 서구 괴정동 91-7,36.33377594,127.3819995,,대전광역시 서구,042-288-3582,2025-11-30,3660000,대전광역시 서구
둔산3동행정복지센터,대전광역시,서구,대전광역시 서구 둔산북로 232-52,대전광역시 서구 둔산동 1808,36.35344082,127.3999660757,민원실,대전광역시 서구,042-288-3582,2025-11-30,3660000,대전광역시 서구
둔산2동행정복지센터,대전광역시,서구,대전광역시 서구 둔산서로 80,대전광역시 서구 둔산동 1301,36.3538275415,127.3836341189,민원실,대전광역시 서구,042-288-3582,2025-11-30,3660000,대전광역시 서구
둔산1동행정복지센터,대전광역시,서구,대전광역시 서구 둔산중로 65,대전광역시 서구 둔산동 1402,36.3525328,127.386023707,민원실,대전광역시 서구,042-288-3582,2025-11-30,3660000,대전광역시 서구
탄방동행정복지센터,대전광역시,서구,대전광역시 서구 탄방로7번길 97,대전광역시 서구 탄방동 1041-1,36.34665283,127.3953859,민원실,대전광역시 서구,042-288-3582,2025-11-30,3660000,대전광역시 서구
용문동행정복지센터,대전광역시,서구,대전광역시 서구 계룡로662번길 6,대전광역시 서구 용문동 256-29,36.3367724463,127.3943305,민원실,대전광역시 서구,042-288-3582,2025-11-30,3660000,대전광역시 서구
변동행정복지센터,대전광역시,서구,대전광역시 서구 중반5길 133,대전광역시 서구 변동 1-23,36.32581474,127.386740,민원실,대전광역시 서구,042-288-3582,2025-11-30,3660000,대전광역시 서구
정림동행정복지센터,대전광역시,서구,대전광역시 서구 정림동로 10,대전광역시 서구 정림동 636,36.30442866,127.3667459,민원실,대전광역시 서구,042-288-3582,2025-11-30,3660000,대전광역시 서구
도마2동행정복지센터,대전광역시,서구,대전광역시 서구 도림1길 14,대전광역시 서구 도마동 155-16,36.3127878087,127.3735726,민원실,대전광역시 서구,042-288-3582,2025-11-30,3660000,대전광역시 서구
도마1동행정복지센터,대전광역시,서구,대전광역시 서구 도마3길 46,대전광역시 서구 도마동 132-5,36.31603064,127.3811529,민원실,대전광역시 서구,042-288-3582,2025-11-30,3660000,대전광역시 서구
복수동행정복지센터,대전광역시,서구,대전광역시 서구 복수동로 49,대전광역시 서구 복수동 614,36.2998646289,127.3789401,민원실,대전광역시 서구,042-288-3582,2025-11-30,3660000,대전광역시 서구
대전광역시 서구청,대전광역시,서구,대전광역시 서구 둔산서로 100,대전광역시 서구 둔산동 1300,36.35507078,127.3833576107,민원실,대전광역시 서구,042-288-3582,2025-11-30,3660000,대전광역시 서구
힐링한약국,대전광역시,서구,대전광역시 서구 둔산로206번길 7,대전광역시 서구 둔산동 1835,36.35088027,127.396764,,대전광역시 서구,042-288-3582,2025-11-30,3660000,대전광역시 서구
흰돌약국,대전광역시,서구,대전광역시 서구 둔산북로 215,대전광역시 서구 둔산동 1805,36.3571902935,127.3968990991,,대전광역시 서구,042-288-3582,2025-11-30,3660000,대전광역시 서구
회복약국,대전광역시,서구,대전광역시 서구 문예로 65,대전광역시 서구 둔산동 1506,36.35256007,127.389863,,대전광역시 서구,042-288-3582,2025-11-30,3660000,대전광역시 서구
황실약국,대전광역시,서구,대전광역시 서구 청사로 65,대전광역시 서구 월평동 302,36.3603569965,127.3737391741,,대전광역시 서구,042-288-3582,2025-11-30,3660000,대전광역시 서구
혜성약국,대전광역시,서구,대전광역시 서구 둔산남로 30,대전광역시 서구 둔산동 1204,36.3484230912,127.3813866074,,대전광역시 서구,042-288-3582,2025-11-30,3660000,대전광역시 서구
허룡약국,대전광역시,서구,대전광역시 서구 도솔로 313,대전광역시 서구 괴정동 95-28,36.33642832,127.3823539,,대전광역시 서구,042-288-3582,2025-11-30,3660000,대전광역시 서구
향촌약국,대전광역시,서구,대전광역시 서구 둔산로 15,대전광역시 서구 둔산동 970,36.3533324759,127.3763099726,,대전광역시 서구,042-288-3582,2025-11-30,3660000,대전광역시 서구
행복한약국,대전광역시,서구,대전광역시 서구 관저중로95번길 99,대전광역시 서구 관저동 1110,36.30117304,127.3339858093,,대전광역시 서구,042-288-3582,2025-11-30,3660000,대전광역시 서구
행복가득가톨릭약국,대전광역시,서구,대전광역시 서구 도산로 351,대전광역시 서구 용문동 276-4,36.3364117829,127.3903736,,대전광역시 서구,042-288-3582,2025-11-30,3660000,대전광역시 서구
햇살약국,대전광역시,서구,대전광역시 서구 관저북로13번길 23-24,대전광역시 서구 관저동 1778,36.30195079,127.3358537,,대전광역시 서구,042-288-3582,2025-11-30,3660000,대전광역시 서구
햇살가득한약국,대전광역시,서구,대전광역시 서구 둔산북로 175,대전광역시 서구 둔산동 1383,36.3559952861,127.3933992794,,대전광역시 서구,042-288-3582,2025-11-30,3660000,대전광역시 서구
해성약국,대전광역시,서구,대전광역시 서구 제비네4길 129,대전광역시 서구 도마동 190-21,36.31160063,127.3753397,,대전광역시 서구,042-288-3582,2025-11-30,3660000,대전광역시 서구
해맑은약국,대전광역시,서구,대전광역시 서구 도안동로11번길 10,대전광역시 서구 도안동 1769,36.30640272,127.3522058,,대전광역시 서구,042-288-3582,2025-11-30,3660000,대전광역시 서구
해든약국,대전광역시,서구,대전광역시 서구 둔산로 25,대전광역시 서구 둔산동 984,36.35213473,127.3768993918,,대전광역시 서구,042-288-3582,2025-11-30,3660000,대전광역시 서구
해동약국,대전광역시,서구,대전광역시 서구 도산로 412,대전광역시 서구 용문동 242-1,36.33979249,127.3955391,,대전광역시 서구,042-288-3582,2025-11-30,3660000,대전광역시 서구
한신약국,대전광역시,서구,대전광역시 서구 문정로 174,대전광역시 서구 둔산동 1875,36.34978495,127.3954974,,대전광역시 서구,042-288-3582,2025-11-30,3660000,대전광역시 서구
한밭약국,대전광역시,서구,대전광역시 서구 계백로 1418,대전광역시 서구 도마동 173-6,36.31237273,127.3790922,,대전광역시 서구,042-288-3582,2025-11-30,3660000,대전광역시 서구
하나약국,대전광역시,서구,대전광역시 서구 월평서로 11,대전광역시 서구 월평동 1180,36.35452316,127.3576301,,대전광역시 서구,042-288-3582,2025-11-30,3660000,대전광역시 서구
만년동 성당,대전광역시,서구,대전광역시 서구 대덕대로 333,대전광역시 서구 월평동 224,36.36272197,127.3790491541,,대전광역시 서구,042-288-3582,2025-11-30,3660000,대전광역시 서구
괴정동 성당,대전광역시,서구,대전광역시 서구 도솔로 336,대전광역시 서구 괴정동 80-3,36.33745617,127.3846377,,대전광역시 서구,042-288-3582,2025-11-30,3660000,대전광역시 서구
내동 성당,대전광역시,서구,대전광역시 서구 도솔로252번길 19,대전광역시 서구 내동 17-18,36.33190753,127.3790146647,,대전광역시 서구,042-288-3582,2025-11-30,3660000,대전광역시 서구
월평동 성당,대전광역시,서구,대전광역시 서구 월평중로13번길 53,대전광역시 서구 월평동 1041,36.3555251731,127.3607492913,,대전광역시 서구,042-288-3582,2025-11-30,3660000,대전광역시 서구
탄방동 성당,대전광역시,서구,대전광역시 서구 탄방로 16,대전광역시 서구 탄방동 786,36.34522588,127.3897437,,대전광역시 서구,042-288-3582,2025-11-30,3660000,대전광역시 서구
갈마동 성당,대전광역시,서구,대전광역시 서구 신갈마로195번길 13,대전광역시 서구 갈마동 316-1,36.3505908309,127.367361296,,대전광역시 서구,042-288-3582,2025-11-30,3660000,대전광역시 서구
도솔다목적체육관,대전광역시,서구,대전광역시 서구 배재로197번길 41,대전광역시 서구 도마동 426,36.3246139432,127.3678892701,,대전광역시 서구,042-288-3582,2025-11-30,3660000,대전광역시 서구
도마실국민체육센터,대전광역시,서구,대전광역시 서구 유등로 235,대전광역시 서구 도마동 567,36.3124220213,127.3852099672,,대전광역시 서구,042-288-3582,2025-11-30,3660000,대전광역시 서구
정림사회복지관,대전광역시,서구,대전광역시 서구 계백로1286번길 86,대전광역시 서구 정림동 637,36.3041700409,127.3668678,,대전광역시 서구,042-288-3582,2025-11-30,3660000,대전광역시 서구
둔산종합사회복지관,대전광역시,서구,대전광역시 서구 둔산로 242,대전광역시 서구 둔산동 1862,36.35104434,127.4007707,,대전광역시 서구,042-288-3582,2025-11-30,3660000,대전광역시 서구
유등노인복지관,대전광역시,서구,대전광역시 서구 도솔로 182,대전광역시 서구 도마동 413-3,36.326914568,127.3742449539,,대전광역시 서구,042-288-3582,2025-11-30,3660000,대전광역시 서구
용문종합사회복지관,대전광역시,서구,대전광역시 서구 계룡로 626-1,대전광역시 서구 용문동 589-7,36.33911118,127.3913373002,,대전광역시 서구,042-288-3582,2025-11-30,3660000,대전광역시 서구
행복한우리복지관,대전광역시,서구,대전광역시 서구 계백로 1093-32,대전광역시 서구 도안동 1575,36.3053598,127.3451853,,대전광역시 서구,042-288-3582,2025-11-30,3660000,대전광역시 서구
서구노인복지관,대전광역시,서구,대전광역시 서구 남선로 66,대전광역시 서구 탄방동 1084,36.3462303652,127.3979911988,,대전광역시 서구,042-288-3582,2025-11-30,3660000,대전광역시 서구
우명보건진료소,대전광역시,서구,대전광역시 서구 우명길 33-14,대전광역시 서구 우명동 275-1,36.22311888,127.2946108291,민원실,대전광역시 서구,042-288-3582,2025-11-30,3660000,대전광역시 서구
기성보건지소,대전광역시,서구,대전광역시 서구 벌곡로 658,대전광역시 서구 흑석동 949,36.2546112,127.3415115114,민원실,대전광역시 서구,042-288-3582,2025-11-30,3660000,대전광역시 서구
관저보건지소,대전광역시,서구,대전광역시 서구 구봉산북로 300,대전광역시 서구 관저동 1424,36.30109953,127.3450082098,민원실,대전광역시 서구,042-288-3582,2025-11-30,3660000,대전광역시 서구
서구보건소,대전광역시,서구,대전광역시 서구 만년로 74,대전광역시 서구 만년동 340,36.36708996,127.3810998317,민원실,대전광역시 서구,042-288-3582,2025-11-30,3660000,대전광역시 서구
기성동행정복지센터,대전광역시,서구,대전광역시 서구 흑석1길 16,대전광역시 서구 흑석동 892,36.2557445055,127.3418331234,민원실,대전광역시 서구,042-288-3582,2025-11-30,3660000,대전광역시 서구
관저2동행정복지센터,대전광역시,서구,대전광역시 서구 관저중로 82,대전광역시 서구 관저동 1104,36.29923226,127.3351936298,민원실,대전광역시 서구,042-288-3582,2025-11-30,3660000,대전광역시 서구
관저1동행정복지센터,대전광역시,서구,대전광역시 서구 관저북로 24,대전광역시 서구 관저동 999-3,36.30380876,127.3373271,민원실,대전광역시 서구,042-288-3582,2025-11-30,3660000,대전광역시 서구
가수원동행정복지센터,대전광역시,서구,대전광역시 서구 가수원로 105,대전광역시 서구 가수원동 761-3,36.30357398,127.3493552,민원실,대전광역시 서구,042-288-3582,2025-11-30,3660000,대전광역시 서구
만년동행정복지센터,대전광역시,서구,대전광역시 서구 만년로 19,대전광역시 서구 만년동 3,36.36757353,127.3750246,민원실,대전광역시 서구,042-288-3582,2025-11-30,3660000,대전광역시 서구
월평3동행정복지센터,대전광역시,서구,대전광역시 서구 청사로 27-9,대전광역시 서구 월평동 310,36.3602825807,127.3668828,민원실,대전광역시 서구,042-288-3582,2025-11-30,3660000,대전광역시 서구
월평2동행정복지센터,대전광역시,서구,대전광역시 서구 갈마역로 145,대전광역시 서구 월평동 218-3,36.36356466,127.3741007987,민원실,대전광역시 서구,042-288-3582,2025-11-30,3660000,대전광역시 서구
월평1동행정복지센터,대전광역시,서구,대전광역시 서구 월평서로 13,대전광역시 서구 월평동 1181-2,36.35468243,127.3575870333,민원실,대전광역시 서구,042-288-3582,2025-11-30,3660000,대전광역시 서구
갈마2동행정복지센터,대전광역시,서구,대전광역시 서구 대덕대로 147,대전광역시 서구 갈마동 1069,36.34676638,127.3748621,민원실,대전광역시 서구,042-288-3582,2025-11-30,3660000,대전광역시 서구
갈마1동행정복지센터,대전광역시,서구,대전광역시 서구 신갈마로 191,대전광역시 서구 갈마동 316-3,36.3508290744,127.3678302,민원실,대전광역시 서구,042-288-3582,2025-11-30,3660000,대전광역시 서구
내동행정복지센터,대전광역시,서구,대전광역시 서구 도솔로 247,대전광역시 서구 내동 21-23,36.33220976,127.3773826,민원실,대전광역시 서구,042-288-3582,2025-11-30,3660000,대전광역시 서구
가장동행정복지센터,대전광역시,서구,대전광역시 서구 들말4길 6,대전광역시 서구 가장동 40-13,36.3301269681,127.3852037721,민원실,대전광역시 서구,042-288-3582,2025-11-30,3660000,대전광역시 서구
괴정동행정복지센터,대전광역시,서구,대전광역시 서구 가장로 57,대전광역시 서구 괴정동 74-5,36.33715799,127.382047,민원실,대전광역시 서구,042-288-3582,2025-11-30,3660000,대전광역시 서구
은풍면행정복지센터,경상북도,예천군,경상북도 예천군 은풍면 은풍로 88,,36.7451091797,128.4433932433,,예천군 보건소,054-650-6475,2025-12-17,5230000,경상북도 예천군
효자면행정복지센터,경상북도,예천군,경상북도 예천군 효자면 도효자로 1481,,36.7713966541,128.4188534284,,예천군 보건소,054-650-6475,2025-12-17,5230000,경상북도 예천군
용문면행정복지센터,경상북도,예천군,경상북도 예천군 용문면 금당실길 54,,36.690123377,128.4112819709,,예천군 보건소,054-650-6475,2025-12-17,5230000,경상북도 예천군
예천읍행정복지센터,경상북도,예천군,경상북도 예천군 예천읍 군청앞길 2,,36.6568668802,128.452792471,,예천군 보건소,054-650-6475,2025-12-17,5230000,경상북도 예천군
청운보건진료소,경상북도,예천군,경상북도 예천군 풍양면 청운1리길 42,,36.5342401532,128.2977032085,,예천군 보건소,054-650-6475,2025-12-17,5230000,경상북도 예천군
우망보건진료소,경상북도,예천군,경상북도 예천군 풍양면 청곡길 40,,36.5418557966,128.3261420193,,예천군 보건소,054-650-6475,2025-12-17,5230000,경상북도 예천군
지보리보건진료소,경상북도,예천군,경상북도 예천군 지보면 지보리길 183,,36.5146657969,128.3843007544,,예천군 보건소,054-650-6475,2025-12-17,5230000,경상북도 예천군
상월보건진료소,경상북도,예천군,경상북도 예천군 지보면 상월길 135-11,,36.5788497814,128.3783191558,,예천군 보건소,054-650-6475,2025-12-17,5230000,경상북도 예천군
대은보건진료소,경상북도,예천군,경상북도 예천군 용궁면 대은길 18,,36.5967357756,128.3129216149,,예천군 보건소,054-650-6475,2025-12-17,5230000,경상북도 예천군
덕계보건진료소,경상북도,예천군,경상북도 예천군 용궁면 덕계1길 71,,36.6493874252,128.318825407,,예천군 보건소,054-650-6475,2025-12-17,5230000,경상북도 예천군
중평보건진료소,경상북도,예천군,경상북도 예천군 유천면 중평길 99,,36.6672567098,128.355575871,,예천군 보건소,054-650-6475,2025-12-17,5230000,경상북도 예천군
송곡보건진료소,경상북도,예천군,경상북도 예천군 호명읍 호명로 305,,36.5874084003,128.4482203638,,예천군 보건소,054-650-6475,2025-12-17,5230000,경상북도 예천군
독양보건진료소,경상북도,예천군,경상북도 예천군 보문면 옥계천로 464,,36.7219684141,128.5693960687,,예천군 보건소,054-650-6475,2025-12-17,5230000,경상북도 예천군
수계보건진료소,경상북도,예천군,경상북도 예천군 보문면 수양길 8,,36.6861293231,128.5492333053,,예천군 보건소,054-650-6475,2025-12-17,5230000,경상북도 예천군
천향보건진료소,경상북도,예천군,경상북도 예천군 감천면 석송로 321-5,,36.7269362405,128.4909217591,,예천군 보건소,054-650-6475,2025-12-17,5230000,경상북도 예천군
부초보건진료소,경상북도,예천군,경상북도 예천군 은풍면 부용봉길 99-10,,36.7210667505,128.4476329064,,예천군 보건소,054-650-6475,2025-12-17,5230000,경상북도 예천군
석묘보건진료소,경상북도,예천군,경상북도 예천군 효자면 석묘리길 4,,36.7859971336,128.456900321,,예천군 보건소,054-650-6475,2025-12-17,5230000,경상북도 예천군
대제보건진료소,경상북도,예천군,경상북도 예천군 용문면 반서울로 376,,36.7023457945,128.4441967121,,예천군 보건소,054-650-6475,2025-12-17,5230000,경상북도 예천군
원류보건진료소,경상북도,예천군,경상북도 예천군 용문면 용문경천로 874-4,,36.7017283518,128.3808436031,,예천군 보건소,054-650-6475,2025-12-17,5230000,경상북도 예천군
풍양보건지소,경상북도,예천군,경상북도 예천군 풍양면 낙상2길 26-9,,36.5092755578,128.3020836278,,예천군 보건소,054-650-6475,2025-12-17,5230000,경상북도 예천군
지보보건지소,경상북도,예천군,경상북도 예천군 지보면 소화1길 20-7,,36.5467846138,128.3868635316,,예천군 보건소,054-650-6475,2025-12-17,5230000,경상북도 예천군
개포보건지소,경상북도,예천군,경상북도 예천군 개포면 용개로 1015,,36.6096668949,128.3640647243,,예천군 보건소,054-650-6475,2025-12-17,5230000,경상북도 예천군
용궁보건지소,경상북도,예천군,경상북도 예천군 용궁면 용개로 12,,36.6067492171,128.2824842363,,예천군 보건소,054-650-6475,2025-12-17,5230000,경상북도 예천군
유천보건지소,경상북도,예천군,경상북도 예천군 유천면 예성로 685,,36.6351256257,128.3885881863,,예천군 보건소,054-650-6475,2025-12-17,5230000,경상북도 예천군
호명보건지소,경상북도,예천군,경상북도 예천군 호명읍 오천길 23,,36.5939030362,128.4705456498,,예천군 보건소,054-650-6475,2025-12-17,5230000,경상북도 예천군
보문보건지소,경상북도,예천군,경상북도 예천군 보문면 미호길 110,,36.6647527493,128.5089030461,,예천군 보건소,054-650-6475,2025-12-17,5230000,경상북도 예천군
감천보건지소,경상북도,예천군,경상북도 예천군 감천면 포리2길 26,,36.7229879826,128.5286695492,,예천군 보건소,054-650-6475,2025-12-17,5230000,경상북도 예천군
효자은풍통합보건지소,경상북도,예천군,경상북도 예천군 은풍면 은풍로 100-7,,36.7455967996,128.4437812589,,예천군 보건소,054-650-6475,2025-12-17,5230000,경상북도 예천군
용문보건지소,경상북도,예천군,경상북도 예천군 용문면 용문경천로 1209-7,,36.688890249,128.4096958984,,예천군 보건소,054-650-6475,2025-12-17,5230000,경상북도 예천군
예천군보건소,경상북도,예천군,경상북도 예천군 예천읍 군청길 33,,36.6576982703,128.452977861,,예천군 보건소,054-650-6475,2025-12-17,5230000,경상북도 예천군
지역교육사회협의회,대전광역시,서구,대전광역시 서구 갈마로 34,대전광역시 서구 갈마동 338-22,36.3493572919,127.3690187,,대전광역시 서구,042-288-3582,2025-11-30,3660000,대전광역시 서구
서구노인지회,대전광역시,서구,대전광역시 서구 계룡로342번길 28,대전광역시 서구 갈마동 295-27,36.35267574,127.3661428,,대전광역시 서구,042-288-3582,2025-11-30,3660000,대전광역시 서구
둔산동 성당,대전광역시,서구,대전광역시 서구 둔산북로 175,대전광역시 서구 둔산동 1383,36.3559952861,127.3933992794,,대전광역시 서구,042-288-3582,2025-11-30,3660000,대전광역시 서구
건강약국,대전광역시,서구,대전광역시 서구 계백로 1166-12(가수원동),대전광역시 서구 가수원동 765-6,36.3042969077,127.3528777,,대전광역시 서구,042-288-3582,2025-11-30,3660000,대전광역시 서구
연호2리 경로당,경상북도,칠곡군,경상북도 칠곡군 지천면 연호2길 41,경상북도 칠곡군 지천면 연호리 863-183,35.93146238,128.5051248,,경상북도 칠곡군청,054-979-8210,2025-12-23,5220000,경상북도 칠곡군
복성3리 경로당,경상북도,칠곡군,경상북도 칠곡군 약목면 복성1길 46,경상북도 칠곡군 약목면 복성리 842-6,36.03545332,128.3632426,,경상북도 칠곡군청,054-979-8210,2025-12-23,5220000,경상북도 칠곡군
동안리 경로당,경상북도,칠곡군,경상북도 칠곡군 약목면 동안들1길 160-33,경상북도 칠곡군 약목면 동안리 34-1,36.03480997,128.3888625,,경상북도 칠곡군청,054-979-8210,2025-12-23,5220000,경상북도 칠곡군
인평2리 경로당,경상북도,칠곡군,경상북도 칠곡군 북삼읍 인평1길 54,경상북도 칠곡군 북삼읍 인평리 523-60,36.06253038,128.3375432,,경상북도 칠곡군청,054-979-8210,2025-12-23,5220000,경상북도 칠곡군
삼청2리 경로당,경상북도,칠곡군,경상북도 칠곡군 왜관읍 칠곡대로 1752-3,경상북도 칠곡군 왜관읍 삼청리 451-5,35.98302599,128.4236647,,경상북도 칠곡군청,054-979-8210,2025-12-23,5220000,경상북도 칠곡군
보건소,경상북도,칠곡군,경상북도 칠곡군 왜관읍 관문로1길 30,경상북도 칠곡군 왜관읍 매원리 692-5,35.99070797,128.4186406,,경상북도 칠곡군청,054-979-8210,2025-12-23,5220000,경상북도 칠곡군
호생약국,경상북도,칠곡군,경상북도 칠곡군 약목면 약목로5길 3,경상북도 칠곡군 약목면 복성리 856-5,36.03440849,128.3649085,,경상북도 칠곡군청,054-979-8210,2025-12-23,5220000,경상북도 칠곡군
새봄약국,경상북도,칠곡군,경상북도 칠곡군 석적읍 북중리3길 31,경상북도 칠곡군 석적읍 중리 92-19,36.07801367,128.4097445,,경상북도 칠곡군청,054-979-8210,2025-12-23,5220000,경상북도 칠곡군
은혜약국,경상북도,칠곡군,경상북도 칠곡군 왜관읍 2번도로길 52,경상북도 칠곡군 왜관읍 왜관리 251-21,35.99227713,128.3977326,,경상북도 칠곡군청,054-979-8210,2025-12-23,5220000,경상북도 칠곡군
효성해링턴2단지,경상북도,칠곡군,경상북도 칠곡군 석적읍 남율로9길 61 (칠곡남율효성해링턴플레이스2단지),경상북도 칠곡군 석적읍 남율리 1337,36.06876628,128.4041559,,경상북도 칠곡군청,054-979-8210,2025-12-23,5220000,경상북도 칠곡군
효성해링턴플레이스,경상북도,칠곡군,경상북도 칠곡군 석적읍 남율로9길 33 (칠곡남율효성해링턴플레이스1단지),경상북도 칠곡군 석적읍 남율리 1087,36.06773669,128.4011946,,경상북도 칠곡군청,054-979-8210,2025-12-23,5220000,경상북도 칠곡군
삼주강변타운,경상북도,칠곡군,경상북도 칠곡군 약목면 관호8길 28-18 (삼주강변타운),경상북도 칠곡군 약목면 관호리 952,36.00169268,128.3880675,,경상북도 칠곡군청,054-979-8210,2025-12-23,5220000,경상북도 칠곡군
왜관우방타운,경상북도,칠곡군,경상북도 칠곡군 왜관읍 석전로7길 40 (왜관3차우방타운),경상북도 칠곡군 왜관읍 석전리 479,36.00441412,128.4082915,,경상북도 칠곡군청,054-979-8210,2025-12-23,5220000,경상북도 칠곡군
약목면 오성타워맨션,경상북도,칠곡군,경상북도 칠곡군 약목면 복성13길 24 (약목오성타워맨션),경상북도 칠곡군 약목면 복성리 701,36.03738581,128.3595459,,경상북도 칠곡군청,054-979-8210,2025-12-23,5220000,경상북도 칠곡군
약목면 성재아파트,경상북도,칠곡군,경상북도 칠곡군 약목면 관호8길 32-2 (성재아파트),경상북도 칠곡군 약목면 관호리 산 74-10,36.00132519,128.3884257,,경상북도 칠곡군청,054-979-8210,2025-12-23,5220000,경상북도 칠곡군
석적읍 한솔솔파크강변,경상북도,칠곡군,경상북도 칠곡군 석적읍 석적로 905 (한솔솔파크강변아파트),경상북도 칠곡군 석적읍 남율리 764,36.07120254,128.3942591,,경상북도 칠곡군청,054-979-8210,2025-12-23,5220000,경상북도 칠곡군
기산 월드피아아파트,경상북도,칠곡군,경상북도 칠곡군 기산면 지산로 961 (월드피아아파트),경상북도 칠곡군 기산면 죽전리 274-4,35.98630812,128.3796082,,경상북도 칠곡군청,054-979-8210,2025-12-23,5220000,경상북도 칠곡군
협성휴포레왜관,경상북도,칠곡군,경상북도 칠곡군 왜관읍 평장길 20 (협성휴포레칠곡왜관),경상북도 칠곡군 왜관읍 왜관리 1571,35.98577513,128.4013026,,경상북도 칠곡군청,054-979-8210,2025-12-23,5220000,경상북도 칠곡군
무성그린맨션,경상북도,칠곡군,경상북도 칠곡군 왜관읍 군청4길 32 (무성그린맨션),경상북도 칠곡군 왜관읍 석전리 771-4,35.99945342,128.3997521,,경상북도 칠곡군청,054-979-8210,2025-12-23,5220000,경상북도 칠곡군
왜관 한빛타운,경상북도,칠곡군,경상북도 칠곡군 왜관읍 석전로 77 (왜관한빛타운),경상북도 칠곡군 왜관읍 석전리 561,36.00080523,128.4062618,,경상북도 칠곡군청,054-979-8210,2025-12-23,5220000,경상북도 칠곡군
왜관읍 주공3단지,경상북도,칠곡군,경상북도 칠곡군 왜관읍 평장7길 11 (왜관주공3단지아파트),경상북도 칠곡군 왜관읍 왜관리 590,35.98676073,128.4113707,,경상북도 칠곡군청,054-979-8210,2025-12-23,5220000,경상북도 칠곡군
왜관읍 주공1단지,경상북도,칠곡군,경상북도 칠곡군 왜관읍 자조1길 10 (칠곡왜관2단지주공아파트),경상북도 칠곡군 왜관읍 왜관리 777-34,35.98250257,128.3974185,,경상북도 칠곡군청,054-979-8210,2025-12-23,5220000,경상북도 칠곡군
서울역센트럴자이,서울특별시,중구,서울특별시 중구 만리재로 175,서울특별시 중구 만리동2가 273,37.55382801,126.9640273,,서울특별시 중구,02-3396-5486,2026-01-26,3010000,서울특별시 중구
신당KCC스위첸,서울특별시,중구,"서울특별시 중구 난계로 130, 101동 (신당동, 신당KCC스위첸)",서울특별시 중구 신당동  856,37.56312584,127.0247943,,서울특별시 중구,02-3396-5486,2026-01-26,3010000,서울특별시 중구
진양아파트,서울특별시,중구,서울특별시 중구 퇴계로 217,서울특별시 중구 충무로4가 120-3,37.56242271,126.9959312,,서울특별시 중구,02-3396-5486,2026-01-26,3010000,서울특별시 중구
나눔약국,세종특별자치시,없음,"세종특별자치시 도움3로 105-7, 메디케어빌딩 109호 (종촌동)",세종특별자치시 종촌동 658,36.50452175,127.2496483,,우체국공익재단,,2026-01-21,5690000,세종특별자치시
백일약국,세종특별자치시,없음,세종특별자치시 조치원읍 섭골길 38,세종특별자치시 조치원읍 신안리 393-14,36.6143749828,127.2892555497,,우체국공익재단,,2026-01-21,5690000,세종특별자치시
신흥약국,세종특별자치시,없음,세종특별자치시 조치원읍 새내16길 4,세종특별자치시 조치원읍 교리 15-5,36.60383888,127.2978488,,우체국공익재단,,2026-01-21,5690000,세종특별자치시
조치원약국,세종특별자치시,없음,세종특별자치시 조치원읍 새내로 98,세종특별자치시 조치원읍 원리 7-16,36.60057958,127.2985925,,우체국공익재단,,2026-01-21,5690000,세종특별자치시
대수약국,세종특별자치시,없음,세종특별자치시 조치원읍 새내5길 2,세종특별자치시 조치원읍 정리 99-1,36.5983475454,127.2984507205,,우체국공익재단,,2026-01-21,5690000,세종특별자치시
허약국,세종특별자치시,없음,세종특별자치시 조치원읍 조치원로 42-2,세종특별자치시 조치원읍 상리 141,36.60150877,127.3017665,,우체국공익재단,,2026-01-21,5690000,세종특별자치시
바다약국,세종특별자치시,없음,세종특별자치시 조치원읍 조치원로 31,세종특별자치시 조치원읍 원리 3-5,36.60168811,127.3001202,,우체국공익재단,,2026-01-21,5690000,세종특별자치시
김약국,세종특별자치시,없음,세종특별자치시 조치원읍 조치원로 26,세종특별자치시 조치원읍 원리 4-15,36.60131444,127.2995696,,우체국공익재단,,2026-01-21,5690000,세종특별자치시
좋은약국,세종특별자치시,없음,세종특별자치시 조치원읍 새내로 88,세종특별자치시 조치원읍 정리 87-25,36.59980056,127.2986225,,우체국공익재단,,2026-01-21,5690000,세종특별자치시
십자약국,세종특별자치시,없음,세종특별자치시 조치원읍 새내로 96,세종특별자치시 조치원읍 원리 7-23,36.60042573,127.2984589,,우체국공익재단,,2026-01-21,5690000,세종특별자치시
감초당 온누리 약국,세종특별자치시,없음,세종특별자치시 조치원읍 새내9길 3,세종특별자치시 조치원읍 정리 102-3,36.60017655,127.2981045,,우체국공익재단,,2026-01-21,5690000,세종특별자치시
열린약국,세종특별자치시,없음,세종특별자치시 조치원읍 새내로 77-1,세종특별자치시 조치원읍 정리 101-37,36.59886555,127.2983309,,우체국공익재단,,2026-01-21,5690000,세종특별자치시
참좋은약국,세종특별자치시,없음,세종특별자치시 조치원읍 대첩로 17,세종특별자치시 조치원읍 신흥리 77-6,36.5953310177,127.2941944268,,우체국공익재단,,2026-01-21,5690000,세종특별자치시
평화당한약국,세종특별자치시,없음,세종특별자치시 조치원읍 새내8길 36-8,세종특별자치시 조치원읍 정리 51-1,36.59925711,127.3005136,,우체국공익재단,,2026-01-21,5690000,세종특별자치시
하나로약국,세종특별자치시,없음,세종특별자치시 조치원읍 도원2로 39,세종특별자치시 조치원읍 신흥리 172-4,36.5927075455,127.287016636,,우체국공익재단,,2026-01-21,5690000,세종특별자치시
성지약국,세종특별자치시,없음,"세종특별자치시 조치원읍 새내8길 7, 102호",세종특별자치시 조치원읍 정리 87-5,36.59946373,127.2988692,,우체국공익재단,,2026-01-21,5690000,세종특별자치시
샬롬약국,세종특별자치시,없음,세종특별자치시 조치원읍 새내로 72,세종특별자치시 조치원읍 남리 33-2,36.59824932,127.2988099,,우체국공익재단,,2026-01-21,5690000,세종특별자치시
역전약국,세종특별자치시,없음,세종특별자치시 조치원읍 으뜸길 208,세종특별자치시 조치원읍 원리 11-9,36.60080078,127.297056,,우체국공익재단,,2026-01-21,5690000,세종특별자치시
새건강약국,세종특별자치시,없음,세종특별자치시 조치원읍 조치원로 7,세종특별자치시 조치원읍 원리 9-28,36.60145234,127.297618,,우체국공익재단,,2026-01-21,5690000,세종특별자치시
신세종약국,세종특별자치시,없음,세종특별자치시 조치원읍 새내로 88-1,세종특별자치시 조치원읍 정리 87-19,36.5997147261,127.2986419572,,우체국공익재단,,2026-01-21,5690000,세종특별자치시
다나약국,세종특별자치시,없음,세종특별자치시 조치원읍 새내로 102,세종특별자치시 조치원읍 원리 7-6,36.60097199,127.2984302,,우체국공익재단,,2026-01-21,5690000,세종특별자치시
가락마을11단지,세종특별자치시,없음,세종특별자치시 마음로 152,세종특별자치시 고운동 1409,36.51228648,127.2309849,,우체국공익재단,,2026-01-21,5690000,세종특별자치시
가락마을8단지,세종특별자치시,없음,세종특별자치시 만남로 92,세종특별자치시 고운동 1706,36.50569802,127.2407533,,우체국공익재단,,2026-01-21,5690000,세종특별자치시
가락마을7단지,세종특별자치시,없음,세종특별자치시 마음안로 13,세종특별자치시 고운동 1724,36.505099727,127.2393723023,,우체국공익재단,,2026-01-21,5690000,세종특별자치시
가락마을6단지,세종특별자치시,없음,세종특별자치시 마음로 14,세종특별자치시 고운동 1728,36.5026188,127.2397981,,우체국공익재단,,2026-01-21,5690000,세종특별자치시
가락마을4단지,세종특별자치시,없음,세종특별자치시 마음안로 48,세종특별자치시 고운동 1703,36.50679972,127.2372679,,우체국공익재단,,2026-01-21,5690000,세종특별자치시
가락마을3단지,세종특별자치시,없음,세종특별자치시 마음안로 47,세종특별자치시 고운동 1708,36.5056254096,127.2361878909,,우체국공익재단,,2026-01-21,5690000,세종특별자치시
가락마을1단지,세종특별자치시,없음,세종특별자치시 마음로 67,세종특별자치시 고운동 1729,36.50482142,127.2327859,,우체국공익재단,,2026-01-21,5690000,세종특별자치시
중구청,서울특별시,중구,서울특별시 중구 창경궁로 17,서울특별시 중구 예관동 120-1,37.56412015,126.9980097,1층 후문,서울특별시 중구,02-3396-5486,2026-01-26,3010000,서울특별시 중구
소공동 주민센터,서울특별시,중구,서울특별시 중구 남대문로1길 31-5,서울특별시 중구 북창동 20-5,37.56242289,126.9770419,민원실 안,서울특별시 중구,02-3396-5486,2026-01-26,3010000,서울특별시 중구
회현동 주민센터,서울특별시,중구,서울특별시 중구 퇴계로8길 46,서울특별시 중구 회현동1가 164,37.55728611,126.9793555,,서울특별시 중구,02-3396-5486,2026-01-26,3010000,서울특별시 중구
명동 주민센터,서울특별시,중구,서울특별시 중구 퇴계로20길 3,서울특별시 중구 남산동2가 9-6,37.5600479,126.9858184,,서울특별시 중구,02-3396-5486,2026-01-26,3010000,서울특별시 중구
필동 주민센터,서울특별시,중구,서울특별시 중구 퇴계로36길 42,서울특별시 중구 필동2가 78-2,37.56015769,126.9955974,,서울특별시 중구,02-3396-5486,2026-01-26,3010000,서울특별시 중구
장충동 주민센터,서울특별시,중구,서울특별시 중구 장충단로8길 22,서울특별시 중구 장충동1가 37-14,37.56190715,127.0078401,,서울특별시 중구,02-3396-5486,2026-01-26,3010000,서울특별시 중구
광희동 주민센터,서울특별시,중구,서울특별시 중구 퇴계로 303-9,서울특별시 중구 광희동1가 252,37.56446028,127.005037,,서울특별시 중구,02-3396-5486,2026-01-26,3010000,서울특별시 중구
을지로동 주민센터,서울특별시,중구,서울특별시 중구 충무로9길 20,서울특별시 중구 을지로3가 95-7,37.56701313,126.9913203,,서울특별시 중구,02-3396-5486,2026-01-26,3010000,서울특별시 중구
신당동 주민센터,서울특별시,중구,서울특별시 중구 다산로33길 3,서울특별시 중구 신당동 300-6,37.56210861,127.014538,,서울특별시 중구,02-3396-5486,2026-01-26,3010000,서울특별시 중구
다산동 주민센터,서울특별시,중구,서울특별시 중구 동호로15길 50,서울특별시 중구 신당동 432-24,37.55433289,127.0082945,,서울특별시 중구,02-3396-5486,2026-01-26,3010000,서울특별시 중구
약수동 주민센터,서울특별시,중구,서울특별시 중구 다산로 92,서울특별시 중구 신당동 366-15,37.55247345,127.0089948,,서울특별시 중구,02-3396-5486,2026-01-26,3010000,서울특별시 중구
청구동 주민센터,서울특별시,중구,서울특별시 중구 청구로3길 55,서울특별시 중구 신당동 333-17,37.55706761,127.0146854,,서울특별시 중구,02-3396-5486,2026-01-26,3010000,서울특별시 중구
신당5동 주민센터,서울특별시,중구,서울특별시 중구 다산로44길 85,서울특별시 중구 신당동 150-7,37.5651269,127.0218661,,서울특별시 중구,02-3396-5486,2026-01-26,3010000,서울특별시 중구
동화동 주민센터,서울특별시,중구,서울특별시 중구 다산로36길 100,서울특별시 중구 신당동 850,37.55998237,127.0194224,,서울특별시 중구,02-3396-5486,2026-01-26,3010000,서울특별시 중구
황학동 주민센터,서울특별시,중구,서울특별시 중구 난계로11길 52,서울특별시 중구 황학동 1010,37.56742273,127.0213823,,서울특별시 중구,02-3396-5486,2026-01-26,3010000,서울특별시 중구
중림동 주민센터,서울특별시,중구,서울특별시 중구 만리재로 175,서울특별시 중구 만리동2가 273,37.55382801,126.9640273,,서울특별시 중구,02-3396-5486,2026-01-26,3010000,서울특별시 중구
정동아파트,서울특별시,중구,서울특별시 중구 정동길 13,서울특별시 중구 정동 18-1,37.56729037,126.9702944,,서울특별시 중구,02-3396-5486,2026-01-26,3010000,서울특별시 중구
순화동포스코더샆,서울특별시,중구,서울특별시 중구 칠패로 27,서울특별시 중구 순화동 151,37.5602669,126.9720353,,서울특별시 중구,02-3396-5486,2026-01-26,3010000,서울특별시 중구
덕수궁롯데캐슬,서울특별시,중구,"서울특별시 중구 서소문로9길 28, 102동 (순화동, 덕수궁롯데캐슬)",서울특별시 중구 순화동  217,37.56370849,126.970043,,서울특별시 중구,02-3396-5486,2026-01-26,3010000,서울특별시 중구
별장아파트,서울특별시,중구,서울특별시 중구 퇴계로12길 88,서울특별시 중구 회현동1가 147-20,37.55571932,126.9818214,,서울특별시 중구,02-3396-5486,2026-01-26,3010000,서울특별시 중구
청계천두산위브더제니스,서울특별시,중구,서울특별시 중구 다산로46길 17,서울특별시 중구 흥인동 13-1,37.5668676,127.0171229,,서울특별시 중구,02-3396-5486,2026-01-26,3010000,서울특별시 중구
신당파인힐하나유보라,서울특별시,중구,"서울특별시 중구 왕십리로 407, 102동 (신당동, 신당 파인힐 하나유보라)",서울특별시 중구 신당동 855,37.564780,127.024710,,서울특별시 중구,02-3396-5486,2026-01-26,3010000,서울특별시 중구
한진해모로아파트(일반분양동),서울특별시,중구,"서울특별시 중구 왕십리로39길 30, 104동 (신당동, 한진해모로)",서울특별시 중구 신당동 845,37.56372841,127.0257107,,서울특별시 중구,02-3396-5486,2026-01-26,3010000,서울특별시 중구
한진해모로아파트(임대동),서울특별시,중구,"서울특별시 중구 왕십리로39길 30, 104동 (신당동, 한진해모로)",서울특별시 중구 신당동 845,37.56372841,127.0257107,,서울특별시 중구,02-3396-5486,2026-01-26,3010000,서울특별시 중구
송학보건진료소,세종특별자치시,없음,세종특별자치시 장군면 황미창말길 5-4,세종특별자치시 장군면 송학리 210-12,36.53814427,127.1902482,,우체국공익재단,,2026-01-21,5690000,세종특별자치시
양곡보건진료소,세종특별자치시,없음,세종특별자치시 전의면 양지편길 17,세종특별자치시 전의면 양곡리 303-7,36.6402665477,127.1779809661,,우체국공익재단,,2026-01-21,5690000,세종특별자치시
소정면보건지소,세종특별자치시,없음,세종특별자치시 소정면 소정구길 201,세종특별자치시 소정면 소정리 156-5,36.7220348792,127.15723683,,우체국공익재단,,2026-01-21,5690000,세종특별자치시
전동면보건지소,세종특별자치시,없음,세종특별자치시 전동면 운주산로 386,세종특별자치시 전동면 노장리 583,36.6560525046,127.2637277115,,우체국공익재단,,2026-01-21,5690000,세종특별자치시
연서면보건지소,세종특별자치시,없음,세종특별자치시 연서면 대첩로 238,세종특별자치시 연서면 성제리 293,36.5925687582,127.2715220683,,우체국공익재단,,2026-01-21,5690000,세종특별자치시
전의면보건지소,세종특별자치시,없음,세종특별자치시 전의면 만세길 20-12,세종특별자치시 전의면 읍내리 250-3,36.678489648,127.2048256491,,우체국공익재단,,2026-01-21,5690000,세종특별자치시
금남면보건지소,세종특별자치시,없음,세종특별자치시 금남면 용포로 59,세종특별자치시 금남면 용포리 122-1,36.4641137986,127.2805346419,,우체국공익재단,,2026-01-21,5690000,세종특별자치시
부강면보건지소,세종특별자치시,없음,세종특별자치시 부강면 청연로 21-9,세종특별자치시 부강면 부강리 138-1,36.5295088548,127.3712909857,,우체국공익재단,,2026-01-21,5690000,세종특별자치시
연동면보건지소,세종특별자치시,없음,세종특별자치시 연동면 장욱진로 7,세종특별자치시 연동면 내판리 33-1,36.5553423,127.3273282,,우체국공익재단,,2026-01-21,5690000,세종특별자치시
장군면보건지소,세종특별자치시,없음,세종특별자치시 장군면 장기초교길 11-1,세종특별자치시 장군면 도계리 163-11,36.49712843,127.2073287,,우체국공익재단,,2026-01-21,5690000,세종특별자치시
연기면보건지소,세종특별자치시,없음,세종특별자치시 당산로 81,세종특별자치시 한별동 317-31,36.5419050089,127.2731692993,,우체국공익재단,,2026-01-21,5690000,세종특별자치시
남부통합보건지소,세종특별자치시,없음,세종특별자치시 새롬로 14,세종특별자치시 새롬동 567,36.4861243038,127.2565288979,,우체국공익재단,,2026-01-21,5690000,세종특별자치시
조치원읍 보건소,세종특별자치시,없음,세종특별자치시 조치원읍 대첩로 32,세종특별자치시 조치원읍 신흥리 53-1,36.596269162,127.2928905513,,우체국공익재단,,2026-01-21,5690000,세종특별자치시
새나루마을11단지,세종특별자치시,없음,세종특별자치시 집현서2로 84,세종특별자치시 집현동 889,36.4972042377,127.3238885545,,우체국공익재단,,2026-01-21,5690000,세종특별자치시
해밀마을2단지,세종특별자치시,없음,세종특별자치시 해밀3로 90,세종특별자치시 해밀동 118-2,36.527152219,127.2710197564,,우체국공익재단,,2026-01-21,5690000,세종특별자치시
새나루마을12단지,세종특별자치시,없음,세종특별자치시 집현북로 52,세종특별자치시 집현동 422,36.5011661723,127.3249805754,,우체국공익재단,,2026-01-21,5690000,세종특별자치시
새나루마을10단지,세종특별자치시,없음,세종특별자치시 시청대로 643,세종특별자치시 집현동 산 170-1,36.4944541274,127.3248924672,,우체국공익재단,,2026-01-21,5690000,세종특별자치시
새나루마을9단지,세종특별자치시,없음,세종특별자치시 시청대로 642,세종특별자치시 집현동 883-11,36.4923670645,127.3231758438,,우체국공익재단,,2026-01-21,5690000,세종특별자치시
새나루마을8단지,세종특별자치시,없음,세종특별자치시 집현서로 16,,36.489338,127.322459,,우체국공익재단,,2026-01-21,5690000,세종특별자치시
새나루마을4단지,세종특별자치시,없음,세종특별자치시 집현서로 57,,36.492287,127.321592,,우체국공익재단,,2026-01-21,5690000,세종특별자치시
새나루마을3단지,세종특별자치시,없음,세종특별자치시 집현서로 45,세종특별자치시 집현동 883-52,36.4911843125,127.3208866822,,우체국공익재단,,2026-01-21,5690000,세종특별자치시
새나루마을2단지,세종특별자치시,없음,세종특별자치시 집현서로 15,세종특별자치시 집현동 883-115,36.4878607807,127.3214174941,,우체국공익재단,,2026-01-21,5690000,세종특별자치시
새나루마을1단지,세종특별자치시,없음,세종특별자치시 남세종로 160,세종특별자치시 집현동 883-139,36.4862511955,127.3190847953,,우체국공익재단,,2026-01-21,5690000,세종특별자치시
가락마을22단지,세종특별자치시,없음,세종특별자치시 마음로 322,세종특별자치시 고운동 1387,36.51893096,127.2415813,,우체국공익재단,,2026-01-21,5690000,세종특별자치시
가락마을21단지,세종특별자치시,없음,세종특별자치시 마음안로 221,세종특별자치시 고운동 1390,36.51846858,127.2398402,,우체국공익재단,,2026-01-21,5690000,세종특별자치시
가락마을20단지,세종특별자치시,없음,세종특별자치시 만남로 190,세종특별자치시 고운동 1396,36.5170635631,127.2410174664,,우체국공익재단,,2026-01-21,5690000,세종특별자치시
가락마을19단지,세종특별자치시,없음,세종특별자치시 밝은뜰로 15,세종특별자치시 고운동 2111,36.5235984628,127.2328597117,,우체국공익재단,,2026-01-21,5690000,세종특별자치시
가락마을18단지,세종특별자치시,없음,세종특별자치시 마음안1로 139,세종특별자치시 고운동 2112,36.5210681156,127.2351065942,,우체국공익재단,,2026-01-21,5690000,세종특별자치시
가락마을17단지,세종특별자치시,없음,세종특별자치시 마음안1로 167,세종특별자치시 고운동 1386,36.51845163,127.2373206,,우체국공익재단,,2026-01-21,5690000,세종특별자치시
가락마을16단지,세종특별자치시,없음,세종특별자치시 만남로 187,세종특별자치시 고운동 1395,36.51554572,127.2388349,,우체국공익재단,,2026-01-21,5690000,세종특별자치시
가락마을14단지,세종특별자치시,없음,세종특별자치시 마음안로 131,세종특별자치시 고운동 1403,36.51426472,127.231620,,우체국공익재단,,2026-01-21,5690000,세종특별자치시
가락마을13단지,세종특별자치시,없음,세종특별자치시 마음로 182,세종특별자치시 고운동 1401,36.51457618,127.2301233,,우체국공익재단,,2026-01-21,5690000,세종특별자치시
지음약국,세종특별자치시,없음,"세종특별자치시 마음로 181, 1019동 B112호 (고운동, 가락마을10단지)",세종특별자치시 고운동 1400,36.51484708,127.2280006,,우체국공익재단,,2026-01-21,5690000,세종특별자치시
세종이마트 믿음약국,세종특별자치시,없음,"세종특별자치시 금송로 687, 3층 (가람동, 이마트 세종점)",세종특별자치시 가람동 970,36.47089965,127.2509825,,우체국공익재단,,2026-01-21,5690000,세종특별자치시
어진동행정복지센터,세종특별자치시,없음,세종특별자치시 다솜1로31,세종특별자치시 어진동 518,36.50190569,127.2566165,,우체국공익재단,,2026-01-21,5690000,세종특별자치시
나성동행정복지센터,세종특별자치시,없음,세종특별자치시 갈매로 280,세종특별자치시 나성동 850,36.4891256864,127.2642468687,,우체국공익재단,,2026-01-21,5690000,세종특별자치시
반곡동행정복지센터,세종특별자치시,없음,세종특별자치시 반곡로 39,세종특별자치시 반곡동 855,36.4986798767,127.3106457007,,우체국공익재단,,2026-01-21,5690000,세종특별자치시
해밀동행정복지센터,세종특별자치시,없음,세종특별자치시 해밀1로45,세종특별자치시 해밀동 325,36.5271281962,127.2683375797,,우체국공익재단,,2026-01-21,5690000,세종특별자치시
다정동행정복지센터,세종특별자치시,없음,세종특별자치시 다정남3로10,세종특별자치시 다정동 929,36.4941139056,127.250215257,,우체국공익재단,,2026-01-21,5690000,세종특별자치시
소담동행정복지센터,세종특별자치시,없음,세종특별자치시 한누리대로 2023,세종특별자치시 소담동 579,36.4840663253,127.3003565682,,우체국공익재단,,2026-01-21,5690000,세종특별자치시
새롬동행정복지센터,세종특별자치시,없음,세종특별자치시 새롬중앙로 44,세종특별자치시 새롬동 575,36.4851794223,127.251880486,,우체국공익재단,,2026-01-21,5690000,세종특별자치시
보람동행정복지센터,세종특별자치시,없음,세종특별자치시 호려울로42,세종특별자치시 보람동 763,36.4785853365,127.2908453992,,우체국공익재단,,2026-01-21,5690000,세종특별자치시
종촌동행정복지센터,세종특별자치시,없음,세종특별자치시 도움3로125,세종특별자치시 종촌동 677,36.5046345,127.2468694,,우체국공익재단,,2026-01-21,5690000,세종특별자치시
도담동행정복지센터,세종특별자치시,없음,세종특별자치시 보람로 77,세종특별자치시 도담동 645,36.5154054637,127.261746223,,우체국공익재단,,2026-01-21,5690000,세종특별자치시
장군면행정복지센터,세종특별자치시,없음,세종특별자치시 장군면 장척로 400-1,세종특별자치시 장군면 도계리 167,36.4966736,127.2056188,,우체국공익재단,,2026-01-21,5690000,세종특별자치시
한솔동행정복지센터,세종특별자치시,없음,세종특별자치시 노을3로 85,세종특별자치시 한솔동 964,36.4791740367,127.2546671392,,우체국공익재단,,2026-01-21,5690000,세종특별자치시
고운동행정복지센터,세종특별자치시,없음,세종특별자치시 마음로 284,세종특별자치시 고운동 1382,36.51972434,127.2365898,,우체국공익재단,,2026-01-21,5690000,세종특별자치시
아름동행정복지센터,세종특별자치시,없음,세종특별자치시 보듬3로114,세종특별자치시 아름동 1286,36.5123515,127.2468897,,우체국공익재단,,2026-01-21,5690000,세종특별자치시
연동면행정복지센터,세종특별자치시,없음,세종특별자치시 연동면 장욱진로 7,세종특별자치시 연동면 내판리 33-1,36.5553423,127.3273282,,우체국공익재단,,2026-01-21,5690000,세종특별자치시
부강면행정복지센터,세종특별자치시,없음,세종특별자치시 부강면 부강5길38,세종특별자치시 부강면 부강리 138,36.52942609,127.3707531,,우체국공익재단,,2026-01-21,5690000,세종특별자치시
금남면행정복지센터,세종특별자치시,없음,세종특별자치시 금남면 용포로 57,세종특별자치시 금남면 용포리 122-1,36.4637369747,127.2802868355,,우체국공익재단,,2026-01-21,5690000,세종특별자치시
대평동행정복지센터,세종특별자치시,없음,세종특별자치시 대평1길 10,세종특별자치시 대평동 710,36.4709544067,127.2792664207,,우체국공익재단,,2026-01-21,5690000,세종특별자치시
연기면행정복지센터,세종특별자치시,없음,세종특별자치시 당산로 81,세종특별자치시 한별동 317-31,36.5419050089,127.2731692993,,우체국공익재단,,2026-01-21,5690000,세종특별자치시
연서면행정복지센터,세종특별자치시,없음,세종특별자치시 연서면 대첩로 238,세종특별자치시 연서면 성제리 293,36.5925687582,127.2715220683,,우체국공익재단,,2026-01-21,5690000,세종특별자치시
조치원읍행정복지센터,세종특별자치시,없음,세종특별자치시 조치원읍 새내16길 17,세종특별자치시 조치원읍 교리 9-1,36.60454817,127.2984603,,우체국공익재단,,2026-01-21,5690000,세종특별자치시
전동면행정복지센터,세종특별자치시,없음,세종특별자치시 전동면 운주산로 714,세종특별자치시 전동면 청람리 26-1,36.6627551449,127.2336795998,,우체국공익재단,,2026-01-21,5690000,세종특별자치시
전의면 행정복지센터,세종특별자치시,없음,세종특별자치시 전의면 운주산로 1270,세종특별자치시 전의면 읍내리 99,36.681406313,127.1960031749,,우체국공익재단,,2026-01-21,5690000,세종특별자치시
쌍류보건진료소,세종특별자치시,없음,세종특별자치시 연서면 도신고복로 427,세종특별자치시 연서면 쌍류리 706-59,36.594974899,127.2139040304,,우체국공익재단,,2026-01-21,5690000,세종특별자치시
와촌보건진료소,세종특별자치시,없음,세종특별자치시 연서면 용연로 635,세종특별자치시 연서면 와촌리 968-1,36.5567736653,127.246304045,,우체국공익재단,,2026-01-21,5690000,세종특별자치시
송곡보건진료소,세종특별자치시,없음,세종특별자치시 전동면 금이로 184,세종특별자치시 전동면 송곡리 138-24,36.6308979668,127.269295572,,우체국공익재단,,2026-01-21,5690000,세종특별자치시
응암보건진료소,세종특별자치시,없음,세종특별자치시 연동면 송암로 246,세종특별자치시 연동면 응암리 168-6,36.55732784,127.3413241,,우체국공익재단,,2026-01-21,5690000,세종특별자치시
황용보건진료소,세종특별자치시,없음,세종특별자치시 금남면 금남구즉로 487,세종특별자치시 금남면 황용리 448,36.4802769547,127.3295507646,,우체국공익재단,,2026-01-21,5690000,세종특별자치시
서약국,세종특별자치시,없음,세종특별자치시 금남면 용포로 116,세종특별자치시 금남면 용포리 213-1,36.46885879,127.2812136,,우체국공익재단,,2026-01-21,5690000,세종특별자치시
세종현약국,세종특별자치시,없음,"세종특별자치시 나성북로15, 114호(나성동 MVG빌딩)",세종특별자치시 나성동 799,36.4897295,127.2583865,,우체국공익재단,,2026-01-21,5690000,세종특별자치시
대전마더스약국,대전광역시,서구,대전광역시 서구 둔산로 201,대전광역시 서구 둔산동 1809,36.3551065167,127.3981431105,,대전광역시 서구,042-288-3582,2025-11-30,3660000,대전광역시 서구
대동한약국,대전광역시,서구,대전광역시 서구 갈마로261번길 35,대전광역시 서구 괴정동 89-52,36.334198778,127.3838252133,,대전광역시 서구,042-288-3582,2025-11-30,3660000,대전광역시 서구
동해약국,대전광역시,서구,대전광역시 서구 문정로 32(탄방동),대전광역시 서구 탄방동 598,36.3464398474,127.3830779,,대전광역시 서구,042-288-3582,2025-11-30,3660000,대전광역시 서구
대전조이약국,대전광역시,서구,대전광역시 서구 계룡로553번길 18(탄방동),대전광역시 서구 탄방동 672,36.34365729,127.3854699062,,대전광역시 서구,042-288-3582,2025-11-30,3660000,대전광역시 서구
뉴굿모닝약국,대전광역시,서구,대전광역시 서구 계룡로 607(탄방동),대전광역시 서구 탄방동 90-2,36.3408089906,127.3907523456,,대전광역시 서구,042-288-3582,2025-11-30,3660000,대전광역시 서구
누리샤크존약국,대전광역시,서구,대전광역시 서구 둔산중로 19(탄방동),대전광역시 서구 탄방동 590,36.348221,127.3861704,,대전광역시 서구,042-288-3582,2025-11-30,3660000,대전광역시 서구
나음약국,대전광역시,서구,대전광역시 서구 문정로 144(탄방동),대전광역시 서구 탄방동 1032,36.346960,127.3954252,,대전광역시 서구,042-288-3582,2025-11-30,3660000,대전광역시 서구
검지약국,대전광역시,서구,대전광역시 서구 계룡로553번길 72(탄방동),대전광역시 서구 탄방동 660,36.34614537,127.3854314,,대전광역시 서구,042-288-3582,2025-11-30,3660000,대전광역시 서구
대청정문약국,대전광역시,서구,대전광역시 서구 혜천로 15(정림동),대전광역시 서구 정림동 산30-15,36.30813094,127.3698908,,대전광역시 서구,042-288-3582,2025-11-30,3660000,대전광역시 서구
대청건강약국,대전광역시,서구,대전광역시 서구 혜천로 15(정림동),대전광역시 서구 정림동 산30-15,36.30813094,127.3698908,,대전광역시 서구,042-288-3582,2025-11-30,3660000,대전광역시 서구
늘조은약국,대전광역시,서구,대전광역시 서구 정림로 62-1(정림동),대전광역시 서구 정림동 592,36.30593464,127.3654196,,대전광역시 서구,042-288-3582,2025-11-30,3660000,대전광역시 서구
굿모닝약국,대전광역시,서구,대전광역시 서구 계백로 1280(정림동),대전광역시 서구 정림동 505,36.30751944,127.3651004,,대전광역시 서구,042-288-3582,2025-11-30,3660000,대전광역시 서구
남화약국,대전광역시,서구,"대전광역시 서구 청사로 5(월평동, 하나로아파트)",대전광역시 서구 월평동 311-1,36.3601902683,127.3656751995,,대전광역시 서구,042-288-3582,2025-11-30,3660000,대전광역시 서구
대전프라자약국,대전광역시,서구,대전광역시 서구 월평북로 82(월평동),대전광역시 서구 월평동 256,36.36202129,127.3772924,,대전광역시 서구,042-288-3582,2025-11-30,3660000,대전광역시 서구
동민약국,대전광역시,서구,대전광역시 서구 계룡로 662-1(용문동),대전광역시 서구 용문동 256-31,36.33695778,127.3944942,,대전광역시 서구,042-288-3582,2025-11-30,3660000,대전광역시 서구
누리태평양약국,대전광역시,서구,대전광역시 서구 도산로 354(용문동),대전광역시 서구 용문동 263-1,36.33627044,127.3909864,,대전광역시 서구,042-288-3582,2025-11-30,3660000,대전광역시 서구
광혜당약국,대전광역시,서구,대전광역시 서구 도산로 200(변동),대전광역시 서구 변동 31-59,36.32601364,127.3797396633,,대전광역시 서구,042-288-3582,2025-11-30,3660000,대전광역시 서구
도아약국,대전광역시,서구,대전광역시 서구 청사로 148(둔산동),대전광역시 서구 둔산동 939,36.35946085,127.3802034284,,대전광역시 서구,042-288-3582,2025-11-30,3660000,대전광역시 서구
도담약국,대전광역시,서구,대전광역시 서구 대덕대로 189(둔산동),대전광역시 서구 둔산동 1046,36.35024466,127.3772627,,대전광역시 서구,042-288-3582,2025-11-30,3660000,대전광역시 서구
더희망약국,대전광역시,서구,대전광역시 서구 둔산로 77(둔산동),대전광역시 서구 둔산동 1268,36.35156549,127.3824133812,,대전광역시 서구,042-288-3582,2025-11-30,3660000,대전광역시 서구
더타임약국,대전광역시,서구,대전광역시 서구 둔산로31번길 21(둔산동),대전광역시 서구 둔산동 988,36.35269441,127.3772639,,대전광역시 서구,042-288-3582,2025-11-30,3660000,대전광역시 서구
늘푸른약국,대전광역시,서구,대전광역시 서구 대덕대로242번길 26(둔산동),대전광역시 서구 둔산동 1339,36.35413491,127.3809649,,대전광역시 서구,042-288-3582,2025-11-30,3660000,대전광역시 서구
고운약국,대전광역시,서구,대전광역시 서구 대덕대로 195(둔산동),대전광역시 서구 둔산동 1043,36.35075161,127.3776148754,,대전광역시 서구,042-288-3582,2025-11-30,3660000,대전광역시 서구
경보약국,대전광역시,서구,대전광역시 서구 둔산로 67(둔산동),대전광역시 서구 둔산동 1272,36.35156849,127.3812924,,대전광역시 서구,042-288-3582,2025-11-30,3660000,대전광역시 서구
3공단부영아파트,경상북도,칠곡군,경상북도 칠곡군 석적읍 북중리3길 70 (3공단부영아파트),경상북도 칠곡군 석적읍 중리 141,36.07864814,128.413448,,경상북도 칠곡군청,054-979-8210,2025-12-23,5220000,경상북도 칠곡군
우방신천지아파트,경상북도,칠곡군,경상북도 칠곡군 석적읍 석적로 955-19 (우방신천지아파트),경상북도 칠곡군 석적읍 남율리 710,36.07460433,128.3917791,,경상북도 칠곡군청,054-979-8210,2025-12-23,5220000,경상북도 칠곡군
완주군보건소,전북특별자치도,완주군,전북특별자치도 완주군 삼례읍 삼봉8로 10-10,전북특별자치도 완주군 삼례읍 수계리 1242-1,35.92167523,127.1225328,1층 현관,,,2025-08-05,4721000,전북특별자치도 완주군
완주군의회,전북특별자치도,완주군,전북특별자치도 완주군 용진읍 지암로 61,전북특별자치도 완주군 용진읍 운곡리 975-78,35.90528377,127.160721,1층,,,2025-08-05,4721000,전북특별자치도 완주군
완주군청,전북특별자치도,완주군,전북특별자치도 완주군 용진읍 지암로 65,전북특별자치도 완주군 용진읍 운곡리 975-79,35.90410018,127.1638455,4층 승강기 앞,,,2025-08-05,4721000,전북특별자치도 완주군
완주군청,전북특별자치도,완주군,전북특별자치도 완주군 용진읍 지암로 64,전북특별자치도 완주군 용진읍 운곡리 975-78,35.90528377,127.160721,1층 민원실 앞,,,2025-08-05,4721000,전북특별자치도 완주군
가천보건진료소,전북특별자치도,완주군,전북특별자치도 완주군 경천면 경가천길 148-3,전북특별자치도 완주군 경천면 가천리 356-8,36.03337651,127.2631758,,,,2025-08-05,4721000,전북특별자치도 완주군
수만보건진료소,전북특별자치도,완주군,전북특별자치도 완주군 동상면 수만길 40,전북특별자치도 완주군 동상면 수만리 405,35.9235773,127.2746308,,,,2025-08-05,4721000,전북특별자치도 완주군
운산보건진료소,전북특별자치도,완주군,전북특별자치도 완주군 화산면 화산로 1490,전북특별자치도 완주군 화산면 운산리 143-1,36.06907932,127.1524873,,,,2025-08-05,4721000,전북특별자치도 완주군
승치보건진료소,전북특별자치도,완주군,전북특별자치도 완주군 화산면 승치로 138-10,전북특별자치도 완주군 화산면 승치리 231-1,36.05944857,127.2271666,,,,2025-08-05,4721000,전북특별자치도 완주군
금당보건진료소,전북특별자치도,완주군,전북특별자치도 완주군 운주면 금고당로 181,전북특별자치도 완주군 운주면 금당리 570-14,36.06425478,127.3058831,,,,2025-08-05,4721000,전북특별자치도 완주군
산북보건진료소,전북특별자치도,완주군,전북특별자치도 완주군 운주면 숯고개길 336-6,전북특별자치도 완주군 운주면 산북리 276-6,36.09332489,127.3393036,,,,2025-08-05,4721000,전북특별자치도 완주군
이수백보건진료소,전북특별자치도,완주군,전북특별자치도 완주군 비봉면 이수백로 438,전북특별자치도 완주군 비봉면 이전리 487,36.00215119,127.1880493,,,,2025-08-05,4721000,전북특별자치도 완주군
소향보건진료소,전북특별자치도,완주군,전북특별자치도 완주군 고산면 대아저수로 333,전북특별자치도 완주군 고산면 소향리 670-1,35.98417427,127.2548571,,,,2025-08-05,4721000,전북특별자치도 완주군
태봉보건진료소,전북특별자치도,완주군,전북특별자치도 완주군 구이면 덕평로 282,전북특별자치도 완주군 구이면 평촌리 1104-6,35.74448073,127.1487037,,,,2025-08-05,4721000,전북특별자치도 완주군
대덕보건진료소,전북특별자치도,완주군,전북특별자치도 완주군 구이면 대덕길 4,전북특별자치도 완주군 구이면 계곡리 616-1,35.66139518,127.1119121,,,,2025-08-05,4721000,전북특별자치도 완주군
삼태보건진료소,전북특별자치도,완주군,전북특별자치도 완주군 소양면 삼태길 25,전북특별자치도 완주군 소양면 명덕리 624-1,35.87852203,127.2156387,,,,2025-08-05,4721000,전북특별자치도 완주군
신화보건진료소,전북특별자치도,완주군,전북특별자치도 완주군 소양면 전진로 1052-3,전북특별자치도 완주군 소양면 화심리 527,35.84377603,127.2690876,,,,2025-08-05,4721000,전북특별자치도 완주군
이문보건진료소,전북특별자치도,완주군,전북특별자치도 완주군 이서면 용서1길 151,전북특별자치도 완주군 이서면 용서리 311-1,35.8322188,127.0141428,,,,2025-08-05,4721000,전북특별자치도 완주군
제내보건진료소,전북특별자치도,완주군,전북특별자치도 완주군 봉동읍 백제대학로 83,전북특별자치도 완주군 봉동읍 제내리 549-6,35.99250432,127.1184754,,,,2025-08-05,4721000,전북특별자치도 완주군
경천보건지소,전북특별자치도,완주군,전북특별자치도 완주군 경천면 대둔산로 254,전북특별자치도 완주군 경천면 경천리 228-2,36.02183909,127.2522318,,,,2025-08-05,4721000,전북특별자치도 완주군
동상보건지소,전북특별자치도,완주군,전북특별자치도 완주군 동상면 동상로 1408,전북특별자치도 완주군 동상면 신월리 546-17,35.93620691,127.2970456,,,,2025-08-05,4721000,전북특별자치도 완주군
화산보건지소,전북특별자치도,완주군,전북특별자치도 완주군 화산면 화산로 866,전북특별자치도 완주군 화산면 화평리 665-2,36.03418692,127.1999707,,,,2025-08-05,4721000,전북특별자치도 완주군
운주보건지소,전북특별자치도,완주군,전북특별자치도 완주군 운주면 운주로 137,전북특별자치도 완주군 운주면 장선리 564-4,36.09372393,127.2761791,,,,2025-08-05,4721000,전북특별자치도 완주군
비봉보건지소,전북특별자치도,완주군,전북특별자치도 완주군 비봉면 소농길 14,전북특별자치도 완주군 비봉면 소농리 497-4,35.99575813,127.1402954,,,,2025-08-05,4721000,전북특별자치도 완주군
고산보건지소,전북특별자치도,완주군,전북특별자치도 완주군 고산면 고산로 69-13,전북특별자치도 완주군 고산면 읍내리 715-3,35.97644718,127.2052652,,,,2025-08-05,4721000,전북특별자치도 완주군
구이보건지소,전북특별자치도,완주군,전북특별자치도 완주군 구이면 구이로 1482,전북특별자치도 완주군 구이면 원기리 450,35.73192157,127.1208863,,,,2025-08-05,4721000,전북특별자치도 완주군
소양보건지소,전북특별자치도,완주군,전북특별자치도 완주군 소양면 소양로 220-3,전북특별자치도 완주군 소양면 황운리 746-9,35.85530085,127.2328223,,,,2025-08-05,4721000,전북특별자치도 완주군
행복완주 건강생활지원센터,전북특별자치도,완주군,전북특별자치도 완주군 이서면 반교로 40-6,전북특별자치도 완주군 이서면 상기리 580-6,35.8244012,127.0232623,,,,2025-08-05,4721000,전북특별자치도 완주군
상관보건지소,전북특별자치도,완주군,전북특별자치도 완주군 상관면 신리로 105,전북특별자치도 완주군 상관면 신리 602-3,35.77127933,127.2072976,,,,2025-08-05,4721000,전북특별자치도 완주군
용진보건지소,전북특별자치도,완주군,전북특별자치도 완주군 용진읍 완주로 186,전북특별자치도 완주군 용진읍 용흥리 849-1,35.88167453,127.1563838,,,,2025-08-05,4721000,전북특별자치도 완주군
봉동보건지소,전북특별자치도,완주군,전북특별자치도 완주군 봉동읍 봉동로 122,전북특별자치도 완주군 봉동읍 장기리 227-13,35.93594331,127.1685999,,,,2025-08-05,4721000,전북특별자치도 완주군
경천면행정복지센터,전북특별자치도,완주군,전북특별자치도 완주군 경천면 대둔산로 259,전북특별자치도 완주군 경천면 경천리 215-9,36.0227123,127.2526108,,,,2025-08-05,4721000,전북특별자치도 완주군
동상면행정복지센터,전북특별자치도,완주군,전북특별자치도 완주군 동상면 동상로 1414,전북특별자치도 완주군 동상면 신월리 544,35.93689953,127.2967494,,,,2025-08-05,4721000,전북특별자치도 완주군
화산면행정복지센터,전북특별자치도,완주군,전북특별자치도 완주군 화산면 화산로 830-14,전북특별자치도 완주군 화산면 화평리 585-1,36.0356499,127.2034967,,,,2025-08-05,4721000,전북특별자치도 완주군
운주면행정복지센터,전북특별자치도,완주군,전북특별자치도 완주군 운주면 장선로 124,전북특별자치도 완주군 운주면 장선리 577,36.09247795,127.277449,,,,2025-08-05,4721000,전북특별자치도 완주군
비봉면행정복지센터,전북특별자치도,완주군,전북특별자치도 완주군 비봉면 비봉소농길 16,전북특별자치도 완주군 비봉면 소농리 497-4,35.99575813,127.1402954,,,,2025-08-05,4721000,전북특별자치도 완주군
고산면행정복지센터,전북특별자치도,완주군,전북특별자치도 완주군 고산면 고산로 69-13,전북특별자치도 완주군 고산면 읍내리 715-3,35.97644718,127.2052652,,,,2025-08-05,4721000,전북특별자치도 완주군
구이면행정복지센터,전북특별자치도,완주군,전북특별자치도 완주군 구이면 구이로 1482,전북특별자치도 완주군 구이면 원기리 450,35.73192157,127.1208863,,,,2025-08-05,4721000,전북특별자치도 완주군
소양면행정복지센터,전북특별자치도,완주군,전북특별자치도 완주군 소양면 소양로 161,전북특별자치도 완주군 소양면 황운리 872-1,35.85412422,127.2258557,,,,2025-08-05,4721000,전북특별자치도 완주군
이서면행정복지센터,전북특별자치도,완주군,전북특별자치도 완주군 이서면 이서로 55,전북특별자치도 완주군 이서면 상개리 586,35.82059804,127.0224603,,,,2025-08-05,4721000,전북특별자치도 완주군
상관면행정복지센터,전북특별자치도,완주군,전북특별자치도 완주군 상관면 신리로 109,전북특별자치도 완주군 상관면 신리 602-2,35.77167821,127.2068344,,,,2025-08-05,4721000,전북특별자치도 완주군
용진읍행정복지센터,전북특별자치도,완주군,전북특별자치도 완주군 용진읍 완주로 174,전북특별자치도 완주군 용진읍 용흥리 860-2,35.88053522,127.1562012,,,,2025-08-05,4721000,전북특별자치도 완주군
봉동읍행정복지센터,전북특별자치도,완주군,전북특별자치도 완주군 봉동읍 삼봉로 933,전북특별자치도 완주군 봉동읍 장기리 412,35.94172114,127.1658402,,,,2025-08-05,4721000,전북특별자치도 완주군
삼례읍행정복지센터,전북특별자치도,완주군,전북특별자치도 완주군 삼례읍 삼봉로 48,전북특별자치도 완주군 삼례읍 삼례리 1691-3,35.9128842,127.0778518,,,,2025-08-05,4721000,전북특별자치도 완주군
항도약국,전북특별자치도,군산시,전북특별자치도 군산시 구시장로 50(미원동),전북특별자치도 군산시 신영동 13-23,35.98462704,126.7195282,,,063-445-3620,2025-07-30,4671000,전북특별자치도 군산시
디오션약국,전북특별자치도,군산시,"전북특별자치도 군산시 궁포1로 24-9, 102호(조촌동)",전북특별자치도 군산시 조촌동 2-18,35.97614668,126.7405466,,,063-443-5255,2025-07-30,4671000,전북특별자치도 군산시
보신약국,전북특별자치도,군산시,전북특별자치도 군산시 하나운로 67(나운동),전북특별자치도 군산시 나운동 100-8,35.96460527,126.7017198,,,063-462-5888,2025-07-30,4671000,전북특별자치도 군산시
백약국,전북특별자치도,군산시,전북특별자치도 군산시 문화로 127(수송동),전북특별자치도 군산시 수송동 69-13,35.97011034,126.719765,,,063-465-3883,2025-07-30,4671000,전북특별자치도 군산시
대창약국,전북특별자치도,군산시,전북특별자치도 군산시 대학로 32(중앙로1가),전북특별자치도 군산시 중앙로1가 12-4,35.98710693,126.7113837,,,063-445-2335,2025-07-30,4671000,전북특별자치도 군산시
군산해동약국,전북특별자치도,군산시,전북특별자치도 군산시 신풍1길 2(신풍동),전북특별자치도 군산시 신풍동 1001-12,35.97850611,126.7048663,,,063-462-1735,2025-07-30,4671000,전북특별자치도 군산시
동양마트약국,전북특별자치도,군산시,전북특별자치도 군산시 진포로 200(경암동),전북특별자치도 군산시 경암동 686-6,35.97654158,126.7335476,,,063-442-2060,2025-07-30,4671000,전북특별자치도 군산시
건강일등약국,전북특별자치도,군산시,전북특별자치도 군산시 의료원로 34(지곡동),전북특별자치도 군산시 지곡동 555-6,35.95576788,126.7118438,,,063-471-8321,2025-07-30,4671000,전북특별자치도 군산시
하늘약국,전북특별자치도,군산시,전북특별자치도 군산시 수송안길 50(수송동),전북특별자치도 군산시 수송동 858,35.96373972,126.717167,,,063-466-8763,2025-07-30,4671000,전북특별자치도 군산시
수송우리약국,전북특별자치도,군산시,전북특별자치도 군산시 월명로 205(수송동),전북특별자치도 군산시 수송동 822-1,35.9623377,126.715161,,,063-466-7784,2025-07-30,4671000,전북특별자치도 군산시
해맑은약국,전북특별자치도,군산시,전북특별자치도 군산시 문화로 37(문화동),전북특별자치도 군산시 문화동 34-1,35.97004676,126.7099265,,,063-466-8275,2025-07-30,4671000,전북특별자치도 군산시
365소룡백제약국,전북특별자치도,군산시,전북특별자치도 군산시 공단대로 601(소룡동),전북특별자치도 군산시 소룡동 1540-14,35.97222454,126.6807624,,,063-464-7577,2025-07-30,4671000,전북특별자치도 군산시
미룡종로약국,전북특별자치도,군산시,전북특별자치도 군산시 황룡로 16(미룡동),전북특별자치도 군산시 미룡동 880-1,35.945346,126.6871623,,,063-471-9339,2025-07-30,4671000,전북특별자치도 군산시
군산광혜당약국,전북특별자치도,군산시,전북특별자치도 군산시 대학로 335(나운동),전북특별자치도 군산시 나운동 838-6,35.96375137,126.6938574,,,063-467-0142,2025-07-30,4671000,전북특별자치도 군산시
유진약국,전북특별자치도,군산시,전북특별자치도 군산시 공단대로 384(나운동),전북특별자치도 군산시 나운동 316-2,35.96238779,126.6998085,,,063-462-2667,2025-07-30,4671000,전북특별자치도 군산시
군산시보건소,전북특별자치도,군산시,전북특별자치도 군산시 수송동로 58,전북특별자치도 군산시 수송동 851-1,35.96473102,126.7201794,,,063-454-5000,2025-07-30,4671000,전북특별자치도 군산시
봉덕정약국,대구광역시,남구,"대구광역시 남구 대봉로 61, 103호 (봉덕동)",,35.84417966,128.6037518,,,053-474-4946,2025-08-04,3440000,대구광역시 남구
금비약국,대구광역시,남구,대구광역시 남구 이천로19길 15-2 (봉덕동),,35.84981725,128.5974953,,,053-471-1773,2025-08-04,3440000,대구광역시 남구
남경북약국,대구광역시,남구,대구광역시 남구 이천로 40 (봉덕동),,35.84453962,128.5984741,,,053-475-9991,2025-08-04,3440000,대구광역시 남구
다온약국,대구광역시,남구,"대구광역시 남구 봉덕로 90, 1층 (봉덕동)",,35.84446717,128.6003444,,,053-473-6600,2025-08-04,3440000,대구광역시 남구
민애약국,대구광역시,남구,대구광역시 남구 봉덕로 17 (봉덕동),,35.84550638,128.5925588,,,053-471-9672,2025-08-04,3440000,대구광역시 남구
새명약국,대구광역시,남구,대구광역시 남구 봉덕로 73 (봉덕동),,35.84506839,128.5990759,,,053-473-3434,2025-08-04,3440000,대구광역시 남구
보명당약국,대구광역시,남구,대구광역시 남구 봉덕로 77 (봉덕동),,35.84500436,128.5992636,,,053-472-9186,2025-08-04,3440000,대구광역시 남구
명당약국,대구광역시,남구,대구광역시 남구 봉덕로 123 (봉덕동),,35.84465713,128.6037997,,,053-472-7866,2025-08-04,3440000,대구광역시 남구
경애약국,대구광역시,남구,대구광역시 남구 대봉로17길 6 (봉덕동),,35.84650399,128.6039687,,,053-472-6054,2025-08-04,3440000,대구광역시 남구
민약국,대구광역시,남구,"대구광역시 남구 효성로 80, 1층(봉덕동)",,35.84040301,128.5983765,,,053-475-2277,2025-08-04,3440000,대구광역시 남구
애플약국,대구광역시,남구,"대구광역시 남구 대명로 290-1, 1층",,35.84379715,128.5882288,,,053-653-6004,2025-08-04,3440000,대구광역시 남구
기린약국,대구광역시,남구,"대구광역시 남구 신촌길 57, 402동 105호 (봉덕동)",,35.83939197,128.6022875,,,053-653-1500,2025-08-04,3440000,대구광역시 남구
다담약국,대구광역시,남구,"대구광역시 남구 중앙대로 151, 1층(대명동)",,35.12561413,129.0878602,,,053-625-4920,2025-08-04,3440000,대구광역시 남구
밝은온누리약국,대구광역시,남구,"대구광역시 남구 대명로 304, 1층 (대명동)",,35.84450358,128.5893742,,,053-802-7720,2025-08-04,3440000,대구광역시 남구
효성약국,대구광역시,남구,"대구광역시 남구 신촌길 57, 401동 103호 (봉덕동, 앞산비스타동원)",,35.83939197,128.6022875,,,053-475-0005,2025-08-04,3440000,대구광역시 남구
신세안약국,대구광역시,남구,대구광역시 남구 대명로 298 (대명동),,35.84430796,128.5888303,,,053-622-2994,2025-08-04,3440000,대구광역시 남구
대학약국,대구광역시,남구,대구광역시 남구 중앙대로 125 (대명동),,35.8444458,128.5901265,,,053-621-3656,2025-08-04,3440000,대구광역시 남구
매일인터넷약국,대구광역시,남구,대구광역시 남구 효성중앙길 14 (봉덕동),,35.83547779,128.6009738,,,053-471-3377,2025-08-04,3440000,대구광역시 남구
명보약국,대구광역시,남구,"대구광역시 남구 중앙대로22길 179, 1층 (봉덕동)",,35.84241112,128.6005503,,,053-472-4678,2025-08-04,3440000,대구광역시 남구
용지온누리약국,대구광역시,남구,대구광역시 남구 효성로 84 (봉덕동),,35.84068324,128.5982126,,,053-784-3262,2025-08-04,3440000,대구광역시 남구
미리내약국,대구광역시,남구,대구광역시 남구 앞산순환로 675 (봉덕동),,35.83312006,128.5984213,,,053-472-6566,2025-08-04,3440000,대구광역시 남구
초록약국,대구광역시,남구,"대구광역시 남구 중앙대로 240, 1층 (대명동)",,35.85464445,128.5910105,,,053-474-0117,2025-08-04,3440000,대구광역시 남구
동아약국,대구광역시,남구,"대구광역시 남구 명덕로 322, 1층 (이천동)",,35.85483535,128.6051392,,,053-471-2840,2025-08-04,3440000,대구광역시 남구
다사랑약국,대구광역시,남구,"대구광역시 남구 명덕로 140, 1층 (대명동)",,35.85634004,128.5852769,,,070-5111-5585,2025-08-04,3440000,대구광역시 남구
플러스약국,대구광역시,남구,대구광역시 남구 중앙대로 230 (대명동),,35.85371634,128.5909593,,,053-471-0686,2025-08-04,3440000,대구광역시 남구
영선제일약국,대구광역시,남구,대구광역시 남구 중앙대로48길 3 (대명동),,35.85255296,128.5910946,,,053-475-7770,2025-08-04,3440000,대구광역시 남구
하나로약국,대구광역시,남구,대구광역시 남구 중앙대로 228 (대명동),,35.85358082,128.5910247,,,053-472-8275,2025-08-04,3440000,대구광역시 남구
정인약국,대구광역시,남구,대구광역시 남구 명덕로 164-1 (대명동),,35.85655045,128.5883232,,,053-257-8113,2025-08-04,3440000,대구광역시 남구
뉴남대구약국,대구광역시,남구,"대구광역시 남구 중앙대로 200,7층",,35.85066975,128.5909809,,,053-475-1233,2025-08-04,3440000,대구광역시 남구
온누리김약국,대구광역시,남구,"대구광역시 남구 영선길 28, 1층 (대명동)",,35.85419927,128.5917268,,,053-744-9133,2025-08-04,3440000,대구광역시 남구
이천메디칼약국,대구광역시,남구,대구광역시 남구 명덕로 326 (이천동),,35.85483221,128.6057592,,,053-472-3672,2025-08-04,3440000,대구광역시 남구
새성모약국,대구광역시,남구,대구광역시 남구 중앙대로42길 36 (대명동),,35.85149937,128.5927253,,,053-554-7311,2025-08-04,3440000,대구광역시 남구
새봄약국,대구광역시,남구,대구광역시 남구 명덕시장길 51 (대명동),,35.84558458,128.5858176,,,053-655-8784,2025-08-04,3440000,대구광역시 남구
청마약국,대구광역시,남구,"대구광역시 남구 명덕시장길 50, 1층 (대명동)",,35.8451336,128.5858807,,,053-651-9419,2025-08-04,3440000,대구광역시 남구
신대학약국,대구광역시,남구,대구광역시 남구 명덕시장길 87-17 (대명동),,35.84606005,128.5881127,,,053-623-8005,2025-08-04,3440000,대구광역시 남구
손약국,대구광역시,남구,대구광역시 남구 중앙대로29길 31 (대명동),,35.84603084,128.5885553,,,053-627-4615,2025-08-04,3440000,대구광역시 남구
장원약국,대구광역시,남구,"대구광역시 남구 백의1길 50, 1층 (대명동)",,35.84537663,128.5859489,,,053-651-8785,2025-08-04,3440000,대구광역시 남구
행복한약국,대구광역시,남구,대구광역시 남구 중앙대로31길 203 (대명동),,35.85234007,128.5830332,,,053-624-7113,2025-08-04,3440000,대구광역시 남구
드림약국,대구광역시,남구,대구광역시 남구 명덕시장길 87-16 (대명동),,35.84596031,128.5882337,,,053-625-4004,2025-08-04,3440000,대구광역시 남구
위드팜다올약국,대구광역시,남구,"대구광역시 남구 백의1길 30-10, 1층(대명동)",,35.8458496,128.5869155,,,053-657-2454,2025-08-04,3440000,대구광역시 남구
영남약국,대구광역시,남구,대구광역시 남구 중앙대로29길 33 (대명동),,35.84604072,128.5883782,,,053-652-2848,2025-08-04,3440000,대구광역시 남구
제일약국,대구광역시,남구,"대구광역시 남구 명덕시장길 53, 1층 (대명동)",,35.84531359,128.5859374,,,070-7582-8247,2025-08-04,3440000,대구광역시 남구
신정문약국,대구광역시,남구,대구광역시 남구 중앙대로29길 28 (대명동),,35.84629102,128.5888007,,,053-652-9496,2025-08-04,3440000,대구광역시 남구
남문약국,대구광역시,남구,대구광역시 남구 명덕시장길 45 (대명동),,35.84533324,128.5856054,,,053-621-2512,2025-08-04,3440000,대구광역시 남구
열린미래약국,대구광역시,남구,대구광역시 남구 백의1길 48 (대명동),,35.84551182,128.5859499,,,053-622-3969,2025-08-04,3440000,대구광역시 남구
정성약국,대구광역시,남구,"대구광역시 남구 중앙대로29길 25, 1층 (대명동)",,35.8459659,128.5889312,,,053-651-0408,2025-08-04,3440000,대구광역시 남구
남대구약국,대구광역시,남구,대구광역시 남구 대명로 297-1 (대명동),,35.84457124,128.5884448,,,053-656-1675,2025-08-04,3440000,대구광역시 남구
강약국,대구광역시,남구,대구광역시 남구 중앙대로29길 29 (대명동),,35.84601216,128.588688,,,053-623-2234,2025-08-04,3440000,대구광역시 남구
대학당약국,대구광역시,남구,대구광역시 남구 중앙대로29길 27 (대명동),,35.84599359,128.5887985,,,053-621-0601,2025-08-04,3440000,대구광역시 남구
새조은약국,대구광역시,남구,대구광역시 남구 명덕시장길 48 (대명동),,35.84517074,128.5856596,,,053-656-1414,2025-08-04,3440000,대구광역시 남구
동제약국,대구광역시,남구,대구광역시 남구 중앙대로 160 (봉덕동),,35.84747098,128.5907911,,,053-656-2802,2025-08-04,3440000,대구광역시 남구
새제일약국,대구광역시,남구,대구광역시 남구 중앙대로31길 167 (대명동),,35.85180044,128.5846456,,,053-626-9444,2025-08-04,3440000,대구광역시 남구
다솜약국,대구광역시,남구,"대구광역시 남구 대명로 123, 1층(대명동)",,35.83965219,128.5712176,,,053-621-2662,2025-08-04,3440000,대구광역시 남구
서약국,대구광역시,남구,"대구광역시 남구 현충로 99, 1층 (대명동)",,35.84168511,128.5795787,,,053-622-1190,2025-08-04,3440000,대구광역시 남구
건강약국,대구광역시,남구,"대구광역시 남구 대명로 205, 1층 (대명동)",,35.84035162,128.5794805,,,053-815-1862,2025-08-04,3440000,대구광역시 남구
우리들약국,대구광역시,남구,대구광역시 남구 대명로 216 (대명동),,35.84036258,128.5809417,,,053-623-0597,2025-08-04,3440000,대구광역시 남구
한아름약국,대구광역시,남구,"대구광역시 남구 대명로 135, 1층 (대명동)",,35.83958271,128.5725565,,,053-621-3522,2025-08-04,3440000,대구광역시 남구
지혜약국,대구광역시,남구,대구광역시 남구 두류공원로 26 (대명동),,35.84086235,128.5744918,,,053-628-8227,2025-08-04,3440000,대구광역시 남구
열린약국,대구광역시,남구,대구광역시 남구 대명로 162-1 (대명동),,35.83881306,128.5751743,,,053-655-3804,2025-08-04,3440000,대구광역시 남구
모자약국,대구광역시,남구,대구광역시 남구 대명로 228 (대명동),,35.84076317,128.5819741,,,053-656-1593,2025-08-04,3440000,대구광역시 남구
대구약국,대구광역시,남구,대구광역시 남구 두류공원로 22 (대명동),,35.84065362,128.5747892,,,053-628-0014,2025-08-04,3440000,대구광역시 남구
안지랑약국,대구광역시,남구,대구광역시 남구 대명로 180 (대명동),,35.8387388,128.5774984,,,053-656-9668,2025-08-04,3440000,대구광역시 남구
안지약국,대구광역시,남구,대구광역시 남구 대명로 174 (대명동),,35.83881516,128.5766134,,,053-656-2747,2025-08-04,3440000,대구광역시 남구
장안약국,대구광역시,남구,대구광역시 남구 두류공원로 18-1 (대명동),,35.84043571,128.5751197,,,053-628-7585,2025-08-04,3440000,대구광역시 남구
뉴드림약국,대구광역시,남구,대구광역시 남구 대명로 155 (대명동),,35.83953617,128.5747479,,,053-623-0700,2025-08-04,3440000,대구광역시 남구
영화약국,대구광역시,남구,대구광역시 남구 큰골길 75 (대명동),,35.83695879,128.5802748,,,053-624-1020,2025-08-04,3440000,대구광역시 남구
광장약국,대구광역시,남구,"대구광역시 남구 대명로 140, 101호 (대명동, 현우팰리스)",,35.8389052,128.5728726,,,053-625-5989,2025-08-04,3440000,대구광역시 남구
부산약국,대구광역시,남구,대구광역시 남구 대명로 125 (대명동),,35.83958762,128.571527,,,053-652-5326,2025-08-04,3440000,대구광역시 남구
미소약국,대구광역시,남구,"대구광역시 남구 월배로 468, 한영유니죤빌딩 105호 (대명동)",,35.83464041,128.555962,,,053-657-2089,2025-08-04,3440000,대구광역시 남구
대명약국,대구광역시,남구,"대구광역시 남구 대명로 66, 1층 107호 (대명동)",,35.83893437,128.5648254,,,053-622-2301,2025-08-04,3440000,대구광역시 남구
새소망약국,대구광역시,남구,대구광역시 남구 대명남로 91 (대명동),,35.83501543,128.568251,,,053-621-9019,2025-08-04,3440000,대구광역시 남구
백일온누리약국,대구광역시,남구,"대구광역시 남구 대명로 12, 1층 (대명동)",,35.83755631,128.5588493,,,053-655-0109,2025-08-04,3440000,대구광역시 남구
한빛약국,대구광역시,남구,"대구광역시 남구 월배로 468, 한영유니죤빌딩 1층 104호 (대명동)",,35.83464041,128.555962,,,053-657-2269,2025-08-04,3440000,대구광역시 남구
수플러스온누리약국,대구광역시,남구,대구광역시 남구 대명로 124 (대명동),,35.83863377,128.5711992,,,053-625-1018,2025-08-04,3440000,대구광역시 남구
대명드림약국,대구광역시,남구,"대구광역시 남구 대명로 86, 1층(대명동)",,35.83905042,128.5669737,,,,2025-08-04,3440000,대구광역시 남구
메디팜사랑약국,대구광역시,남구,대구광역시 남구 대명로 72 (대명동),,35.83896693,128.5655673,,,053-626-5103,2025-08-04,3440000,대구광역시 남구
관문약국,대구광역시,남구,"대구광역시 남구 대명서로 165, A동 104호 (대명동, 관문빌딩)",,35.83462023,128.5564268,,,053-651-5689,2025-08-04,3440000,대구광역시 남구
햇살약국,대구광역시,남구,"대구광역시 남구 대명로 65, 세아타워 1층 (대명동)",,35.83960217,128.564653,,,053-622-2255,2025-08-04,3440000,대구광역시 남구
행복약국,대구광역시,남구,"대구광역시 남구 월배로 474, 1층 (대명동)",,35.83526994,128.5562653,,,053-421-3955,2025-08-04,3440000,대구광역시 남구
달성곽약국,대구광역시,남구,대구광역시 남구 월배로 470 (대명동),,35.83488294,128.5561408,,,053-627-8575,2025-08-04,3440000,대구광역시 남구
초이스약국,대구광역시,남구,"대구광역시 남구 대명로 6, 1층 (대명동)",,35.83736992,128.5582281,,,053-627-0077,2025-08-04,3440000,대구광역시 남구
새매일약국,대구광역시,남구,대구광역시 남구 대명서로 109 (대명동),,35.83304239,128.5584745,,,053-629-5755,2025-08-04,3440000,대구광역시 남구
한사랑약국,대구광역시,남구,대구광역시 남구 대명로 26 (대명동),,35.83790074,128.5603682,,,053-653-4845,2025-08-04,3440000,대구광역시 남구
솔약국,대구광역시,남구,대구광역시 남구 월배로 482 (대명동),,35.83610588,128.5567582,,,053-621-9589,2025-08-04,3440000,대구광역시 남구
대동약국,대구광역시,남구,대구광역시 남구 대명로 27-1 (대명동),,35.83854024,128.5604613,,,053-622-2610,2025-08-04,3440000,대구광역시 남구
프라자약국,대구광역시,남구,대구광역시 남구 대명로 116 (대명동),,35.83868527,128.5698491,,,053-622-6603,2025-08-04,3440000,대구광역시 남구
대진약국,대구광역시,남구,대구광역시 남구 두류공원로17길 38 (대명동),,35.84443363,128.5683958,,,053-623-1993,2025-08-04,3440000,대구광역시 남구
세계로약국,대구광역시,남구,"대구광역시 남구 두류공원로17길 40, 1층 (대명동)",,35.84456049,128.5682528,,,053-652-1122,2025-08-04,3440000,대구광역시 남구
참열린약국,대구광역시,남구,"대구광역시 남구 두류공원로17길 28, 1층 (대명동)",,35.84424288,128.5687044,,,053-628-7359,2025-08-04,3440000,대구광역시 남구
성모약국,대구광역시,남구,"대구광역시 남구 두류공원로17길 39, 101호 (대명동, 금오맨션)",,35.84435618,128.5676204,,,053-312-0036,2025-08-04,3440000,대구광역시 남구
평화약국,대구광역시,남구,"대구광역시 남구 두류공원로17길 32, 1,2층 (대명동)",,35.84426175,128.5685274,,,053-625-6660,2025-08-04,3440000,대구광역시 남구
수정약국,대구광역시,남구,대구광역시 남구 두류공원로17길 36 (대명동),,35.844361,128.568506,,,053-624-9456,2025-08-04,3440000,대구광역시 남구
대학천사약국,대구광역시,남구,"대구광역시 남구 두류공원로19길 31, 2층 (대명동)",,35.84407835,128.5672863,,,053-656-8878,2025-08-04,3440000,대구광역시 남구
마리아약국,대구광역시,남구,대구광역시 남구 두류공원로19길 8-1 (대명동),,35.84463207,128.568364,,,053-622-1486,2025-08-04,3440000,대구광역시 남구
온누리대학약국,대구광역시,남구,대구광역시 남구 두류공원로17길 16 (대명동),,35.8439083,128.5689345,,,053-655-1600,2025-08-04,3440000,대구광역시 남구
온누리동일약국,대구광역시,남구,대구광역시 남구 두류공원로17길 16 (대명동),,35.8439083,128.5689345,,,053-625-2828,2025-08-04,3440000,대구광역시 남구
즐거운약국,대구광역시,남구,대구광역시 남구 성당로 182-1 (대명동),,35.84969073,128.5716883,,,053-219-7594,2025-08-04,3440000,대구광역시 남구
메디칼하나약국,대구광역시,남구,대구광역시 남구 성당로 166 (대명동),,35.84874285,128.5701094,,,053-656-2092,2025-08-04,3440000,대구광역시 남구
대명동산약국,대구광역시,남구,대구광역시 남구 명덕로 70 (대명동),,35.85811349,128.5782924,,,053-654-8275,2025-08-04,3440000,대구광역시 남구
우리약국,대구광역시,남구,대구광역시 남구 성당로 200-2 (대명동),,35.85064772,128.5732451,,,053-654-6234,2025-08-04,3440000,대구광역시 남구
은행약국,대구광역시,남구,대구광역시 남구 성당로 206 (대명동),,35.85089791,128.5737008,,,053-622-4500,2025-08-04,3440000,대구광역시 남구
백세약국,대구광역시,남구,대구광역시 남구 성당로 204 (대명동),,35.85079018,128.5736115,,,053-651-1130,2025-08-04,3440000,대구광역시 남구
미래약국,대구광역시,남구,"대구광역시 남구 성당로 152-1, 1층 (대명동)",,35.84812521,128.5692083,,,053-625-6868,2025-08-04,3440000,대구광역시 남구
정문약국,대구광역시,남구,"대구광역시 남구 성당로 170-2, 1층 (대명동)",,35.84899342,128.5704876,,,053-657-5110,2025-08-04,3440000,대구광역시 남구
미소온누리약국,대구광역시,남구,"대구광역시 남구 성당로 222, 1층 (대명동)",,35.85273496,128.5740462,,,053-622-0110,2025-08-04,3440000,대구광역시 남구
새건강약국,대구광역시,남구,대구광역시 남구 성당로 200-1 (대명동),,35.85075513,128.5734009,,,053-621-0311,2025-08-04,3440000,대구광역시 남구
유일약국,대구광역시,남구,대구광역시 남구 양지로 20-4 (대명동),,35.85088375,128.5747746,,,053-621-3577,2025-08-04,3440000,대구광역시 남구
주경약국,대구광역시,남구,대구광역시 남구 대명로 27-1 (대명동),,35.83854024,128.5604613,,,053-621-2632,2025-08-04,3440000,대구광역시 남구
달성약국,대구광역시,남구,"대구광역시 남구 양지로 12, 1층 (대명동)",,35.85090348,128.5744205,,,053-621-0800,2025-08-04,3440000,대구광역시 남구
대명11동행정복지센터,대구광역시,남구,대구광역시 남구 관문시장4길 53(대명동),,35.83624105,128.5606332,,,053-664-3952,2025-08-04,3440000,대구광역시 남구
대명10동행정복지센터,대구광역시,남구,대구광역시 남구 대명복개로4길 166(대멍동),,35.84003246,128.5689621,,,053-664-3939,2025-08-04,3440000,대구광역시 남구
대명9동행정복지센터,대구광역시,남구,대구광역시 남구 큰골길 53(대명동),,35.8372532,128.5790372,,,053-664-3912,2025-08-04,3440000,대구광역시 남구
대명6동행정복지센터,대구광역시,남구,대구광역시 남구 대명남로 73(대명동),,35.83508873,128.5660931,,,053-664-3892,2025-08-04,3440000,대구광역시 남구
대명5동행정복지센터,대구광역시,남구,대구광역시 남구 대명로58길 11(대명동),,35.8432314,128.5878039,,,053-664-3879,2025-08-04,3440000,대구광역시 남구
대명4동행정복지센터,대구광역시,남구,대구광역시 남구 두류공원로20길 19(대명동),,35.84596959,128.5695139,,,053-664-3853,2025-08-04,3440000,대구광역시 남구
대명3동행정복지센터,대구광역시,남구,대구광역시 남구 명덕로20길 115(대명동),,35.85229625,128.5790583,,,053-664-3839,2025-08-04,3440000,대구광역시 남구
대명2동행정복지센터,대구광역시,남구,대구광역시 남구 명덕로32길 30(대명동),,35.85528076,128.5862434,,,053-664-3812,2025-08-04,3440000,대구광역시 남구
대명1동행정복지센터,대구광역시,남구,대구광역시 남구 두류공원로 38(대명동),,35.84171407,128.573557,,,053-664-3792,2025-08-04,3440000,대구광역시 남구
봉덕3동행정복지센터,대구광역시,남구,대구광역시 남구 중앙대로22길 100(봉덕동),,35.84241607,128.5959453,,,053-664-3772,2025-08-04,3440000,대구광역시 남구
봉덕2동행정복지센터,대구광역시,남구,대구광역시 남구 이천로10길 50(봉덕동),,35.84383238,128.6011145,,,053-664-3752,2025-08-04,3440000,대구광역시 남구
봉덕1동행정복지센터,대구광역시,남구,대구광역시 남구 봉덕로 51-2(봉덕동),,35.84527992,128.5964206,,,053-664-3732,2025-08-04,3440000,대구광역시 남구
이천동행정복지센터,대구광역시,남구,대구광역시 남구 이천로28길 18(이천동),,35.85368336,128.5994176,,,053-664-3712,2025-08-04,3440000,대구광역시 남구
남구보건소,대구광역시,남구,대구광역시 남구 영선길 34(대명동),,35.85390283,128.5915253,,,053-664-3642,2025-08-04,3440000,대구광역시 남구
종암종암SK아파트,서울특별시,성북구,서울특별시 성북구 종암로24가길 53,서울특별시 성북구 종암동 104-1,37.6008411735,127.0379641818,,,02-2241-4407,2025-08-05,3070000,서울특별시 성북구
장위꿈의숲대명루첸아파트,서울특별시,성북구,서울특별시 성북구 월계로36길 27,서울특별시 성북구 장위동 317,37.62144228,127.0463268,,,02-2241-4407,2025-08-05,3070000,서울특별시 성북구
길음뉴타운데시앙아파트,서울특별시,성북구,서울특별시 성북구 서경로 28,서울특별시 성북구 정릉동 1018,37.60614991,127.0157105,,,02-2241-4407,2025-08-05,3070000,서울특별시 성북구
월곡두산위브아파트,서울특별시,성북구,서울특별시 성북구 오패산로 46,서울특별시 성북구 하월곡동 222,37.60747384,127.0387095,,,02-2241-4407,2025-08-05,3070000,서울특별시 성북구
월곡꿈의숲푸르지오아파트,서울특별시,성북구,서울특별시 성북구 오패산로16가길 40,서울특별시 성북구 하월곡동 228,37.60987826,127.0388603,,,02-2241-4407,2025-08-05,3070000,서울특별시 성북구
종암래미안아파트,서울특별시,성북구,서울특별시 성북구 종암로25길 30,서울특별시 성북구 종암동 80,37.60149253,127.0310807,,,02-2241-4407,2025-08-05,3070000,서울특별시 성북구
종암2차아이파크아파트,서울특별시,성북구,서울특별시 성북구 종암로9길 71,서울특별시 성북구 종암동 131,37.59630307,127.032513,,,02-2241-4407,2025-08-05,3070000,서울특별시 성북구
길음동부센트레빌아파트,서울특별시,성북구,서울특별시 성북구 숭인로2길 61,서울특별시 성북구 길음동 1278,37.60935341,127.0249739,,,02-2241-4407,2025-08-05,3070000,서울특별시 성북구
돈암현대아파트,서울특별시,성북구,서울특별시 성북구 정릉로 404,서울특별시 성북구 돈암동 1,37.60429852,127.0287962,,,02-2241-4407,2025-08-05,3070000,서울특별시 성북구
삼선푸르지오아파트,서울특별시,성북구,서울특별시 성북구 보문로29다길 31,서울특별시 성북구 삼선동2가 425,37.58417735,127.0126186,,,02-2241-4407,2025-08-05,3070000,서울특별시 성북구
e-편한세상보문아파트,서울특별시,성북구,서울특별시 성북구 낙산길 255,서울특별시 성북구 보문동3가 230,37.58277838,127.0156254,,,02-2241-4407,2025-08-05,3070000,서울특별시 성북구
국민건강보험공단 성북지사,서울특별시,성북구,서울특별시 성북구 화랑로 35,서울특별시 성북구 하월곡동 67-47,37.6031025706,127.0359466166,,,02-2241-4407,2025-08-05,3070000,서울특별시 성북구
우신향병원,서울특별시,성북구,서울특별시 성북구 안암로 99,서울특별시 성북구 안암동5가 85-9,37.58487973,127.0312355,,,02-2241-4407,2025-08-05,3070000,서울특별시 성북구
에스메디센터내과외과의원(추가),서울특별시,성북구,서울특별시 성북구 오패산로 99,서울특별시 성북구 하월곡동 79-19,37.6107514,127.0351644,,,02-2241-4407,2025-08-05,3070000,서울특별시 성북구
성북성심신경과의원(추가),서울특별시,성북구,서울특별시 성북구 동소문로 181,서울특별시 성북구 돈암동 48-4,37.5983886,127.0214439,,,02-2241-4407,2025-08-05,3070000,서울특별시 성북구
성북노인종합복지관,서울특별시,성북구,서울특별시 성북구 종암로15길 10,서울특별시 성북구 종암동 66-14,37.59779025,127.0344101,,,02-2241-4407,2025-08-05,3070000,서울특별시 성북구
성북장애인복지관,서울특별시,성북구,서울특별시 성북구 화랑로 130,서울특별시 성북구 하월곡동 11-11,37.60459871,127.0457199,,,02-2241-4407,2025-08-05,3070000,서울특별시 성북구
성북구 장위석관보건지소,서울특별시,성북구,서울특별시 성북구 한천로 568,서울특별시 성북구 석관동 183-15,37.6105155732,127.0633212805,,,02-2241-4407,2025-08-05,3070000,서울특별시 성북구
성북구 정릉아동보건지소,서울특별시,성북구,서울특별시 성북구 보국문로4길 8,서울특별시 성북구 정릉동 164-62,37.60522963,127.0119867,,,02-2241-4407,2025-08-05,3070000,서울특별시 성북구
성북구 동선보건지소,서울특별시,성북구,서울특별시 성북구 아리랑로3길 8,서울특별시 성북구 동소문동6가 146,37.59360802,127.015754,,,02-2241-4407,2025-08-05,3070000,서울특별시 성북구
성북구 보건소,서울특별시,성북구,서울특별시 성북구 화랑로 63 (하월곡동),서울특별시 성북구 하월곡동 46-1,37.60276167,127.039514,,,02-2241-4407,2025-08-05,3070000,서울특별시 성북구
석관동주민센터,서울특별시,성북구,서울특별시 성북구 화랑로 296,서울특별시 성북구 석관동 384-3,37.61297096,127.0614241,,,02-2241-4407,2025-08-05,3070000,서울특별시 성북구
장위3동주민센터,서울특별시,성북구,서울특별시 성북구 한천로 657,서울특별시 성북구 장위동 117-5,37.61655912,127.0566145,,,02-2241-4407,2025-08-05,3070000,서울특별시 성북구
장위2동주민센터,서울특별시,성북구,서울특별시 성북구 돌곶이로27길 12,서울특별시 성북구 장위동 69-54,37.61239016,127.0544978,,,02-2241-4407,2025-08-05,3070000,서울특별시 성북구
장위1동주민센터,서울특별시,성북구,서울특별시 성북구 장위로 61,서울특별시 성북구 장위동 225-100,37.61406942,127.0436684,,,02-2241-4407,2025-08-05,3070000,서울특별시 성북구
월곡2동주민센터,서울특별시,성북구,서울특별시 성북구 화랑로 152,서울특별시 성북구 상월곡동 97-22,37.60577977,127.0478713,,,02-2241-4407,2025-08-05,3070000,서울특별시 성북구
월곡1동주민센터,서울특별시,성북구,서울특별시 성북구 오패산로 96,서울특별시 성북구 하월곡동 225-7,37.61053624,127.035762,,,02-2241-4407,2025-08-05,3070000,서울특별시 성북구
종암동주민센터,서울특별시,성북구,서울특별시 성북구 종암로 98-8,서울특별시 성북구 종암동 16-8,37.59903437,127.0352236,,,02-2241-4407,2025-08-05,3070000,서울특별시 성북구
길음2동주민센터,서울특별시,성북구,서울특별시 성북구 삼양로2길 70,서울특별시 성북구 길음동 1064-1,37.60680733,127.0272794,,,02-2241-4407,2025-08-05,3070000,서울특별시 성북구
길음1동주민센터,서울특별시,성북구,서울특별시 성북구 길음로 92,서울특별시 성북구 길음동 1281-7,37.61048654,127.0194561,,,02-2241-4407,2025-08-05,3070000,서울특별시 성북구
정릉4동주민센터,서울특별시,성북구,서울특별시 성북구 보국문로 106-1,서울특별시 성북구 정릉동 293-6,37.61335758,127.0070184,,,02-2241-4407,2025-08-05,3070000,서울특별시 성북구
정릉3동주민센터,서울특별시,성북구,서울특별시 성북구 솔샘로1길 6-3,서울특별시 성북구 정릉동 673-3,37.60895467,127.0041769,,,02-2241-4407,2025-08-05,3070000,서울특별시 성북구
정릉2동주민센터,서울특별시,성북구,서울특별시 성북구 정릉로 242,서울특별시 성북구 정릉동 966-1,37.60474016,127.0105826,,,02-2241-4407,2025-08-05,3070000,서울특별시 성북구
정릉1동주민센터,서울특별시,성북구,서울특별시 성북구 정릉로38마길 33,서울특별시 성북구 정릉동 1020,37.6014358,127.0166418,,,02-2241-4407,2025-08-05,3070000,서울특별시 성북구
보문동주민센터,서울특별시,성북구,서울특별시 성북구 안암로3길 35,서울특별시 성북구 보문동7가 108-1,37.58037354,127.0228035,,,02-2241-4407,2025-08-05,3070000,서울특별시 성북구
안암동주민센터,서울특별시,성북구,서울특별시 성북구 고려대로 16,서울특별시 성북구 안암동2가 140-4,37.58568552,127.0214295,,,02-2241-4407,2025-08-05,3070000,서울특별시 성북구
돈암2동주민센터,서울특별시,성북구,서울특별시 성북구 흥천사길 7,서울특별시 성북구 돈암동 603-1,37.59801698,127.010539,,,02-2241-4407,2025-08-05,3070000,서울특별시 성북구
돈암1동주민센터,서울특별시,성북구,서울특별시 성북구 정릉로 392,서울특별시 성북구 돈암동 1-1,37.6034148583,127.026374537,,,02-2241-4407,2025-08-05,3070000,서울특별시 성북구
동선동주민센터,서울특별시,성북구,서울특별시 성북구 동소문로26길 27,서울특별시 성북구 동선동3가 130-7,37.59398014,127.0204087,,,02-2241-4407,2025-08-05,3070000,서울특별시 성북구
삼선동주민센터,서울특별시,성북구,서울특별시 성북구 보문로 190,서울특별시 성북구 삼선동4가 349-1,37.59084573,127.0146418,,,02-2241-4407,2025-08-05,3070000,서울특별시 성북구
성북동주민센터,서울특별시,성북구,서울특별시 성북구 성북로 37,서울특별시 성북구 성북동1가 117-1,37.59105175,127.0032478,,,02-2241-4407,2025-08-05,3070000,서울특별시 성북구
성북구청,서울특별시,성북구,서울특별시 성북구 보문로 168,서울특별시 성북구 삼선동5가 411,37.58945628,127.0168496,,,02-2241-4407,2025-08-05,3070000,서울특별시 성북구
송도 비스타동원더비치테라스,부산광역시,서구,부산광역시 서구 암남공원로 16,부산광역시 서구 암남동 771,35.07462054,129.0145507,104동 집하장,,051-240-4890,2025-08-01,3260000,부산광역시 서구
힐스테이트 이진베이시티,부산광역시,서구,부산광역시 서구 송도해변로 192,부산광역시 서구 암남동 775,35.07809008,129.0237139,B동 집하장,,051-240-4890,2025-08-01,3260000,부산광역시 서구
서린엘마르,부산광역시,서구,부산광역시 서구 송도해변로 21,부산광역시 서구 암남동 764,35.07139427,129.0174175,재활용장 내,,051-240-4890,2025-08-01,3260000,부산광역시 서구
풍림아이원,부산광역시,서구,부산광역시 서구 암남공원로 39,부산광역시 서구 암남동 595,35.07252221,129.0162035,경비실 옆,,051-240-4890,2025-08-01,3260000,부산광역시 서구
송도현대아파트,부산광역시,서구,부산광역시 서구 암남공원로 72,부산광역시 서구 암남동 611-5,35.0700469,129.0168526,일반쓰레기 수거함 근처(측면),,051-240-4890,2025-08-01,3260000,부산광역시 서구
혜성비치타운,부산광역시,서구,부산광역시 서구 암남공원로 52,부산광역시 서구 암남동 604-2,35.0715565,129.0159524,경비실 앞 분리수거장,,051-240-4890,2025-08-01,3260000,부산광역시 서구
송도 동일 스위트,부산광역시,서구,부산광역시 서구 성산길 47-17,부산광역시 서구 암남동 16-6,35.08037297,129.0119587,재활용 집하장,,051-240-4890,2025-08-01,3260000,부산광역시 서구
정림비치,부산광역시,서구,부산광역시 서구 감천로 271,부산광역시 서구 암남동 64-2,35.08161886,129.017106,관리사무소 앞,,051-240-4890,2025-08-01,3260000,부산광역시 서구
삼경 빌라,부산광역시,서구,부산광역시 서구 감천로 277,부산광역시 서구 암남동 81-23,35.07987691,129.0184441,재활용품 수거장,,051-240-4890,2025-08-01,3260000,부산광역시 서구
송도자유비치,부산광역시,서구,부산광역시 서구 천해로 7번길 33,부산광역시 서구 암남동 81-12,35.0818186,129.0188497,"2번, 5번 주차장 내 재활용장",,051-240-4890,2025-08-01,3260000,부산광역시 서구
대림비치,부산광역시,서구,부산광역시 서구 충무대로 133,부산광역시 서구 남부민동 523-1,35.08225838,129.0246474,재활용장 내,,051-240-4890,2025-08-01,3260000,부산광역시 서구
봄여름가을겨울(충무대로),부산광역시,서구,부산광역시 서구 충무대로 229,부산광역시 서구 남부민동 647-17,35.09091058,129.0237359,재활용 수거장,,051-240-4890,2025-08-01,3260000,부산광역시 서구
남부민 현대타운,부산광역시,서구,부산광역시 서구 충무대로 246,부산광역시 서구 남부민동 685,35.09266652,129.024416,경비실 앞(1층),,051-240-4890,2025-08-01,3260000,부산광역시 서구
봄여름가을겨울(보수대로),부산광역시,서구,부산광역시 서구 보수대로 15,부산광역시 서구 토성동1가 51-1,35.09831397,129.0244647,관리사무소 맞은편 재활용장,,051-240-4890,2025-08-01,3260000,부산광역시 서구
경동리인,부산광역시,서구,부산광역시 서구 보수대로 27,부산광역시 서구 토성동1가  25-1,35.09927131,129.0242463,분리수거장(지하1층),,051-240-4890,2025-08-01,3260000,부산광역시 서구
부민 이 편한,부산광역시,서구,부산광역시 서구 해돋이로 313,부산광역시 서구 부민동3가 76,35.10421577,129.0167442,1 경비초소,,051-240-4890,2025-08-01,3260000,부산광역시 서구
한웅드리머스,부산광역시,서구,부산광역시 서구 구덕로238번길 13,부산광역시 서구 부용동1가 46-8,35.10615778,129.0209326,재활용분리수거장(폐건전지함 )인접,,051-240-4890,2025-08-01,3260000,부산광역시 서구
동대신 삼익아파트,부산광역시,서구,부산광역시 서구 대영로 73번길 39,부산광역시 서구 동대신동2가 313-143,35.11267776,129.0185968,5~6동 경비실 옆,,051-240-4890,2025-08-01,3260000,부산광역시 서구
동대신역 비스타동원,부산광역시,서구,부산광역시 서구 보수대로 154번길 29,부산광역시 서구 동대신동1가 420,35.11092991,129.0227728,아파트 정문,,051-240-4890,2025-08-01,3260000,부산광역시 서구
브라운스톤 하이포레,부산광역시,서구,부산광역시 서구 동대로 19번길 32,부산광역시 서구 동대신동3가 553,35.11890946,129.0192718,104동 집하장,,051-240-4890,2025-08-01,3260000,부산광역시 서구
유진 대림,부산광역시,서구,부산광역시 서구 보수대로 320번길 11,부산광역시 서구 서대신동3가 19-9,35.12069038,129.0120377,재활용 창고 옆,,051-240-4890,2025-08-01,3260000,부산광역시 서구
대신공원 한신휴플러스,부산광역시,서구,부산광역시 서구 보수대로 284,부산광역시 서구 서대신동3가 752,35.11990842,129.0130624,관리사무소 옆 104동 재활용장,,051-240-4890,2025-08-01,3260000,부산광역시 서구
대신 문화,부산광역시,서구,부산광역시 서구 구덕로 350,부산광역시 서구 동대신동3가 173,35.11502544,129.0159748,재활용장 내,,051-240-4890,2025-08-01,3260000,부산광역시 서구
대신 더샵,부산광역시,서구,부산광역시 서구 꽃마을로 48,부산광역시 서구 서대신동3가 769,35.11831115,129.0121979,105동 앞 집하장,,051-240-4890,2025-08-01,3260000,부산광역시 서구
남성한빛가든,부산광역시,서구,부산광역시 서구 꽃마을로 43,부산광역시 서구 서대신동3가 161-13,35.11754336,129.0113107,분리수거장,,051-240-4890,2025-08-01,3260000,부산광역시 서구
금호 어울림,부산광역시,서구,부산광역시 서구 꽃마을로 57,부산광역시 서구 서대신동3가 31-57,35.11857407,129.0114235,103동 경비실 부근,,051-240-4890,2025-08-01,3260000,부산광역시 서구
대신 롯데캐슬아파트,부산광역시,서구,부산광역시 서구 대티로 161,부산광역시 서구 서대신동3가 762,35.11663227,129.010293,102동 집하장,,051-240-4890,2025-08-01,3260000,부산광역시 서구
대신 해모로센트럴아파트,부산광역시,서구,부산광역시 서구 대티로 178,부산광역시 서구 서대신동2가 576,35.11049677,129.0103853,정문 경비실,,051-240-4890,2025-08-01,3260000,부산광역시 서구
협성 르네상스,부산광역시,서구,부산광역시 서구 대티로 159,부산광역시 서구 서대신동3가 694-1,35.11208721,129.0103868,102동 재활용 집하장,,051-240-4890,2025-08-01,3260000,부산광역시 서구
보람더하임,부산광역시,서구,부산광역시 서구 대영로 24,부산광역시 서구 서대신동2가 270,35.10975995,129.0139787,어린이놀이터 입구,,051-240-4890,2025-08-01,3260000,부산광역시 서구
대신푸르지오 2차,부산광역시,서구,부산광역시 서구 고운들로 181,부산광역시 서구 서대신동2가 570,35.10910743,129.0115112,관리사무소,,051-240-4890,2025-08-01,3260000,부산광역시 서구
대신푸르지오 1차,부산광역시,서구,부산광역시 서구 대영로 38번길 11,부산광역시 서구 서대신동1가 283,35.10739824,129.0161323,"101동, 105동 집히장",,051-240-4890,2025-08-01,3260000,부산광역시 서구
암남동(주민센터),부산광역시,서구,부산광역시 서구 충무대로 83,부산광역시 서구 암남동 84-4,35.07989182,129.0209553,주민센터(실외),,051-240-6668,2025-08-01,3260000,부산광역시 서구
남부민2동(주민센터),부산광역시,서구,부산광역시 서구 천마로 87,부산광역시 서구 남부민동 456-6,35.08451052,129.0205414,주민센터(실내),,051-240-6626,2025-08-01,3260000,부산광역시 서구
남부민1동(주민센터),부산광역시,서구,부산광역시 서구 충무대로255번길 5-26,부산광역시 서구 남부민동 643-16,35.09274404,129.0233092,주민센터(실내),,051-240-6602,2025-08-01,3260000,부산광역시 서구
충무동(주민센터),부산광역시,서구,부산광역시 서구 구덕로148번길 16,부산광역시 서구 토성동5가 22-11,35.09802252,129.0216204,주민센터(실내),,051-240-6584,2025-08-01,3260000,부산광역시 서구
초장동(주민센터),부산광역시,서구,부산광역시 서구 초장로27번길 32,부산광역시 서구 초장동 75-483,35.09597853,129.0202897,주민센터(실내),,051-240-6566,2025-08-01,3260000,부산광역시 서구
아미동(주민센터),부산광역시,서구,부산광역시 서구 해돋이로269번길 17,부산광역시 서구 아미동2가 133-8,35.10022703,129.0155941,주민센터(실내),,051-240-6544,2025-08-01,3260000,부산광역시 서구
부민동(주민센터),부산광역시,서구,부산광역시 서구 임시수도기념로 22-11,부산광역시 서구 부민동3가 29-1,35.10381788,129.0184899,주민센터(실내),,051-240-6532,2025-08-01,3260000,부산광역시 서구
서대신4동(주민센터),부산광역시,서구,부산광역시 서구 꽃마을로 58,부산광역시 서구 서대신동3가 769-2,35.11924335,129.0117487,주민센터(실외),,051-240-6512,2025-08-01,3260000,부산광역시 서구
서대신3동(주민센터),부산광역시,서구,부산광역시 서구 대신로 27,부산광역시 서구 서대신동3가 609,35.11346375,129.0119404,주민센터(실내),,051-240-6495,2025-08-01,3260000,부산광역시 서구
서대신1동(주민센터),부산광역시,서구,부산광역시 서구 구덕로315번길 49,부산광역시 서구 서대신동2가 179-1,35.11108129,129.0144229,주민센터(실외),,051-240-6476,2025-08-01,3260000,부산광역시 서구
동대신3동(주민센터),부산광역시,서구,부산광역시 서구 대영로73번길 92,부산광역시 서구 동대신동3가 329-1,35.11441971,129.0172617,주민센터(실내),,051-240-6444,2025-08-01,3260000,부산광역시 서구
동대신2동(주민센터),부산광역시,서구,부산광역시 서구 보동길275번길 9,부산광역시 서구 동대신동2가 144-3,35.11296328,129.0232222,주민센터(실내),,051-240-6422,2025-08-01,3260000,부산광역시 서구
동대신1동(주민센터),부산광역시,서구,부산광역시 서구 구덕로280번길 32,부산광역시 서구 동대신동1가 202,35.1096264,129.0202187,주민센터(실내),,051-240-6407,2025-08-01,3260000,부산광역시 서구
보건소,부산광역시,서구,부산광역시 서구 부용로 30,부산광역시 서구 부용동2가 86,35.10743629,129.0180414,1층 민원안내실 맞은편,,051-240-4890,2025-08-01,3260000,부산광역시 서구
서구청,부산광역시,서구,부산광역시 서구 구덕로 120,부산광역시 서구 토성동4가 2-3,35.09758352,129.0234355,민원안내실과 서구의회로 사이,,051-240-3542,2025-08-01,3260000,부산광역시 서구
큰마을약국,경기도,부천시,경기도 부천시 오정구 역곡로 474 (고강동),경기도 부천시 오정구 고강동 347-4,37.5268328,126.8164075,1층,,032-625-9822,2025-08-08,3860000,경기도 부천시
오대문약국,경기도,부천시,경기도 부천시 오정구 소사로 706 (원종동),경기도 부천시 오정구 원종동 372-5,37.5187809519,126.8051923,1층,,032-625-9822,2025-08-08,3860000,경기도 부천시
아름다운약국,경기도,부천시,"경기도 부천시 오정구 성곡로 77, 1층 (여월동)",경기도 부천시 오정구 여월동 5-29,37.5197646474,126.7965737957,1층,,032-625-9822,2025-08-08,3860000,경기도 부천시
대은약국,경기도,부천시,경기도 부천시 오정구 소사로808번길 6 (원종동),경기도 부천시 오정구 원종동 231,37.5280106,126.8051818,1층,,032-625-9822,2025-08-08,3860000,경기도 부천시
셀메드단골약국,경기도,부천시,"경기도 부천시 오정구 소사로 758, 103호 (원종동)",경기도 부천시 오정구 원종동 280-15,37.5236743,126.805207,1층,,032-625-9822,2025-08-08,3860000,경기도 부천시
메디팜큰약국,경기도,부천시,"경기도 부천시 오정구 소사로 758, 1층 (원종동)",경기도 부천시 오정구 원종동 280-15,37.5236743,126.805207,1층,,032-625-9822,2025-08-08,3860000,경기도 부천시
나래약국,경기도,부천시,경기도 부천시 오정구 소사로 759 (원종동),경기도 부천시 오정구 원종동 227-1,37.5238397,126.8045584363,1층,,032-625-9822,2025-08-08,3860000,경기도 부천시
메디팜새봄약국,경기도,부천시,경기도 부천시 소사구 은성로67번길 12 (소사본동),경기도 부천시 소사구 소사본동 424,37.4754596237,126.7987869964,1층,,032-625-9813,2025-08-08,3860000,경기도 부천시
큰길세명약국,경기도,부천시,경기도 부천시 소사구 경인로 63 (송내동),경기도 부천시 소사구 송내동 366-6,37.4839526,126.7623653,1층,,032-625-9813,2025-08-08,3860000,경기도 부천시
송내온누리약국,경기도,부천시,경기도 부천시 소사구 경인로 126 (송내동),경기도 부천시 소사구 송내동 381-1,37.4838326,126.7693023,1층,,032-625-9813,2025-08-08,3860000,경기도 부천시
성주약국,경기도,부천시,경기도 부천시 소사구 성주로 200 (심곡본동),경기도 부천시 소사구 심곡본동 639-24,37.4782799,126.7784301,1층,,032-625-9813,2025-08-08,3860000,경기도 부천시
지매약국,경기도,부천시,경기도 부천시 소사구 심곡로27번길 50 (심곡본동),경기도 부천시 소사구 심곡본동 655-23,37.4809639,126.7790253,1층,,032-625-9813,2025-08-08,3860000,경기도 부천시
김약국,경기도,부천시,경기도 부천시 소사구 호현로 444 (소사본동),경기도 부천시 소사구 소사본동 149-34,37.477308,126.7927711,1층,,032-625-9813,2025-08-08,3860000,경기도 부천시
희망약국,경기도,부천시,경기도 부천시 소사구 소사로 184 (소사본동),경기도 부천시 소사구 소사본동 184-6,37.4746195,126.7957881,1층,,032-625-9813,2025-08-08,3860000,경기도 부천시
다사랑온누리약국,경기도,부천시,"경기도 부천시 소사구 범안로 31, 107호 (괴안동)",경기도 부천시 소사구 괴안동 89,37.4789802,126.8072626,1층,,032-625-9813,2025-08-08,3860000,경기도 부천시
늘봄약국,경기도,부천시,"경기도 부천시 소사구 옥길로 113, 105호 (옥길동)",경기도 부천시 소사구 옥길동 726-4,37.4673272,126.8220244,1층,,032-625-9813,2025-08-08,3860000,경기도 부천시
약사랑약국,경기도,부천시,"경기도 부천시 원미구 부천로 57-1, 101호(심곡동)",경기도 부천시 원미구 심곡동 355-8,37.4895001167,126.7835798,1층,,032-625-4213,2025-08-08,3860000,경기도 부천시
유원센터약국,경기도,부천시,"경기도 부천시 원미구 조마루로385번길 92, 127호 U1센터 (춘의동)",경기도 부천시 원미구 원미동 39-1,37.5008353,126.7901738,1층,,032-625-4213,2025-08-08,3860000,경기도 부천시
정약국,경기도,부천시,"경기도 부천시 원미구 소향로 246, 401호 (중동)",경기도 부천시 원미구 중동 1134,37.5002973,126.7751555,4층,,032-625-4213,2025-08-08,3860000,경기도 부천시
원미쎈타약국,경기도,부천시,경기도 부천시 원미구 부천로 107 (심곡동),경기도 부천시 원미구 심곡동 93-13,37.493812,126.7846422,1층,,032-625-4213,2025-08-08,3860000,경기도 부천시
뿌리약국,경기도,부천시,경기도 부천시 원미구 부천로 34 (심곡동),경기도 부천시 원미구 심곡동 164-3,37.4871612,126.7837311,1층,,032-625-4213,2025-08-08,3860000,경기도 부천시
원미사랑약국,경기도,부천시,경기도 부천시 원미구 원미로 113 (원미동),경기도 부천시 원미구 원미동 95-6,37.4928033147,126.7907019,1층,,032-625-4213,2025-08-08,3860000,경기도 부천시
사랑이꽃피는약국,경기도,부천시,"경기도 부천시 원미구 원미로97번길 32, 106호 (원미동)",경기도 부천시 원미구 원미동 121-7,37.4916706,126.788970,1층,,032-625-4213,2025-08-08,3860000,경기도 부천시
우리성모약국,경기도,부천시,경기도 부천시 원미구 부일로571번길 54 (소사동),경기도 부천시 원미구 소사동 10-6,37.4860416,126.7919667,1층,,032-625-4213,2025-08-08,3860000,경기도 부천시
메디팜성모약국,경기도,부천시,경기도 부천시 원미구 부일로571번길 55 (소사동),경기도 부천시 원미구 소사동 5-42,37.486078,126.7916009,1층,,032-625-4213,2025-08-08,3860000,경기도 부천시
상동제일약국,경기도,부천시,"경기도 부천시 원미구 조마루로 103, 105호 (상동)",경기도 부천시 원미구 상동 559-4,37.5004391,126.7552332,1층,,032-625-4213,2025-08-08,3860000,경기도 부천시
늘픔온누리약국,경기도,부천시,"경기도 부천시 원미구 소향로 51, 101호 (상동)",경기도 부천시 원미구 상동 542-6,37.5034852,126.7534919,1층,,032-625-4213,2025-08-08,3860000,경기도 부천시
사랑약국,경기도,부천시,"경기도 부천시 원미구 중동로 326, 103호 (중동)",경기도 부천시 원미구 중동 1051-1,37.5087717,126.7700075545,1층,,032-625-4213,2025-08-08,3860000,경기도 부천시
드림약국,경기도,부천시,"경기도 부천시 원미구 길주로 219, 508호 (중동)",경기도 부천시 원미구 중동 1034-4,37.5047759,126.7667977,5층,,032-625-4213,2025-08-08,3860000,경기도 부천시
새현대약국,경기도,부천시,경기도 부천시 원미구 역곡로 8 (역곡동),경기도 부천시 원미구 역곡동 82-10,37.4861119,126.8117531,1층,,032-625-4213,2025-08-08,3860000,경기도 부천시
오정보건소,경기도,부천시,경기도 부천시 오정구 성오로 172,경기도 부천시 오정구 오정동 129,37.5283486198,126.7960424,1층,,032-625-9822,2025-08-08,3860000,경기도 부천시
소사보건소,경기도,부천시,경기도 부천시 소사구 경인옛로 73,경기도 부천시 소사구 소사본동 64,37.4800468247,126.7999074,2층 입구,,032-625-9813,2025-08-08,3860000,경기도 부천시
부천시보건소,경기도,부천시,경기도 부천시 원미구 옥산로10번길 16,경기도 부천시 원미구 중동 1119,37.4942085,126.780964552,1층 정문,,032-625-4213,2025-08-08,3860000,경기도 부천시
연천군보건의료원,경기도,연천군,경기도 연천군 전곡읍 은대성로 95,경기도 연천군 전곡읍 은대리 577-36,38.02341039,127.0605854,보건의료원 2층 약품창고,,031-839-4066,2025-08-08,4140000,경기도 연천군
해운대구  보건소 반송지소,부산광역시,해운대구,부산광역시 해운대구 반송로853,부산광역시 해운대구 반송동683-48,35.229773,129.147547,보건소 2층,,051-749-6978,2025-08-08,3330000,부산광역시 해운대구
국민건강보험공단 해운대지사,부산광역시,해운대구,부산광역시 해운대구 해운대로349번길 13,부산광역시 해운대구 우동 1112-3,35.17238105,129.1356593,국민건강보험공단 해운대지사 2층(실내),,1577-1000,2025-08-08,3330000,부산광역시 해운대구
해운대구 보건소,부산광역시,해운대구,부산광역시 해운대구 양운로37번길 59,부산광역시 해운대구 좌동 1339,35.16402466,129.1790265,보건소 1층,,051-749-7567,2025-08-08,3330000,부산광역시 해운대구
남목2동행정복지센터,울산광역시,동구,울산광역시 동구 명덕6길 33,울산광역시 동구 서부동 113-190,35.52461732,129.4314639,1층,,052-209-4390,2025-08-07,3710000,울산광역시 동구
동구보건소,울산광역시,동구,울산광역시 동구 봉수로 155,울산광역시 동구 화정동 222,35.50506971,129.416430,1층,,052-209-4094,2025-08-07,3710000,울산광역시 동구
밝은미소재가실버케어,울산광역시,동구,울산광역시 동구 방어진순환도로 594,울산광역시 동구 화정동 645-7,35.49467916,129.4274513,"3층, 봉평메밀 옆",,052-700-4135,2025-08-07,3710000,울산광역시 동구
동구청소년문화의집,울산광역시,동구,울산광역시 동구 봉수로 155,울산광역시 동구 화정동 222,35.50506971,129.416430,3층,,052-700-4135,2025-08-07,3710000,울산광역시 동구
동구종합사회복지관,울산광역시,동구,울산광역시 동구 봉수로 155,울산광역시 동구 화정동 222,35.50506971,129.416430,1층 로비,,052-700-4135,2025-08-07,3710000,울산광역시 동구
우리동구장애인자립생활센터,울산광역시,동구,울산광역시 동구 진성1길 3,울산광역시 동구 전하동 626-3,35.51167458,129.4296415,1층 입구,,052-700-4135,2025-08-07,3710000,울산광역시 동구
동구전하노인복지관,울산광역시,동구,울산광역시 동구 진성12길 120,울산광역시 동구 전하동 635-5,35.51061602,129.4274907,1층,,052-700-4135,2025-08-07,3710000,울산광역시 동구
다흰주간보호센터,울산광역시,동구,"울산광역시 동구 녹수길 25, 1층",울산광역시 동구 전하동 544-60,35.51329363,129.4295402,1층 입구,,052-700-4135,2025-08-07,3710000,울산광역시 동구
방어진노인복지관,울산광역시,동구,울산광역시 동구 꽃바위로 356,울산광역시 동구 방어동 125-1,35.48775566,129.4260213,1층,,052-700-4135,2025-08-07,3710000,울산광역시 동구
사랑울타리,울산광역시,동구,울산광역시 동구 화잠8길 10,울산광역시 동구 방어동 982-1,35.48344473,129.409695,"문현고등학교 옆, 꽃바위현대아파트 103동 앞",,052-700-4135,2025-08-07,3710000,울산광역시 동구
동구지역자활센터,울산광역시,동구,울산광역시 동구 상진1길 21,울산광역시 동구 방어동 258-7,35.48313407,129.4219793,"1층, 상진경로당 뒷건물",,052-700-4135,2025-08-07,3710000,울산광역시 동구
꽃바위다함께돌봄센터,울산광역시,동구,울산광역시 동구 문현3길 6,울산광역시 동구 방어동 1120-1,35.48705813,129.4112633,꽃바위문화관 1층,,052-700-4135,2025-08-07,3710000,울산광역시 동구
동구노인복지관,울산광역시,동구,울산광역시 동구 명덕6길 33,울산광역시 동구 서부동 113-190,35.52461732,129.4314639,남목2동행정복지센터 건물,,052-700-4135,2025-08-07,3710000,울산광역시 동구
큰골다함께돌봄센터,울산광역시,동구,울산광역시 동구 남목10길 22,울산광역시 동구 서부동 407-1,35.54272376,129.4244963,큰골경로당 2층(남목초등학교 근처),,052-700-4135,2025-08-07,3710000,울산광역시 동구
동구장애인복지관,울산광역시,동구,울산광역시 동구 방어진순환도로 1273-1,울산광역시 동구 서부동 산106-13,35.53193336,129.4140903,1층 입구,,052-700-4135,2025-08-07,3710000,울산광역시 동구
동구노인요양원,울산광역시,동구,울산광역시 동구 방어진순환도로 1271,울산광역시 동구 서부동 615,35.53241344,129.4144232,1층 입구,,052-700-4135,2025-08-07,3710000,울산광역시 동구
남목노인복지관,울산광역시,동구,울산광역시 동구 안산들로 55,울산광역시 동구 서부동 598,35.53776344,129.4233231,1층,,052-700-4135,2025-08-07,3710000,울산광역시 동구
힐스테이트이스턴베이아파트,울산광역시,동구,울산광역시 동구 화진길 100,울산광역시 동구 화정동 949,35.49377252,129.4229354,관리실 앞,,052-700-4135,2025-08-07,3710000,울산광역시 동구
화정현대파라다이스1차아파트,울산광역시,동구,울산광역시 동구 봉수로 110,울산광역시 동구 화정동 851,35.49810183,129.418615,입구 상가 앞,,052-700-4135,2025-08-07,3710000,울산광역시 동구
화정주공아파트,울산광역시,동구,울산광역시 동구 월봉10길 16,울산광역시 동구 화정동 862-2,35.49420218,129.4186647,관리실 옆 주거복지실 구름다리 아래,,052-700-4135,2025-08-07,3710000,울산광역시 동구
금강아파트,울산광역시,동구,울산광역시 동구 봉수로 170,울산광역시 동구 화정동 149-1,35.50234027,129.4175717,옷수거함 옆,,052-700-4135,2025-08-07,3710000,울산광역시 동구
전하e편한세상1단지아파트,울산광역시,동구,울산광역시 동구 봉수로 290,울산광역시 동구 전하동 630-1,35.51250727,129.4235557,관리동 1층 및 2단지 경비실 앞,,052-700-4135,2025-08-07,3710000,울산광역시 동구
울산전하푸르지오1단지아파트,울산광역시,동구,울산광역시 동구 봉수로 250,울산광역시 동구 전하동 660-1,35.50917381,129.4216432,105동 앞 분리수거함 및 2단지경비실 옆,,052-700-4135,2025-08-07,3710000,울산광역시 동구
울산전하아이파크1단지아파트,울산광역시,동구,울산광역시 동구 봉수로 270,울산광역시 동구 전하동 640-1,35.50985953,129.4220145,105동 앞 분리수거장 및 203동 분리수거장,,052-700-4135,2025-08-07,3710000,울산광역시 동구
일산5단지아파트,울산광역시,동구,울산광역시 동구 진성6길 110,울산광역시 동구 전하동 670,35.5076837,129.4219959,폐건전지수거함 옆,,052-700-4135,2025-08-07,3710000,울산광역시 동구
전하KCC스위첸아파트,울산광역시,동구,울산광역시 동구 바드래1길 46,울산광역시 동구 전하동 778,35.5177436,129.4277423,정문 앞 양쪽 분리수거장,,052-700-4135,2025-08-07,3710000,울산광역시 동구
현대패밀리전하아파트,울산광역시,동구,울산광역시 동구 녹수11길 50,울산광역시 동구 전하동 549-14,35.51585739,129.4260353,정문 앞,,052-700-4135,2025-08-07,3710000,울산광역시 동구
울산전하동현대홈타운아파트,울산광역시,동구,울산광역시 동구 봉수로 370,울산광역시 동구 전하동 301-24,35.51778313,129.4271212,상가 앞 초소 앞,,052-700-4135,2025-08-07,3710000,울산광역시 동구
늘푸른아파트,울산광역시,동구,울산광역시 동구 산록길 68,울산광역시 동구 전하동 768,35.51401704,129.4200754,경비실 옆 분리수거함장,,052-700-4135,2025-08-07,3710000,울산광역시 동구
KCC스위첸웰츠2단지,울산광역시,동구,울산광역시 동구 방어진순환도로 865,울산광역시 동구 전하동 782,35.51841716,129.430880,분리수거함장,,052-700-4135,2025-08-07,3710000,울산광역시 동구
현대비치아파트,울산광역시,동구,울산광역시 동구 화문로 70,울산광역시 동구 방어동 505,35.4824211,129.4146575,정문경비실 및 서문경비실,,052-700-4135,2025-08-07,3710000,울산광역시 동구
대왕암엘크루아파트,울산광역시,동구,울산광역시 동구 등대4길 26,울산광역시 동구 방어동 59-1,35.48883684,129.4320508,정문경비실 및 후문경비실,,052-700-4135,2025-08-07,3710000,울산광역시 동구
정림아파트,울산광역시,동구,울산광역시 동구 문현1길 37,울산광역시 동구 방어동 1113,35.48898979,129.4123723,경비실 앞,,052-700-4135,2025-08-07,3710000,울산광역시 동구
울산방어휴먼시아아파트,울산광역시,동구,울산광역시 동구 등대4길 25,울산광역시 동구 방어동 60-1,35.49008433,129.4284921,102동 공용수도옆 라인,,052-700-4135,2025-08-07,3710000,울산광역시 동구
우진아파트,울산광역시,동구,울산광역시 동구 문재3길 34,울산광역시 동구 방어동 1138-1,35.48392265,129.4168594,경비실 앞,,052-700-4135,2025-08-07,3710000,울산광역시 동구
삼전아이필2차아파트,울산광역시,동구,울산광역시 동구 화잠1길 29,울산광역시 동구 방어동 971-1,35.48534989,129.4098493,재활용보관실,,052-700-4135,2025-08-07,3710000,울산광역시 동구
문현아이파크,울산광역시,동구,울산광역시 동구 문현6길 19,울산광역시 동구 방어동 1122,35.48691543,129.412055,관리실 입구,,052-700-4135,2025-08-07,3710000,울산광역시 동구
꽃바위현대아파트,울산광역시,동구,울산광역시 동구 화잠9길 45,울산광역시 동구 방어동 971,35.48342692,129.4087827,"관리실 옆, 휀스 사이",,052-700-4135,2025-08-07,3710000,울산광역시 동구
현대패밀리서부2차아파트,울산광역시,동구,울산광역시 동구 방어진순환도로 999,울산광역시 동구 서부동 257-30,35.53055688,129.4313302,정문경비실 및 202동과 203동 사이 어린이집 건물 입구,,052-700-4135,2025-08-07,3710000,울산광역시 동구
울산지웰시티자이2단지,울산광역시,동구,울산광역시 동구 서부로 51,울산광역시 동구 서부동 1055,35.52609446,129.429901,지하2층에서 오른쪽 및 휘트센터 앞,,052-700-4135,2025-08-07,3710000,울산광역시 동구
울산지웰시티자이1단지,울산광역시,동구,울산광역시 동구 서부로 50,울산광역시 동구 서부동 1049,35.52754826,129.427686,정문경비실 옆,,052-700-4135,2025-08-07,3710000,울산광역시 동구
서부동성원상떼빌아파트,울산광역시,동구,울산광역시 동구 봉수로 450,울산광역시 동구 서부동 248-24,35.5254839,129.4251592,106동 2초소 및 105동과 107동 3초소,,052-700-4135,2025-08-07,3710000,울산광역시 동구
현대패밀리서부1차아파트,울산광역시,동구,울산광역시 동구 방어진순환도로 995,울산광역시 동구 서부동 257-4,35.52742805,129.429738,관리실 입구,,052-700-4135,2025-08-07,3710000,울산광역시 동구
현대명덕2차아파트,울산광역시,동구,울산광역시 동구 명덕로 70,울산광역시 동구 서부동 238-27,35.52383587,129.4253484,관리사무소 앞,,052-700-4135,2025-08-07,3710000,울산광역시 동구
현대명덕1차아파트,울산광역시,동구,울산광역시 동구 명덕로 30,울산광역시 동구 서부동 238-29,35.52443533,129.4271932,정문(폐건전지함 옆),,052-700-4135,2025-08-07,3710000,울산광역시 동구
현대하이야트1차아파트,울산광역시,동구,울산광역시 동구 옥류로 77,울산광역시 동구 동부동 산146,35.54563076,129.4246139,관리실 옆,,052-700-4135,2025-08-07,3710000,울산광역시 동구
벽산유토피아아파트,울산광역시,동구,울산광역시 동구 옥류로 92,울산광역시 동구 동부동 421,35.54683627,129.4256119,"관리실 맞은편, 폐건전지수거함 옆",,052-700-4135,2025-08-07,3710000,울산광역시 동구
목화맨션아파트,울산광역시,동구,울산광역시 동구 남목11길 20,울산광역시 동구 동부동 산147,35.54430347,129.4242544,옷수거함 옆,,052-700-4135,2025-08-07,3710000,울산광역시 동구
남목우주아파트,울산광역시,동구,울산광역시 동구 남목5길 45,울산광역시 동구 서부동 493-1,35.5421958,129.4231995,관리실 안,,052-700-4135,2025-08-07,3710000,울산광역시 동구
힐스테이트영통,경기도,수원시,경기도 수원시 영통구 덕영대로 1462-14,경기도 수원시 영통구 망포동 728,37.2416363015,127.0471035397,,,031-202-2989,2025-07-28,3740000,경기도 수원시
영통아이파크캐슬1단지,경기도,수원시,"경기도 수원시 영통구 덕영대로 1400 (망포동, 영통아이파크캐슬1단지)",경기도 수원시 영통구 망포동 760,37.2418307868,127.0414551122,,,031-202-4700,2025-07-28,3740000,경기도 수원시
영통아이파크캐슬2단지,경기도,수원시,"경기도 수원시 영통구 덕영대로 1400 (망포동, 영통아이파크캐슬2단지)",경기도 수원시 영통구 망포동 760,37.2418307868,127.0414551122,,,031-203-7751,2025-07-28,3740000,경기도 수원시
동수원자이2차,경기도,수원시,"경기도 수원시 영통구 태장로71번길 19 (망포동,  동수원 자이2차 아파트)",경기도 수원시 영통구 망포동 690,37.2396117674,127.0532130684,,,031-205-1083,2025-07-28,3740000,경기도 수원시
동수원자이3차,경기도,수원시,경기도 수원시 영통구 영통로 111 (망포동 엘지동수원자이아파트),경기도 수원시 영통구 망포동 698,37.2372361582,127.0557620447,,,031-202-1292,2025-07-28,3740000,경기도 수원시
동수원자이1차,경기도,수원시,경기도 수원시 영통구 태장로82번길 32 (망포동 동수원자이1차),경기도 수원시 영통구 망포동 686,37.2362943558,127.0528784005,,,031-273-0764,2025-07-28,3740000,경기도 수원시
신나무실주공5단지,경기도,수원시,"경기도 수원시 영통구 영통로290번길 25 (영통동, 신나무실주공단지)",경기도 수원시 영통구 영통동 964-5,37.2516054253,127.0627227804,,,031-206-2017,2025-07-28,3740000,경기도 수원시
벽적골주공1,경기도,수원시,"경기도 수원시 영통구 영통로290번길 26 (영통동, 벽적골주공 휴먼시아8단지)",경기도 수원시 영통구 영통동 972-2,37.2509256591,127.0625878591,,,031-202-2018,2025-07-28,3740000,경기도 수원시
삼성태영,경기도,수원시,"경기도 수원시 영통구 봉영로1517번길 73 (영통동, 삼성.태영아파트)",경기도 수원시 영통구 영통동 969-1,37.2497357181,127.0646416603,,,031-202-0665,2025-07-28,3740000,경기도 수원시
벽적골주공9단지,경기도,수원시,"경기도 수원시 영통구 봉영로1517번길 27 (영통동, 벽적골9단지 주공아파트)",경기도 수원시 영통구 영통동 970-3,37.2481381175,127.0671582843,,,031-202-4147,2025-07-28,3740000,경기도 수원시
영통에듀파크,경기도,수원시,"경기도 수원시 영통구 청명로 132 (영통동, 영통에듀파크)",경기도 수원시 영통구 영통동 957-6,37.2574330286,127.0743707387,,,031-202-0595,2025-07-28,3740000,경기도 수원시
영통삼성래미안,경기도,수원시,"경기도 수원시 영통구 청명북로 33 (영통동, 청명마을삼성아파트)",경기도 수원시 영통구 영통동 1046-1,37.2544569724,127.0800374804,,,031-273-6047,2025-07-28,3740000,경기도 수원시
청명주공,경기도,수원시,"경기도 수원시 영통구 청명북로 81 (영통동,  청명마을주공아파트)",경기도 수원시 영통구 영통동 1048-2,37.2588630905,127.07987801,,,031-202-2015,2025-07-28,3740000,경기도 수원시
영통포레파크원,경기도,수원시,"경기도 수원시 영통구 영통로 498 (영통동,  황골마을주공1단지아파트)",경기도 수원시 영통구 영통동 955-1,37.2632257521,127.0785393846,,,031-202-2013,2025-07-28,3740000,경기도 수원시
영통센트럴파크뷰,경기도,수원시,"경기도 수원시 영통구 영통로514번길 53 (영통동,  황골마을주공2단지아파트)",경기도 수원시 영통구 영통동 948-4,37.2649123302,127.0813303648,,,031-204-3799,2025-07-28,3740000,경기도 수원시
쌍용,경기도,수원시,"경기도 수원시 영통구 봉영로1744번길 16 (영통동,  쌍용아파트)",경기도 수원시 영통구 영통동 1052-2,37.264368216,127.0828537488,,,031-203-6197,2025-07-28,3740000,경기도 수원시
"벽산,풍림",경기도,수원시,"경기도 수원시 영통구 봉영로1744번길 11 (영통동,벽산 풍림아파트)",경기도 수원시 영통구 영통동 1053-2,37.2666377113,127.0830516131,,,031-203-2863,2025-07-28,3740000,경기도 수원시
"신명,한국",경기도,수원시,"경기도 수원시 영통구 봉영로1770번길 21 (영통동,  신명.한국아파트)",경기도 수원시 영통구 영통동 1054-3,37.2674174518,127.0830811056,,,031-203-1063,2025-07-28,3740000,경기도 수원시
광교더포레스트,경기도,수원시,"경기도 수원시 영통구 광교마을로 156 (하동,  광교마을40단지)",경기도 수원시 영통구 하동 1001,37.2953851,127.0813417866,,,031-215-7033,2025-07-28,3740000,경기도 수원시
광교호수마을 호반써밋,경기도,수원시,"경기도 수원시 영통구 법조로 134 (하동,  광교호수마을 호반써밋)",경기도 수원시 영통구 하동 994,37.291471798,127.0723564307,,,031-216-7338,2025-07-28,3740000,경기도 수원시
광교휴먼시아32단지,경기도,수원시,"경기도 수원시 영통구 광교중앙로 247 (하동,  휴먼시아아파트)",경기도 수원시 영통구 하동 956,37.2946144461,127.0655342473,,,031-217-8325,2025-07-28,3740000,경기도 수원시
힐스테이트광교,경기도,수원시,"경기도 수원시 영통구 센트럴파크로 6 (하동,  힐스테이트 광교)",경기도 수원시 영통구 하동 1021,37.2866710672,127.0648956229,,,031-216-9306,2025-07-28,3740000,경기도 수원시
광교센트럴뷰,경기도,수원시,"경기도 수원시 영통구 센트럴타운로22번길 36 (이의동,  광교센트럴뷰)",경기도 수원시 영통구 이의동 1334,37.2891650825,127.0578864238,,,031-217-6055,2025-07-28,3740000,경기도 수원시
자연앤힐스테이트,경기도,수원시,"경기도 수원시 영통구 도청로 65 (이의동,  자연앤 힐스테이트)",경기도 수원시 영통구 이의동 1344,37.2892784332,127.0493314028,,,031-213-1755,2025-07-28,3740000,경기도 수원시
영흥숲푸르지오파크비엔,경기도,수원시,"경기도 수원시 영통구 영흥숲길 50 (원천동,  영흥숲푸르지오파크비엔)",경기도 수원시 영통구 원천동 628,37.2635799295,127.0671488184,,,031-217-8896,2025-07-28,3740000,경기도 수원시
원천레이크파크,경기도,수원시,"경기도 수원시 영통구 중부대로448번길 28 (원천동,  수원 원천2단지 주공아파트)",경기도 수원시 영통구 원천동 548,37.2671388217,127.0585790347,,,031-213-8262,2025-07-28,3740000,경기도 수원시
광교아이파크,경기도,수원시,"경기도 수원시 영통구 광교호수공원로 80 (원천동,  광교아이파크)",경기도 수원시 영통구 원천동 593,37.2730876686,127.0612196,,,031-216-9431,2025-07-28,3740000,경기도 수원시
광교호반베르디움,경기도,수원시,"경기도 수원시 영통구 광교호수공원로 45 (원천동,  광교 호반베르디움)",경기도 수원시 영통구 원천동 606,37.2732910951,127.0569897471,,,031-214-6112,2025-07-28,3740000,경기도 수원시
원천주공,경기도,수원시,"경기도 수원시 영통구 중부대로271번길 27-9 (원천동,  주공아파트)",경기도 수원시 영통구 원천동 35,37.2763060223,127.0468147211,,,031-211-6535,2025-07-28,3740000,경기도 수원시
광교중흥S클래스,경기도,수원시,"경기도 수원시 영통구 광교호수공원로 277 (원천동,  광교중흥에스클래스)",경기도 수원시 영통구 원천동 589,37.2839417579,127.0567779975,,,031-211-1137,2025-07-28,3740000,경기도 수원시
매탄레이크파크,경기도,수원시,"경기도 수원시 영통구 매영로 132 (매탄동,  매탄 레이크파크아파트)",경기도 수원시 영통구 매탄동 1230,37.2665833926,127.0565970931,,,031-216-2488,2025-07-28,3740000,경기도 수원시
한국2차,경기도,수원시,"경기도 수원시 영통구 매영로 84 (매탄동,  한국아파트)",경기도 수원시 영통구 매탄동 1217,37.2681997492,127.0500434817,,,031-216-2470,2025-07-28,3740000,경기도 수원시
매탄성일,경기도,수원시,"경기도 수원시 영통구 인계로 239 (매탄동,  매탄성일아파트)",경기도 수원시 영통구 매탄동 810-4,37.2650653259,127.0433406376,,,031-213-8883,2025-07-28,3740000,경기도 수원시
삼성1차,경기도,수원시,"경기도 수원시 영통구 인계로 219 (매탄동,  삼성1차아파트)",경기도 수원시 영통구 매탄동 810-3,37.2655886392,127.0413585501,,,031-212-2650,2025-07-28,3740000,경기도 수원시
매탄동남,경기도,수원시,"경기도 수원시 영통구 동수원로 432 (매탄동,  동남아파트)",경기도 수원시 영통구 매탄동 810-2,37.2673116307,127.0425746117,,,031-213-2288,2025-07-28,3740000,경기도 수원시
매탄주공그린빌6단지,경기도,수원시,"경기도 수원시 영통구 동탄원천로881번길 19 (매탄동,  주공그린빌)",경기도 수원시 영통구 매탄동 1285,37.25372527,127.0422933927,,,031-217-9081,2025-07-28,3740000,경기도 수원시
임광,경기도,수원시,"경기도 수원시 영통구 동수원로 316 (매탄동,  임광아파트)",경기도 수원시 영통구 매탄동 1162,37.2584379027,127.0383356857,,,031-237-7374,2025-07-28,3740000,경기도 수원시
매탄위브하늘채,경기도,수원시,"경기도 수원시 영통구 효원로 363 (매탄동,  매탄 위브 하늘채)",경기도 수원시 영통구 매탄동 1352,37.2615332244,127.0395242106,,,031-216-9999,2025-07-28,3740000,경기도 수원시
원천성일,경기도,수원시,경기도 수원시 영통구 동탄원천로1109번길 42,경기도 수원시 영통구 매탄동 1199,37.2702638378,127.0561101958,,,031-215-3663,2025-07-28,3740000,경기도 수원시
현대힐스테이트,경기도,수원시,"경기도 수원시 영통구 권광로260번길 36 (매탄동,  현대힐스테이트아파트)",경기도 수원시 영통구 매탄동 176,37.2721438813,127.0419108797,,,031-217-9502,2025-07-28,3740000,경기도 수원시
수원센트럴아이파크자이,경기도,수원시,경기도 수원시 팔달구 인계로 21,경기도 수원시 팔달구 인계동 847-3,37.2715957138,127.0226371429,,,031-898-6957,2025-07-28,3740000,경기도 수원시
우만주공 3단지,경기도,수원시,경기도 수원시 팔달구 창룡대로210번길 13,경기도 수원시 팔달구 우만동 301,37.2926001782,127.0340429597,,,031-241-2872,2025-07-28,3740000,경기도 수원시
엘지아파트,경기도,수원시,경기도 수원시 팔달구 정자천로32번길 20,경기도 수원시 팔달구 화서동 713,37.2881417115,126.9799878582,,,031-298-4276,2025-07-28,3740000,경기도 수원시
코오롱아파트,경기도,수원시,경기도 수원시 팔달구 일월로18번길 4-26,경기도 수원시 팔달구 화서동 730,37.2847867,126.9815657928,,,031-307-0033,2025-07-28,3740000,경기도 수원시
화서주공3단지,경기도,수원시,경기도 수원시 팔달구 덕영대로697번길 47,경기도 수원시 팔달구 화서동 646,37.2859015085,126.9931074803,,,031-252-8533,2025-07-28,3740000,경기도 수원시
화서위브하늘채,경기도,수원시,경기도 수원시 팔달구 수성로244번길 25,경기도 수원시 팔달구 화서동 743,37.2878894005,126.9999530871,,,031-241-3641,2025-07-28,3740000,경기도 수원시
화서주공4단지 아파트,경기도,수원시,경기도 수원시 팔달구 덕영대로697번길 48,경기도 수원시 팔달구 화서동 650,37.2845442921,126.9919724974,,,031-255-4795,2025-07-28,3740000,경기도 수원시
꽃뫼버들마을 진흥아파트,경기도,수원시,경기도 수원시 팔달구 화산로 57,경기도 수원시 팔달구 화서동 706,37.2900445237,126.9834879912,,,031-298-6885,2025-07-28,3740000,경기도 수원시
블루밍푸른숲아파트,경기도,수원시,경기도 수원시 팔달구 화양로50번길 30,경기도 수원시 팔달구 화서동 250-4,37.2818683828,127.0010741748,,,070-4299-0063,2025-07-28,3740000,경기도 수원시
수원역푸르지오자이아파트,경기도,수원시,경기도 수원시 팔달구 고등로 15,경기도 수원시 팔달구 고등동 310,37.2749830769,126.9988894361,,,031-242-4086,2025-07-28,3740000,경기도 수원시
대한대우프르지오,경기도,수원시,경기도 수원시 팔달구 권선로 477,경기도 수원시 팔달구 매산로2가 90,37.264571421,127.0033543656,,,031-309-9983,2025-07-28,3740000,경기도 수원시
매교역푸르지오SKVIEW아파트,경기도,수원시,경기도 수원시 팔달구 인계로 20,경기도 수원시 팔달구 매교동 300,37.2677365188,127.0204311167,,,031-238-3601,2025-07-28,3740000,경기도 수원시
서수원자이,경기도,수원시,경기도 수원시 권선구 입북로 50,경기도 수원시 권선구 입북동 810,37.2960658463,126.9596717402,,,031-278-2636,2025-07-28,3740000,경기도 수원시
서수원 레이크 푸르지오 2단지,경기도,수원시,경기도 수원시 권선구 입북로77번길 61,경기도 수원시 권선구 입북동 815,37.2992870697,126.9522118868,,,031-278-4711,2025-07-28,3740000,경기도 수원시
삼정,경기도,수원시,경기도 수원시 권선구 당진로14번길 37,경기도 수원시 권선구 당수동 218-1,37.2905139974,126.9427669,,,031-419-9244,2025-07-28,3740000,경기도 수원시
LH수원당수1단지,경기도,수원시,경기도 수원시 권선구 당수로130번길 13,경기도 수원시 권선구 당수동 388-19,37.2845074366,126.9458660112,,,031-502-2514,2025-07-28,3740000,경기도 수원시
수원하늘채더퍼스트1단지,경기도,수원시,경기도 수원시 권선구 망포로 13,경기도 수원시 권선구 곡반정동 652,37.2431220974,127.035725662,,,031-222-0856,2025-07-28,3740000,경기도 수원시
수원하늘채더퍼스트2단지,경기도,수원시,경기도 수원시 권선구 망포로 14,경기도 수원시 권선구 곡반정동 654,37.2397943722,127.0350404243,,,031-546-5853,2025-07-28,3740000,경기도 수원시
"수원아이파크시티(5단지,6단지)",경기도,수원시,경기도 수원시 권선구 곡선로 10,경기도 수원시 권선구 권선동 1355,37.2391583452,127.0256637631,,,031-898-9169,2025-07-28,3740000,경기도 수원시
아이파크시티4단지,경기도,수원시,경기도 수원시 권선구 동수원로145번길 23,경기도 수원시 권선구 권선동 1357,37.2432787985,127.0285433052,,,031-225-5232,2025-07-28,3740000,경기도 수원시
아이파크시티3단지,경기도,수원시,경기도 수원시 권선구 동수원로145번길 73,경기도 수원시 권선구 권선동 1359,37.2415565245,127.0254505545,,,031-898-9870,2025-07-28,3740000,경기도 수원시
아이파크시티2단지,경기도,수원시,경기도 수원시 권선구 동수원로145번길 24,경기도 수원시 권선구 권선동 1361,37.2452755698,127.0297823797,,,031-226-1855,2025-07-28,3740000,경기도 수원시
신동아,경기도,수원시,경기도 수원시 권선구 권중로 136,경기도 수원시 권선구 권선동 1274,37.2489819039,127.0319454557,,,031-224-0506,2025-07-28,3740000,경기도 수원시
보성.유원,경기도,수원시,경기도 수원시 권선구 권중로 110,경기도 수원시 권선구 권선동 1265,37.2493667811,127.0270809962,,,031-228-2114,2025-07-28,3740000,경기도 수원시
두산.동아,경기도,수원시,경기도 수원시 권선구 덕영대로1217번길 24,경기도 수원시 권선구 권선동 1199-1,37.2495280244,127.0248129059,,,031-221-8642,2025-07-28,3740000,경기도 수원시
아이파크시티7단지,경기도,수원시,경기도 수원시 권선구 덕영대로1190번길 100,경기도 수원시 권선구 권선동 1337,37.24469781,127.0194358,,,031-267-2930,2025-07-28,3740000,경기도 수원시
권선현대,경기도,수원시,경기도 수원시 권선구 매탄로 11,경기도 수원시 권선구 권선동 1240,37.2534917,127.0377486974,,,031-223-1576,2025-07-28,3740000,경기도 수원시
수원시청역SKVIEW,경기도,수원시,경기도 수원시 권선구 권선로694번길 26,경기도 수원시 권선구 권선동 1035,37.2579274788,127.0260027858,,,031-221-6262,2025-07-28,3740000,경기도 수원시
호매실GS,경기도,수원시,경기도 수원시 권선구 매실로 70,경기도 수원시 권선구 호매실동 377,37.2683293672,126.9584685828,,,031-297-4973,2025-07-28,3740000,경기도 수원시
호매실마을13단지,경기도,수원시,경기도 수원시 권선구 호매실로218번길 111,경기도 수원시 권선구 호매실동 1371,37.2655255051,126.9582105996,,,031-227-9005,2025-07-28,3740000,경기도 수원시
호매실벨섬시티14단지,경기도,수원시,경기도 수원시 권선구 호매실로218번길 22,경기도 수원시 권선구 호매실동 1380,37.2632021233,126.9580835914,,,031-292-3469,2025-07-28,3740000,경기도 수원시
호매실스위첸,경기도,수원시,경기도 수원시 권선구 호매실로166번길 63,경기도 수원시 권선구 호매실동 1394,37.260890531,126.9619120944,,,031-293-2332,2025-07-28,3740000,경기도 수원시
엘에이치호매실스타힐스,경기도,수원시,경기도 수원시 권선구 호매실로 103,경기도 수원시 권선구 호매실동 1408,37.2549574629,126.9614481858,,,031-291-0338,2025-07-28,3740000,경기도 수원시
호매실능실마을22단지,경기도,수원시,경기도 수원시 권선구 호매실로166번길 10,경기도 수원시 권선구 호매실동 1415,37.2584855964,126.9580288267,,,031-292-2116,2025-07-28,3740000,경기도 수원시
힐스테이트 호매실,경기도,수원시,경기도 수원시 권선구 호매실로166번길 33,경기도 수원시 권선구 호매실동 1393,37.2594635396,126.9578915438,,,031-292-1393,2025-07-28,3740000,경기도 수원시
호매실휴먼시아16단지,경기도,수원시,경기도 수원시 권선구 호매실로165번길 30,경기도 수원시 권선구 호매실동 1389,37.2595280626,126.9549755443,,,031-295-5950,2025-07-28,3740000,경기도 수원시
호매실경남아너스빌,경기도,수원시,경기도 수원시 권선구 호매실로165번길 70,경기도 수원시 권선구 호매실동 1388,37.2601436585,126.9520027128,,,031-227-0055,2025-07-28,3740000,경기도 수원시
한양수자인파크원,경기도,수원시,경기도 수원시 권선구 칠보로 102,경기도 수원시 권선구 호매실동 1361,37.2657948882,126.950430371,,,031-291-3911,2025-07-28,3740000,경기도 수원시
극동스타클래스,경기도,수원시,경기도 수원시 권선구 금곡로140번길 73,경기도 수원시 권선구 호매실동 1352,37.2706343266,126.9457823032,,,031-278-0213,2025-07-28,3740000,경기도 수원시
호매실휴먼시아7단지,경기도,수원시,경기도 수원시 권선구 금곡로102번길 126,경기도 수원시 권선구 호매실동 1340,37.2696825985,126.9426206227,,,031-294-0882,2025-07-28,3740000,경기도 수원시
삼익3차,경기도,수원시,경기도 수원시 권선구 서수원로 589,경기도 수원시 권선구 금곡동 79,37.2773537713,126.9548596156,,,031-295-7220,2025-07-28,3740000,경기도 수원시
수원호매실휴먼시아4단지,경기도,수원시,경기도 수원시 권선구 금곡로 137,경기도 수원시 권선구 금곡동 1072,37.2753009664,126.9463092322,,,031-294-5101,2025-07-28,3740000,경기도 수원시
"수원모아미래도센트럴타운(1단지,2단지)",경기도,수원시,경기도 수원시 권선구 서수원로577번길 341,경기도 수원시 권선구 금곡동 1078,37.2762965843,126.9370964029,,,031-291-3863,2025-07-28,3740000,경기도 수원시
수원호매실휴먼시아8단지,경기도,수원시,경기도 수원시 권선구 금곡로140번길 29,경기도 수원시 권선구 금곡동 1095,37.2720240624,126.945717266,,,031-278-7516,2025-07-28,3740000,경기도 수원시
호반베르디움 더센트럴,경기도,수원시,경기도 수원시 권선구 매곡로 43,경기도 수원시 권선구 금곡동 1147,37.2697240699,126.9517633643,,,031-297-7684,2025-07-28,3740000,경기도 수원시
금곡엘지,경기도,수원시,경기도 수원시 권선구 금곡로 45,경기도 수원시 권선구 금곡동 530,37.2713419078,126.937712176,,,031-297-3181,2025-07-28,3740000,경기도 수원시
삼환,경기도,수원시,경기도 수원시 권선구 수성로 47,경기도 수원시 권선구 구운동 462,37.2833281485,126.9787625923,,,031-296-0863,2025-07-28,3740000,경기도 수원시
센트라우스,경기도,수원시,경기도 수원시 권선구 세화로168번길 15,경기도 수원시 권선구 서둔동 371,37.2670867936,126.9948147319,,,031-298-6695,2025-07-28,3740000,경기도 수원시
수원권선 꿈에그린,경기도,수원시,경기도 수원시 권선구 서수원로 99,경기도 수원시 권선구 오목천동 1180,37.2364959281,126.9738967281,,,031-298-6623,2025-07-28,3740000,경기도 수원시
상송마을주공,경기도,수원시,경기도 수원시 권선구 오목천로 15,경기도 수원시 권선구 오목천동 946,37.2404290823,126.9639347753,,,031-227-6689,2025-07-28,3740000,경기도 수원시
쌍용더플래티넘오목천역,경기도,수원시,경기도 수원시 권선구 삼천병마로1566번길 17,경기도 수원시 권선구 오목천동 1192,37.243517942,126.9655364709,,,031-297-5006,2025-07-28,3740000,경기도 수원시
오목천서희스타힐스,경기도,수원시,경기도 수원시 권선구 온정로9번길 36,경기도 수원시 권선구 오목천동 1170,37.2485918245,126.9619028438,,,031-293-3280,2025-07-28,3740000,경기도 수원시
대한,경기도,수원시,경기도 수원시 권선구 서부로 1534,경기도 수원시 권선구 고색동 368-1,37.2464668548,126.9786223608,,,031-297-5687,2025-07-28,3740000,경기도 수원시
수원역해모로,경기도,수원시,경기도 수원시 권선구 세류로 60,경기도 수원시 권선구 세류동 1260,37.265349332,127.0103983696,,,031-267-4471,2025-07-28,3740000,경기도 수원시
LH수원센트럴타운2단지,경기도,수원시,경기도 수원시 권선구 세류로 39,경기도 수원시 권선구 세류동 1270,37.2634455477,127.0061292864,,,031-224-0027,2025-07-28,3740000,경기도 수원시
수원역센트럴어반시티,경기도,수원시,경기도 수원시 권선구 세권로 1,경기도 수원시 권선구 세류동 1280,37.261404573,127.0046716102,,,031-285-1877,2025-07-28,3740000,경기도 수원시
한일타운,경기도,수원시,경기도 수원시 장안구 경수대로976번길 22 (조원동,경기도 수원시 장안구 조원동 881,37.3063275894,127.0047181538,,,031-244-0255,2025-07-28,3740000,경기도 수원시
조원벽산,경기도,수원시,경기도 수원시 장안구 조원로 16 (조원동,경기도 수원시 장안구 조원동 510,37.2969401977,127.0213735307,,,031-247-7196,2025-07-28,3740000,경기도 수원시
조원주공뉴타운2단지,경기도,수원시,경기도 수원시 장안구 금당로39번길 34 (조원동,경기도 수원시 장안구 조원동 861,37.3043904684,127.017806434,,,031-258-9071,2025-07-28,3740000,경기도 수원시
조원주공뉴타운1단지,경기도,수원시,경기도 수원시 장안구 금당로39번길 33 (조원동,경기도 수원시 장안구 조원동 855,37.3045454,127.0151754924,,,031-258-9092,2025-07-28,3740000,경기도 수원시
희훈루체팰리스,경기도,수원시,경기도 수원시 장안구 경수대로994번길 46 (송죽동,경기도 수원시 장안구 송죽동 513,37.3069106538,127.0046115944,,,031-247-8208,2025-07-28,3740000,경기도 수원시
수원아너스빌위즈,경기도,수원시,경기도 수원시 장안구 송원로 20 (송죽동,경기도 수원시 장안구 송죽동 517,37.2970945811,127.0065680429,,,031-242-3402,2025-07-28,3740000,경기도 수원시
백설마을 삼환.나우빌,경기도,수원시,경기도 수원시 장안구 천천로22번길 34 (정자동,경기도 수원시 장안구 정자동 880-3,37.2942378304,126.9895156638,,,031-269-8001,2025-07-28,3740000,경기도 수원시
청솔마을 한라,경기도,수원시,경기도 수원시 장안구 만석로20번길 28 (정자동,경기도 수원시 장안구 정자동 919,37.2938589225,126.9844113922,,,031-268-2214,2025-07-28,3740000,경기도 수원시
북수원 리버파크,경기도,수원시,경기도 수원시 장안구 천천로74번길 35 (정자동,경기도 수원시 장안구 정자동 913,37.3000161984,126.9861248,,,031-242-9082,2025-07-28,3740000,경기도 수원시
삼호진덕,경기도,수원시,경기도 수원시 장안구 하률로46번길 22 (천천동,경기도 수원시 장안구 천천동 565,37.3026786287,126.9776975,,,031-306-3098,2025-07-28,3740000,경기도 수원시
벽산·현대,경기도,수원시,경기도 수원시 장안구 정자천로188번길 64 (정자동,경기도 수원시 장안구 정자동 886-1,37.2931857328,126.9962361033,,,031-269-2297,2025-07-28,3740000,경기도 수원시
화서역우방센트럴파크,경기도,수원시,경기도 수원시 장안구 수성로245번길 21 (정자동,경기도 수원시 장안구 정자동 887-1,37.2897489571,126.9987696337,,,031-269-0030,2025-07-28,3740000,경기도 수원시
동신3차 아파트,경기도,수원시,경기도 수원시 장안구 장안로 199 (정자동,경기도 수원시 장안구 정자동 304,37.3006179,126.9951721,,,031-245-2824,2025-07-28,3740000,경기도 수원시
경남아너스빌,경기도,수원시,경기도 수원시 장안구 만석로159번길 31 (정자동,경기도 수원시 장안구 정자동 297-2,37.3016331673,126.9974206743,,,031-244-1155,2025-07-28,3740000,경기도 수원시
동신2차,경기도,수원시,경기도 수원시 장안구 장안로 211 (정자동,경기도 수원시 장안구 정자동 313-1,37.301486632,126.9941412606,,,031-252-1406,2025-07-28,3740000,경기도 수원시
동신1차,경기도,수원시,경기도 수원시 장안구 장안로 232 (정자동,경기도 수원시 장안구 정자동 395,37.3043748687,126.9934742992,,,031-244-2447,2025-07-28,3740000,경기도 수원시
북수원자이렉스비아,경기도,수원시,경기도 수원시 장안구 장안로 271,경기도 수원시 장안구 정자동 530-6,37.3050430871,126.9897932237,,,031-8019-9912,2025-07-28,3740000,경기도 수원시
SK스카이뷰,경기도,수원시,경기도 수원시 장안구 이목로 24 (정자동,경기도 수원시 장안구 정자동 945,37.3093932161,126.9835622721,,,031-269-8711,2025-07-28,3740000,경기도 수원시
화서역푸르지오더에듀포레,경기도,수원시,경기도 수원시 장안구 화산로 85 (천천동,경기도 수원시 장안구 천천동 333,37.2911565898,126.9805555,,,031-278-3722,2025-07-28,3740000,경기도 수원시
천천삼성래미안,경기도,수원시,경기도 수원시 장안구 화산로187번길 19 (천천동,경기도 수원시 장안구 천천동 544,37.2979824117,126.975740871,,,031-295-4860,2025-07-28,3740000,경기도 수원시
율전삼성2단지,경기도,수원시,경기도 수원시 장안구 서부로 2067 (율전동,경기도 수원시 장안구 율전동 419,37.2934232276,126.968730,,,031-295-6631,2025-07-28,3740000,경기도 수원시
신일아파트,경기도,수원시,경기도 수원시 장안구 화산로 263 (율전동,경기도 수원시 장안구 율전동 319,37.2993661589,126.9675682206,,,031-297-5377,2025-07-28,3740000,경기도 수원시
밤꽃마을 뜨란채,경기도,수원시,경기도 수원시 장안구 상률로 32 (율전동,경기도 수원시 장안구 율전동 546,37.3067210464,126.9689094067,,,031-271-2152,2025-07-28,3740000,경기도 수원시
포레나 북수원,경기도,수원시,경기도 수원시 장안구 경수대로 1110-39 (파장동,경기도 수원시 장안구 파장동 640,37.3135567433,126.9945229555,,,031-269-0654,2025-07-28,3740000,경기도 수원시
망포2동행정복지센터,경기도,수원시,경기도 수원시 영통구 태장로54번길 10,경기도 수원시 영통구 망포동 234-43,37.2388699,127.0516160475,,,031-5191-8780,2025-07-28,3740000,경기도 수원시
망포1동행정복지센터,경기도,수원시,경기도 수원시 영통구 영통로90번길 4-16,경기도 수원시 영통구 망포동 484,37.237797,127.0608445,,,031-5191-8783,2025-07-28,3740000,경기도 수원시
영통3동행정복지센터,경기도,수원시,경기도 수원시 영통구 매영로 386,경기도 수원시 영통구 영통동 989-5,37.2495358,127.0737143646,,,031-5191-8984,2025-07-28,3740000,경기도 수원시
영통2동행정복지센터,경기도,수원시,경기도 수원시 영통구 영통로217번길 12,경기도 수원시 영통구 영통동 977-3,37.2469632,127.0563198,,,031-5191-8752,2025-07-28,3740000,경기도 수원시
영통1동행정복지센터,경기도,수원시,경기도 수원시 영통구 봉영로1759번길 23,경기도 수원시 영통구 영통동 947-6,37.2663493,127.080570,,,031-5191-8735,2025-07-28,3740000,경기도 수원시
광교2동행정복지센터,경기도,수원시,경기도 수원시 영통구 법조로149번길 155,경기도 수원시 영통구 하동 976,37.2922771,127.0701599,,,031-5191-8468,2025-07-28,3740000,경기도 수원시
광교1동행정복지센터,경기도,수원시,경기도 수원시 영통구 도청로89번길 20,경기도 수원시 영통구 이의동 1350,37.2901826049,127.047369,,,031-5191-8594,2025-07-28,3740000,경기도 수원시
원천동행정복지센터,경기도,수원시,경기도 수원시 영통구 중부대로 339,경기도 수원시 영통구 원천동 610,37.2734789,127.0532893,,,031-5191-8694,2025-07-28,3740000,경기도 수원시
매탄4동행정복지센터,경기도,수원시,경기도 수원시 영통구 산남로 26-4,경기도 수원시 영통구 매탄동 232-2,37.2651145,127.0487056174,,,031-5191-8675,2025-07-28,3740000,경기도 수원시
매탄3동행정복지센터,경기도,수원시,경기도 수원시 영통구 동탄원천로881번길 76,경기도 수원시 영통구 매탄동 1279-1,37.2564467,127.0431047267,,,031-5191-8643,2025-07-28,3740000,경기도 수원시
매탄2동행정복지센터,경기도,수원시,경기도 수원시 영통구 매영로39번길 21,경기도 수원시 영통구 매탄동 198-99,37.2701731,127.0474356,,,031-5191-8625,2025-07-28,3740000,경기도 수원시
매탄1동행정복지센터,경기도,수원시,경기도 수원시 영통구 인계로189번길 119,경기도 수원시 영통구 매탄동 176-4,37.2705147,127.040527822,,,031-5191-8608,2025-07-28,3740000,경기도 수원시
인계동행정복지센터,경기도,수원시,경기도 수원시 팔달구 인계로 123,경기도 수원시 팔달구 인계동 468,37.2679376643,127.0306632464,,,031-5191-7733,2025-07-28,3740000,경기도 수원시
우만2동행정복지센터,경기도,수원시,경기도 수원시 팔달구 중부대로207번길 33,경기도 수원시 팔달구 우만동 108-3,37.278039,127.0397669,,,031-5191-7711,2025-07-28,3740000,경기도 수원시
우만1동행정복지센터,경기도,수원시,경기도 수원시 팔달구 세지로 406,경기도 수원시 팔달구 우만동 506,37.2853512,127.029414,,,031-5191-7892,2025-07-28,3740000,경기도 수원시
지동행정복지센터,경기도,수원시,경기도 수원시 팔달구 세지로 339,경기도 수원시 팔달구 지동 143-1,37.2813881187,127.0245120262,,,031-5191-7886,2025-07-28,3740000,경기도 수원시
화서2동행정복지센터,경기도,수원시,경기도 수원시 팔달구 화산로6번길 6,경기도 수원시 팔달구 화서동 689-1,37.2850883574,126.9862918,,,031-5191-7877,2025-07-28,3740000,경기도 수원시
화서1동행정복지센터,경기도,수원시,경기도 수원시 팔달구 동말로4번길 10,경기도 수원시 팔달구 화서동 184-357,37.2764189,126.9950391,,,031-5191-7864,2025-07-28,3740000,경기도 수원시
고등동행정복지센터,경기도,수원시,경기도 수원시 팔달구 고등로 37,경기도 수원시 팔달구 고등동 153-1,37.273466,127.0011269,,,031-5191-7853,2025-07-28,3740000,경기도 수원시
매산동행정복지센터,경기도,수원시,경기도 수원시 팔달구 매산로 41,경기도 수원시 팔달구 매산로2가 40-30 2층,37.2687431,127.0056713,,,031-5191-7605,2025-07-28,3740000,경기도 수원시
매교동행정복지센터,경기도,수원시,경기도 수원시 팔달구 정조로715번길 17,경기도 수원시 팔달구 매교동 23,37.271081,127.016265,,,031-5191-7624,2025-07-28,3740000,경기도 수원시
행궁동행정복지센터,경기도,수원시,경기도 수원시 팔달구 신풍로23번길 40,경기도 수원시 팔달구 신풍동 100,37.2840501,127.0126478,,,031-5191-7126,2025-07-28,3740000,경기도 수원시
입북동행정복지센터,경기도,수원시,경기도 수원시 권선구 입북로 17,경기도 수원시 권선구 입북동 429-9,37.2932329,126.959513,,,031-5191-6912,2025-07-28,3740000,경기도 수원시
곡선동행정복지센터,경기도,수원시,경기도 수원시 권선구 동수원로146번길 174,경기도 수원시 권선구 곡반정동 525,37.2433724,127.0333038,,,031-5191-6651,2025-07-28,3740000,경기도 수원시
권선2동행정복지센터,경기도,수원시,경기도 수원시 권선구 권중로 85,경기도 수원시 권선구 권선동 1268-2,37.2513249,127.0297121705,,,031-5191-6634,2025-07-28,3740000,경기도 수원시
권선1동행정복지센터,경기도,수원시,경기도 수원시 권선구 경수대로352번길 29,경기도 수원시 권선구 권선동 1034-5,37.2577881,127.0246073971,,,031-5191-6950,2025-07-28,3740000,경기도 수원시
호매실동행정복지센터,경기도,수원시,경기도 수원시 권선구 칠보로 161,경기도 수원시 권선구 호매실동 1367,37.2662109,126.9570459,,,031-5191-6601,2025-07-28,3740000,경기도 수원시
금곡동행정복지센터,경기도,수원시,경기도 수원시 권선구 금곡로196번길 20,경기도 수원시 권선구 금곡동 1119-4,37.2727373,126.9521809,,,031-5191-6688,2025-07-28,3740000,경기도 수원시
구운동행정복지센터,경기도,수원시,경기도 수원시 권선구 구운로47번길 57-33,경기도 수원시 권선구 구운동 965,37.2771168295,126.9714302,,,031-5191-6727,2025-07-28,3740000,경기도 수원시
서둔동행정복지센터,경기도,수원시,경기도 수원시 권선구 서호로 146,경기도 수원시 권선구 서둔동 207-13,37.2726000995,126.9860539,,,031-5191-6855,2025-07-28,3740000,경기도 수원시
평동행정복지센터,경기도,수원시,경기도 수원시 권선구 평동로76번길 13,경기도 수원시 권선구 평동 35-6,37.2580329,126.994163,,,031-5191-6645,2025-07-28,3740000,경기도 수원시
세류3동행정복지센터,경기도,수원시,경기도 수원시 권선구 정조로 557,경기도 수원시 권선구 세류동 476-11,37.2590538,127.0119411,,,031-5191-6174,2025-07-28,3740000,경기도 수원시
세류2동행정복지센터,경기도,수원시,경기도 수원시 권선구 덕영대로 1107,경기도 수원시 권선구 세류동 980-1,37.2533664,127.0130702,,,031-5191-6723,2025-07-28,3740000,경기도 수원시
세류1동행정복지센터,경기도,수원시,경기도 수원시 권선구 세류로38번길 10,경기도 수원시 권선구 세류동 223-2,37.262193349,127.0079771,,,031-5191-6642,2025-07-28,3740000,경기도 수원시
연무동행정복지센터,경기도,수원시,경기도 수원시 장안구 경수대로 757,경기도 수원시 장안구 연무동 181-1,37.2905828,127.0215522,,,031-5191-5621,2025-07-28,3740000,경기도 수원시
조원2동행정복지센터,경기도,수원시,경기도 수원시 장안구 송원로 109-50,경기도 수원시 장안구 조원동 877,37.3056332,127.0096499,,,031-5191-5742,2025-07-28,3740000,경기도 수원시
조원1동행정복지센터,경기도,수원시,경기도 수원시 장안구 금당로 56,경기도 수원시 장안구 조원동 735,37.3017976559,127.0164315,,,031-5191-5462,2025-07-28,3740000,경기도 수원시
송죽동행정복지센터,경기도,수원시,경기도 수원시 장안구 송원로41번길 16-21,경기도 수원시 장안구 송죽동 502-1,37.3005189,127.0070114,,,031-5191-5860,2025-07-28,3740000,경기도 수원시
영화동행정복지센터,경기도,수원시,경기도 수원시 장안구 수성로382번길 24,경기도 수원시 장안구 영화동 250-1,37.2931486,127.0139656,,,031-5191-5618,2025-07-28,3740000,경기도 수원시
정자3동행정복지센터,경기도,수원시,경기도 수원시 장안구 대평로 85,경기도 수원시 장안구 정자동 879-4,37.2957333,126.9925366,,,031-5191-5622,2025-07-28,3740000,경기도 수원시
정자2동행정복지센터,경기도,수원시,경기도 수원시 장안구 송정로24번길 34,경기도 수원시 장안구 정자동 32-7,37.2950651,127.000442,,,031-5191-5627,2025-07-28,3740000,경기도 수원시
정자1동행정복지센터,경기도,수원시,경기도 수원시 장안구 정자로130번길 20,경기도 수원시 장안구 정자동 840-96,37.3022132326,126.9912879,,,031-5191-5532,2025-07-28,3740000,경기도 수원시
율천동행정복지센터,경기도,수원시,경기도 수원시 장안구 서부로2106번길 27,경기도 수원시 장안구 율전동 433-2,37.2976181,126.9714921,,,031-5191-5810,2025-07-28,3740000,경기도 수원시
파장동행정복지센터,경기도,수원시,경기도 수원시 장안구 파장천로 60,경기도 수원시 장안구 파장동 381,37.3103529,126.9974438,,,031-5191-5744,2025-07-28,3740000,경기도 수원시
영통구보건소,경기도,수원시,경기도 수원시 영통구 영통로 396,경기도 수원시 영통구 영통동 961-18,37.2568828,127.0697108,,,031-5191-0732,2025-07-28,3740000,경기도 수원시
팔달구보건소,경기도,수원시,경기도 수원시 팔달구 팔달산로 6,경기도 수원시 팔달구 교동 56-1,37.2714917,127.0125017,,,031-5191-0533,2025-07-28,3740000,경기도 수원시
권선구보건소,경기도,수원시,경기도 수원시 권선구 호매실로 22-50,경기도 수원시 권선구 탑동 910,37.2587427988,126.9711296989,,,031-5191-0332,2025-07-28,3740000,경기도 수원시
장안구보건소,경기도,수원시,경기도 수원시 장안구 송원로 101,경기도 수원시 장안구 조원동 888,37.30402833,127.0103129,,,031-5191-0132,2025-07-28,3740000,경기도 수원시
금천리 경로당,경상북도,청도군,경상북도 청도군 매전면 이사리2길 48,,35.72366797,128.8080035,,,054-370-2645,2025-08-11,5190000,경상북도 청도군
용산리 경로당,경상북도,청도군,경상북도 청도군 매전면 용산1길 14,,35.65324945,128.8294167,,,054-370-2645,2025-08-11,5190000,경상북도 청도군
관하1리 경로당,경상북도,청도군,경상북도 청도군 매전면 관방로 156-9,,35.71788884,128.8113876,,,054-370-2645,2025-08-11,5190000,경상북도 청도군
신지1리 경로당,경상북도,청도군,경상북도 청도군 금천면 선암로 468,,35.67793935,128.8958935,,,054-370-2645,2025-08-11,5190000,경상북도 청도군
박곡리 경로당,경상북도,청도군,경상북도 청도군 금천면 박곡2길 8,,35.6682696,128.9174016,,,054-370-2645,2025-08-11,5190000,경상북도 청도군
임당1리 경로당,경상북도,청도군,경상북도 청도군 금천면 임당길 173,,35.69956735,128.9173674,,,054-370-2645,2025-08-11,5190000,경상북도 청도군
신촌2리 경로당,경상북도,청도군,경상북도 청도군 이서면 신안길 15,,35.69857625,128.6765855,,,054-370-2645,2025-08-11,5190000,경상북도 청도군
덕양2리 경로당,경상북도,청도군,경상북도 청도군 풍각면 송덕길 112,,35.63119244,128.6205789,,,054-370-2645,2025-08-11,5190000,경상북도 청도군
봉기2리 경로당,경상북도,청도군,경상북도 청도군 풍각면 봉기로 113,,35.64027131,128.610872,,,054-370-2645,2025-08-11,5190000,경상북도 청도군
송서2리 경로당,경상북도,청도군,경상북도 청도군 풍각면 송서6길 24-1,,35.64355112,128.6186012,,,054-370-2645,2025-08-11,5190000,경상북도 청도군
오산1리 경로당,경상북도,청도군,경상북도 청도군 각북면 헐티로 1112,,35.70917217,128.5767037,,,054-370-2645,2025-08-11,5190000,경상북도 청도군
지슬2리 경로당,경상북도,청도군,경상북도 청도군 각북면 지슬3길 13,,35.71754328,128.595198,,,054-370-2645,2025-08-11,5190000,경상북도 청도군
화리 경로당,경상북도,청도군,경상북도 청도군 각남면 화리길 97,,35.64144003,128.6817336,,,054-370-2645,2025-08-11,5190000,경상북도 청도군
예리면분회 경로당,경상북도,청도군,경상북도 청도군 각남면 예리2길 28,,35.64488388,128.6593054,,,054-370-2645,2025-08-11,5190000,경상북도 청도군
서상2리 경로당,경상북도,청도군,경상북도 청도군 화양읍 비석길 27,,35.65488361,128.6954215,,,054-370-2645,2025-08-11,5190000,경상북도 청도군
사촌2리 경로당,경상북도,청도군,경상북도 청도군 청도읍 사촌2길 8,,35.57809758,128.7943452,,,054-370-2645,2025-08-11,5190000,경상북도 청도군
원정2리 경로당,경상북도,청도군,경상북도 청도군 청도읍 원정1길 3-8,,35.64817148,128.7567092,,,054-370-2645,2025-08-11,5190000,경상북도 청도군
햇빛약국,경상북도,청도군,경상북도 청도군 청도읍 청화로 154,,35.64369375,128.7426442,,,054-370-2645,2025-08-11,5190000,경상북도 청도군
우리들약국,경상북도,청도군,경상북도 청도군 이서면 학산1길 45-1,,35.66242023,128.6672518,,,054-370-2645,2025-08-11,5190000,경상북도 청도군
사랑약국,경상북도,청도군,경상북도 청도군 화양읍 청화로 79-5,,35.64837034,128.7365895,,,054-370-2645,2025-08-11,5190000,경상북도 청도군
청도약국,경상북도,청도군,경상북도 청도군 청도읍 청화로 82,,35.64752834,128.7362813,,,054-370-2645,2025-08-11,5190000,경상북도 청도군
소망약국,경상북도,청도군,경상북도 청도군 청도읍 청화로 193,,35.64182536,128.7459188,,,054-370-2645,2025-08-11,5190000,경상북도 청도군
장수약국,경상북도,청도군,경상북도 청도군 청도읍 청화로 195,,35.64164994,128.7458666,,,054-370-2645,2025-08-11,5190000,경상북도 청도군
연합약국,경상북도,청도군,경상북도 청도군 청도읍 청화로 99,,35.64727398,128.7382585,,,054-370-2645,2025-08-11,5190000,경상북도 청도군
풍각약국,경상북도,청도군,경상북도 청도군 풍각면 송서11길 6,,35.64060711,128.615740,,,054-370-2645,2025-08-11,5190000,경상북도 청도군
세종약국,경상북도,청도군,경상북도 청도군 청도읍 청화로 106,,35.64662823,128.7385023627,,,054-370-2645,2025-08-11,5190000,경상북도 청도군
대한약국,경상북도,청도군,경상북도 청도군 풍각면 봉기로 150,,35.6407121,128.6149608,,,054-370-2645,2025-08-11,5190000,경상북도 청도군
영남약국,경상북도,청도군,경상북도 청도군 청도읍 중앙로 5,,35.64285287,128.7450472,,,054-370-2645,2025-08-11,5190000,경상북도 청도군
용암약국,경상북도,청도군,경상북도 청도군 청도읍 청화로 187-1,,35.64205989,128.7453617,,,054-370-2645,2025-08-11,5190000,경상북도 청도군
화산약국,경상북도,청도군,경상북도 청도군 청도읍 청화로 179,,35.6425982,128.7447177,,,054-370-2645,2025-08-11,5190000,경상북도 청도군
우리약국,경상북도,청도군,경상북도 청도군 화양읍 청화로 77,,35.6479209,128.7361611,,,054-370-2645,2025-08-11,5190000,경상북도 청도군
대구약국,경상북도,청도군,경상북도 청도군 풍각면 송서11길 5,,35.64049812,128.6161391,,,054-370-2645,2025-08-11,5190000,경상북도 청도군
혜성약국,경상북도,청도군,경상북도 청도군 금천면 금천로 28,,35.69172599,128.8926583,,,054-370-2645,2025-08-11,5190000,경상북도 청도군
관하보건진료소,경상북도,청도군,경상북도 청도군 매전면 원정자길 13,,35.7059727,128.819219,,,054-370-2645,2025-08-11,5190000,경상북도 청도군
지전보건진료소,경상북도,청도군,경상북도 청도군 매전면 지전길 3-18,,35.60871558,128.8125505,,,054-370-2645,2025-08-11,5190000,경상북도 청도군
박곡보건진료소,경상북도,청도군,경상북도 청도군 금천면 박곡1길 5,,35.66879284,128.9151232,,,054-370-2645,2025-08-11,5190000,경상북도 청도군
봉하보건진료소,경상북도,청도군,경상북도 청도군 운문면 구룡로 1358,,35.80624769,128.9684467,,,054-370-2645,2025-08-11,5190000,경상북도 청도군
양원보건진료소,경상북도,청도군,경상북도 청도군 이서면 양원길 61-4,,35.68855091,128.6861828474,,,054-370-2645,2025-08-11,5190000,경상북도 청도군
덕촌보건진료소,경상북도,청도군,경상북도 청도군 각북면 덕촌3길 12,,35.70667987,128.5820892,,,054-370-2645,2025-08-11,5190000,경상북도 청도군
금곡보건진료소,경상북도,청도군,경상북도 청도군 풍각면 금동길 39,,35.63681451,128.5530874,,,054-370-2645,2025-08-11,5190000,경상북도 청도군
옥산보건진료소,경상북도,청도군,경상북도 청도군 각남면 녹명1길 43,,35.62887666,128.6375373,,,054-370-2645,2025-08-11,5190000,경상북도 청도군
삼신보건진료소,경상북도,청도군,경상북도 청도군 화양읍 다로1길 18,,35.70322544,128.7155002,,,054-370-2645,2025-08-11,5190000,경상북도 청도군
유호보건진료소,경상북도,청도군,경상북도 청도군 청도읍 유천길 83,,35.57185803,128.7687944,,,054-370-2645,2025-08-11,5190000,경상북도 청도군
매전보건지소,경상북도,청도군,경상북도 청도군 매전면 청려로 3679,,35.66670538,128.8544882,,,054-370-2645,2025-08-11,5190000,경상북도 청도군
금천보건지소,경상북도,청도군,경상북도 청도군 금천면 선암로 575,,35.68718156,128.8924163,,,054-370-2645,2025-08-11,5190000,경상북도 청도군
운문보건지소,경상북도,청도군,경상북도 청도군 운문면 대천2길 13,,35.71631434,128.9125879,,,054-370-2645,2025-08-11,5190000,경상북도 청도군
이서보건지소,경상북도,청도군,경상북도 청도군 이서면 학산길 17-7,,35.66229831,128.6659628,,,054-370-2645,2025-08-11,5190000,경상북도 청도군
각북보건지소,경상북도,청도군,경상북도 청도군 각북면 헐티로 801,,35.68730359,128.5892764,,,054-370-2645,2025-08-11,5190000,경상북도 청도군
풍각보건지소,경상북도,청도군,경상북도 청도군 풍각면 송서로 81,,35.63974752,128.6197627,,,054-370-2645,2025-08-11,5190000,경상북도 청도군
각남보건지소,경상북도,청도군,경상북도 청도군 각남면 예리2길 11,,35.64360655,128.6593006,,,054-370-2645,2025-08-11,5190000,경상북도 청도군
화양보건지소,경상북도,청도군,경상북도 청도군 화양읍 도주관로 206,,35.65078394,128.7109051,,,054-370-2645,2025-08-11,5190000,경상북도 청도군
청도군보건소,경상북도,청도군,경상북도 청도군 화양읍 청화로 79-11,,35.64862586,128.7372613,,,054-370-2645,2025-08-11,5190000,경상북도 청도군
문현베스티움 아파트,부산광역시,남구,부산광역시 남구 고동골로 29,부산광역시 남구 문현동 1234,35.1401990,129.0704430,103동 노인정 앞,,051-647-9037,2025-08-12,3310000,부산광역시 남구
데시앙해링턴 플레이스 파크시티 아파트,부산광역시,남구,부산광역시 남구 용주로 36,부산광역시 남구 용호동 980,35.1119480,129.1138030,103동 지하2층 커뮤니티 앞,,051-622-2212,2025-08-12,3310000,부산광역시 남구
현대비치아파트,부산광역시,남구,부산광역시 남구 용호로42번길 14,부산광역시 남구 용호동 181-1,35.1267740,129.1084370,재활용품장,,051-611-1884,2025-08-12,3310000,부산광역시 남구
대연파크푸르지오 아파트,부산광역시,남구,부산광역시 남구 홍곡로 360,부산광역시 남구 대연동 1893,35.1243270,129.0900840,정문 앞 107동 재활용품장,,051-627-8882,2025-08-12,3310000,부산광역시 남구
대연자이 아파트,부산광역시,남구,부산광역시 남구 유엔로 246,부산광역시 남구 대연동 1912,35.1298630,129.1036730,107동 4호라인 관리사무소 앞,,051-714-6422,2025-08-12,3310000,부산광역시 남구
남구국민체육센터 2관,부산광역시,남구,부산광역시 남구 백운포로 108,부산광역시 남구 용호동 895-18,35.1039320,129.1095120,1층,,051-626-8200,2025-08-12,3310000,부산광역시 남구
남구국민체육센터 1관,부산광역시,남구,부산광역시 남구 백운포로 110,부산광역시 남구 용호동 895-18,35.1037300,129.1079350,1층,,051-626-8200,2025-08-12,3310000,부산광역시 남구
오륙도인생후반전지원센터,부산광역시,남구,부산광역시 남구 이기대공원로 18,부산광역시 남구 용호동 23,35.1244760,129.1149890,3층 안내데스크 앞,,051-628-5060,2025-08-12,3310000,부산광역시 남구
분포도서관,부산광역시,남구,부산광역시 남구 분포로 97,부산광역시 남구 용호동 176-87,35.1320760,129.1152190,도서관 입구,,051-607-3640,2025-08-12,3310000,부산광역시 남구
용호1동 현장민원실,부산광역시,남구,부산광역시 남구 신선로 566-2,부산광역시 남구 용호동 176-64,35.1305250,129.1120880,민원실 입구,,051-607-4844,2025-08-12,3310000,부산광역시 남구
대동골문화센터,부산광역시,남구,부산광역시 남구 황령대로319번가길 147,부산광역시 남구 대연동 245-170,35.1524350,129.0890100,2층 출입구,,051-607-3380,2025-08-12,3310000,부산광역시 남구
지게골복지관,부산광역시,남구,부산광역시 남구 지게골로 139-33,부산광역시 남구 문현동 271-16,35.1343760,129.0760450,복지관 입구,,051-647-0136,2025-08-12,3310000,부산광역시 남구
남구노인복지관,부산광역시,남구,부산광역시 남구 못골로 97-10,부산광역시 남구 대연동 1346,35.1363890,129.0932900,복지관 입구,,051-628-1291,2025-08-12,3310000,부산광역시 남구
남구장애인복지관,부산광역시,남구,부산광역시 남구 조각공원로11번길 38,부산광역시 남구 대연동 567-16,35.12923682,129.0992147,복지관 입구,,051-626-6990,2025-08-12,3310000,부산광역시 남구
용호종합사회복지관,부산광역시,남구,부산광역시 남구 이기대공원로 7,부산광역시 남구 용호동 36-7,35.12456401,129.1134812,복지관 입구,,051-628-6737,2025-08-12,3310000,부산광역시 남구
감만종합사회복지관,부산광역시,남구,부산광역시 남구 우암로 84-1,부산광역시 남구 감만동 78,35.11844574,129.0813278,복지관 입구,,051-634-3415,2025-08-12,3310000,부산광역시 남구
남구종합사회복지관,부산광역시,남구,부산광역시 남구 동제당로 258,부산광역시 남구 우암동 129-339,35.12717198,129.0749074,복지관 입구,,051-647-3655,2025-08-12,3310000,부산광역시 남구
문현4동 행정복지센터,부산광역시,남구,부산광역시 남구 수영로 12,부산광역시 남구 문현동 366-18,35.13619559,129.0691279,민원실 입구,,051-607-6961,2025-08-12,3310000,부산광역시 남구
문현3동 행정복지센터,부산광역시,남구,부산광역시 남구 고동골로4번길 7-18,부산광역시 남구 문현동 205-44,35.13814557,129.0716877,민원실 입구,,051-607-6941,2025-08-12,3310000,부산광역시 남구
문현2동 행정복지센터,부산광역시,남구,부산광역시 남구 전포대로92번길 31-7,부산광역시 남구 문현동 546-42,35.14527179,129.0686869,민원실 입구,,051-607-6921,2025-08-12,3310000,부산광역시 남구
문현1동 행정복지센터,부산광역시,남구,부산광역시 남구 고동골로60번길,부산광역시 남구 문현동 127-10,35.14253417,129.0713224,민원실 입구,,051-607-6901,2025-08-12,3310000,부산광역시 남구
우암동 행정복지센터,부산광역시,남구,부산광역시 남구 동제당로 368,부산광역시 남구 우암동 152-1,35.12506764,129.0767711,1층 계단 입구 옆,,051-607-6861,2025-08-12,3310000,부산광역시 남구
감만2동 행정복지센터,부산광역시,남구,부산광역시 남구 석포로 32-1,부산광역시 남구 감만동 20-58,35.1225211,129.084539,민원실 입구,,051-607-6841,2025-08-12,3310000,부산광역시 남구
감만1동 행정복지센터,부산광역시,남구,부산광역시 남구 우암로 71-7,부산광역시 남구 감만동 141-3,35.11683749,129.0806476,민원실 입구,,051-607-6821,2025-08-12,3310000,부산광역시 남구
용당동 행정복지센터,부산광역시,남구,부산광역시 남구 신선로 349-4,부산광역시 남구 용당동 401-1,35.11764739,129.0950541,민원실 입구,,051-607-6801,2025-08-12,3310000,부산광역시 남구
용호4동 행정복지센터,부산광역시,남구,부산광역시 남구 용호로216번길 10,부산광역시 남구 용호동 533-23,35.11320766,129.1104084,민원실 입구,,051-607-6781,2025-08-12,3310000,부산광역시 남구
용호3동 행정복지센터,부산광역시,남구,부산광역시 남구 동명로145번길 33,부산광역시 남구 용호동 371-2,35.12101951,129.1128084,민원실 입구,,051-607-6762,2025-08-12,3310000,부산광역시 남구
용호2동 행정복지센터,부산광역시,남구,부산광역시 남구 용호로197번길 41,부산광역시 남구 용호동 517-19,35.11483084,129.1134273,민원실 입구,,051-607-6741,2025-08-12,3310000,부산광역시 남구
용호1동 행정복지센터,부산광역시,남구,부산광역시 남구 용호로42번길 140,부산광역시 남구 용호동 414-47,35.12079303,129.1090285,민원실 입구,,051-607-6721,2025-08-12,3310000,부산광역시 남구
대연6동 행정복지센터,부산광역시,남구,부산광역시 남구 못골로 13,부산광역시 남구 대연동 1888,35.1372627,129.0831063,민원실 입구,,051-607-6701,2025-08-12,3310000,부산광역시 남구
대연5동 행정복지센터,부산광역시,남구,부산광역시 남구 진남로46번길 7,부산광역시 남구 대연동 1463-1,35.13845516,129.0901611,민원실 입구,,051-607-6681,2025-08-12,3310000,부산광역시 남구
대연4동 행정복지센터,부산광역시,남구,부산광역시 남구 석포로91번길 96,부산광역시 남구 대연동 1020-2,35.12980843,129.0914149,민원실 입구,,051-607-6661,2025-08-12,3310000,부산광역시 남구
대연3동 행정복지센터,부산광역시,남구,부산광역시 남구 수영로 345,부산광역시 남구 대연동 1858,35.13988755,129.1035504,민원실 입구,,051-607-6641,2025-08-12,3310000,부산광역시 남구
대연1동 행정복지센터,부산광역시,남구,부산광역시 남구 유엔평화로 24,부산광역시 남구 대연동 984-20,35.13285317,129.0917652,민원실 입구,,051-607-6601,2025-08-12,3310000,부산광역시 남구
부산광역시남구보건소,부산광역시,남구,부산광역시 남구 못골로 23,부산광역시 남구 대연동 1268-3,35.13606784,129.0849507,1층 출입구,,051-607-6401,2025-08-12,3310000,부산광역시 남구
부산광역시남구청,부산광역시,남구,부산광역시 남구 못골로 19,부산광역시 남구 대연동 1268-1,35.13651595,129.0844346,2층 민원실 입구,,051-607-4000,2025-08-12,3310000,부산광역시 남구
호암천사약국,충청북도,충주시,"충청북도 충주시 호암수청1길 5, 1층 2호 (호암동)",충청북도 충주시 호암동 1036,36.95610026,127.9226358,약국,,043-850-3423,2025-07-31,4390000,충청북도 충주시
호암종로약국,충청북도,충주시,"충청북도 충주시 사천개1길 2, 청보테라스타워 1층 108,109호 (호암동)",충청북도 충주시 호암동 1205,36.95579245,127.9356281,약국,,043-850-3423,2025-07-31,4390000,충청북도 충주시
호암장수약국,충청북도,충주시,"충청북도 충주시 호암수청2로 15, 1층 104호 (호암동)",충청북도 충주시 호암동 1016,36.9566147,127.9238593,약국,,043-850-3423,2025-07-31,4390000,충청북도 충주시
현대약국,충청북도,충주시,충청북도 충주시 예성로 392 (연수동),충청북도 충주시 연수동 665-3,36.99119874,127.9343744,약국,,043-850-3423,2025-07-31,4390000,충청북도 충주시
행복한약국,충청북도,충주시,충청북도 충주시 봉계1길 60 (칠금동),충청북도 충주시 칠금동856,36.9815629,127.9159944,약국,,043-850-3423,2025-07-31,4390000,충청북도 충주시
행복약국,충청북도,충주시,충청북도 충주시 중앙로 101-10 (성내동),충청북도 충주시 성내동 91,36.97293226,127.9347604,약국,,043-850-3423,2025-07-31,4390000,충청북도 충주시
한마음약국,충청북도,충주시,충청북도 충주시 국원대로 179 (금릉동),충청북도 충주시 금릉동 864,36.98770762,127.9280303,약국,,043-850-3423,2025-07-31,4390000,충청북도 충주시
하나약국,충청북도,충주시,충청북도 충주시 탄금대로 138 (봉방동),충청북도 충주시 봉방동 81-5,36.98000345,127.9153783,약국,,043-850-3423,2025-07-31,4390000,충청북도 충주시
파티마약국,충청북도,충주시,충청북도 충주시 봉계1길 52 (칠금동),충청북도 충주시 칠금동 852,36.981067,127.9156242,약국,,043-850-3423,2025-07-31,4390000,충청북도 충주시
튼튼약국,충청북도,충주시,충청북도 충주시 계명대로 233 (연수동),충청북도 충주시 연수동 1496,36.98277603,127.9406046,약국,,043-850-3423,2025-07-31,4390000,충청북도 충주시
큰사랑약국,충청북도,충주시,충청북도 충주시 신립로 74 (칠금동),충청북도 충주시 칠금동 603,36.98655044,127.9220776,약국,,043-850-3423,2025-07-31,4390000,충청북도 충주시
친절한푸른약국,충청북도,충주시,"충청북도 충주시 봉계1길 42 (봉방동, 덕영빌딩)",충청북도 충주시 봉방동 81-1,36.9802869421,127.9149623,약국,,043-850-3423,2025-07-31,4390000,충청북도 충주시
충주프라자약국,충청북도,충주시,충청북도 충주시  봉계1길  49 (칠금동),충청북도 충주시 칠금동 849,36.9816000753,127.9143656,약국,,043-850-3423,2025-07-31,4390000,충청북도 충주시
충주큰길약국,충청북도,충주시,충청북도 충주시 약막7길 44-11 (안림동),충청북도 충주시 안림동 134-29,36.97892962,127.9694523,약국,,043-850-3423,2025-07-31,4390000,충청북도 충주시
충주건강약국,충청북도,충주시,충청북도 충주시 광명1길 4 (교현동),충청북도 충주시 교현동 619-9,36.97863358,127.9292518,약국,,043-850-3423,2025-07-31,4390000,충청북도 충주시
충주 솔약국,충청북도,충주시,충청북도 충주시 중심3길 6 (문화동),충청북도 충주시 문화동 602번지,36.973639,127.925763,약국,,043-850-3423,2025-07-31,4390000,충청북도 충주시
충일약국,충청북도,충주시,충청북도 충주시 충인2길 11 (충의동),충청북도 충주시 충의동 211,36.97392998,127.9301209,약국,,043-850-3423,2025-07-31,4390000,충청북도 충주시
천일약국,충청북도,충주시,충청북도 충주시 탄금대로 8-1 (문화동),충청북도 충주시 문화동 749,36.97351383,127.927392,약국,,043-850-3423,2025-07-31,4390000,충청북도 충주시
중원당약국,충청북도,충주시,충청북도 충주시 주덕읍 주덕1길 2,충청북도 충주시 주덕읍 신양리 172-6,36.97377182,127.798340,약국,,043-850-3423,2025-07-31,4390000,충청북도 충주시
중앙약국,충청북도,충주시,충청북도 충주시 성서8길 24(성서동),충청북도 충주시 성서동 267,36.97153427,127.9325995857,약국,,043-850-3423,2025-07-31,4390000,충청북도 충주시
주덕약국,충청북도,충주시,충청북도 충주시 주덕읍 신양로 121,충청북도 충주시 주덕읍 신양리 162-6,36.97370316,127.8003843,약국,,043-850-3423,2025-07-31,4390000,충청북도 충주시
주덕늘푸름약국,충청북도,충주시,충청북도 충주시 주덕읍 신양로 126-1,충청북도 충주시 주덕읍 신양리 141-2,36.97353306,127.8010586,약국,,043-850-3423,2025-07-31,4390000,충청북도 충주시
정다운약국,충청북도,충주시,충청북도 충주시 중앙로 80 (성서동),충청북도 충주시 성서동 228,36.97221892,127.9321778,약국,,043-850-3423,2025-07-31,4390000,충청북도 충주시
장춘당약국,충청북도,충주시,충청북도 충주시 중앙로 59 (충의동),충청북도 충주시 충의동 301,36.97309184,127.930043,약국,,043-850-3423,2025-07-31,4390000,충청북도 충주시
장수약국,충청북도,충주시,충청북도 충주시 만리산로 22 (교현동),충청북도 충주시 교현동 149-2,36.9743961,127.9425765,약국,,043-850-3423,2025-07-31,4390000,충청북도 충주시
이수약국,충청북도,충주시,충청북도 충주시 국원대로 187 (금릉동),충청북도 충주시 금릉동 861,36.9882532,127.9279797299,약국,,043-850-3423,2025-07-31,4390000,충청북도 충주시
의림약국,충청북도,충주시,충청북도 충주시 앙성면 가곡로 1034 (하나의원),충청북도 충주시 앙성면 용포리 91-29,37.10758193,127.7536128,약국,,043-850-3423,2025-07-31,4390000,충청북도 충주시
은성약국,충청북도,충주시,충청북도 충주시 천변로 169 (교현동),충청북도 충주시 교현동 614-3,36.97675785,127.9271336108,약국,,043-850-3423,2025-07-31,4390000,충청북도 충주시
으뜸약국,충청북도,충주시,충청북도 충주시 예성로 395 (연수동),충청북도 충주시 연수동 689,36.99155889,127.9337787,약국,,043-850-3423,2025-07-31,4390000,충청북도 충주시
우리들온누리약국,충청북도,충주시,충청북도 충주시 계명대로 19 (칠금동),충청북도 충주시 칠금동 836,36.9826357,127.9165886,약국,,043-850-3423,2025-07-31,4390000,충청북도 충주시
용산약국,충청북도,충주시,충청북도 충주시 거룡2길 77 (용산동),충청북도 충주시 용산동 746,36.96468765,127.9368449,약국,,043-850-3423,2025-07-31,4390000,충청북도 충주시
온누리임약국,충청북도,충주시,충청북도 충주시 탄금대로 2-1 (문화동),충청북도 충주시 문화동 762,36.97320776,127.9279314,약국,,043-850-3423,2025-07-31,4390000,충청북도 충주시
온누리약국,충청북도,충주시,충청북도 충주시 중앙로 73 (충인동),충청북도 충주시 충인동 310,36.97284043,127.9316493,약국,,043-850-3423,2025-07-31,4390000,충청북도 충주시
열린약국,충청북도,충주시,충청북도 충주시 계명대로 30 (칠금동),충청북도 충주시 칠금동867,36.98209572,127.9176338,약국,,043-850-3423,2025-07-31,4390000,충청북도 충주시
연수우리동네약국,충청북도,충주시,"충청북도 충주시 갱고개로 219, 1층 (연수동)",충청북도 충주시 연수동 590-3,36.9905701,127.9385203,약국,,043-850-3423,2025-07-31,4390000,충청북도 충주시
연세약국,충청북도,충주시,충청북도 충주시 남산로 103 (용산동),충청북도 충주시 용산동1673,36.9619695,127.9437423,약국,,043-850-3423,2025-07-31,4390000,충청북도 충주시
엄정약국,충청북도,충주시,충청북도 충주시 엄정면 토끼미1길 29,충청북도 충주시 엄정면 용산리 467,37.08648409,127.9146658,약국,,043-850-3423,2025-07-31,4390000,충청북도 충주시
안재경약국,충청북도,충주시,충청북도 충주시 국원대로 184 (연수동),충청북도 충주시 연수동 881,36.98800535,127.9286029,약국,,043-850-3423,2025-07-31,4390000,충청북도 충주시
아프지마 약국,충청북도,충주시,충청북도 충주시 호암수청2로 10,충청북도 충주시 호암동 1026,36.95647223,127.9229085,약국,,043-850-3423,2025-07-31,4390000,충청북도 충주시
신태평양약국,충청북도,충주시,충청북도 충주시 번영대로 121 (연수동),충청북도 충주시 연수동 920,36.98745718,127.931277,약국,,043-850-3423,2025-07-31,4390000,충청북도 충주시
신양약국,충청북도,충주시,충청북도 충주시 주덕읍 신양로 120,충청북도 충주시 주덕읍 신양리 138-9,36.97316242,127.8003632,약국,,043-850-3423,2025-07-31,4390000,충청북도 충주시
스타약국,충청북도,충주시,충청북도 충주시 남산로 73 (용산동),충청북도 충주시 용산동 1632,36.96183271,127.9403509,약국,,043-850-3423,2025-07-31,4390000,충청북도 충주시
수정약국,충청북도,충주시,"충청북도 충주시 연수동산로2길 1, 1층 (연수동)",충청북도 충주시 연수동 1615,36.98573138,127.939625,약국,,043-850-3423,2025-07-31,4390000,충청북도 충주시
수안보약국,충청북도,충주시,충청북도 충주시 수안보면 물탕2길 24,충청북도 충주시 수안보면 온천리 249-13,36.84700936,127.9918546775,약국,,043-850-3423,2025-07-31,4390000,충청북도 충주시
수사랑약국,충청북도,충주시,충청북도 충주시 번영대로 176 (연수동),충청북도 충주시 연수동 1385,36.98691962,127.9370516,약국,,043-850-3423,2025-07-31,4390000,충청북도 충주시
송강약국,충청북도,충주시,충청북도 충주시 산척면 천등박달로 135,충청북도 충주시 산척면 송강리1257-1,37.08039639,127.9561754,약국,,043-850-3423,2025-07-31,4390000,충청북도 충주시
세원약국,충청북도,충주시,충청북도 충주시 연수상가3길 6 (연수동),충청북도 충주시 연수동 914,36.98791642,127.9306476,약국,,043-850-3423,2025-07-31,4390000,충청북도 충주시
성일약국,충청북도,충주시,충청북도 충주시 형설로 98 (용산동),충청북도 충주시 용산동 1617,36.96267954,127.939800,약국,,043-850-3423,2025-07-31,4390000,충청북도 충주시
성인약국,충청북도,충주시,"충청북도 충주시 주공길 10, 1층 106호 (연수동, 연수주공아파트)",충청북도 충주시 연수동 1231,36.9881750174,127.9372361402,약국,,043-850-3423,2025-07-31,4390000,충청북도 충주시
성모약국,충청북도,충주시,충청북도 충주시 중앙로 71 (충의동),충청북도 충주시 충의동366,36.97289427,127.931245,약국,,043-850-3423,2025-07-31,4390000,충청북도 충주시
설약국,충청북도,충주시,충청북도 충주시 봉계1길 64 (칠금동),충청북도 충주시 칠금동 859,36.9819867,127.9163534,약국,,043-850-3423,2025-07-31,4390000,충청북도 충주시
서충주약국,충청북도,충주시,"충청북도 충주시 중앙탑면 원앙9길 18-2, 센텀빌딩 지1층",충청북도 충주시 중앙탑면 용전리 681,37.01685439,127.8256364,약국,,043-850-3423,2025-07-31,4390000,충청북도 충주시
새충주약국,충청북도,충주시,충청북도 충주시 계명대로 23 (칠금동),충청북도 충주시 칠금동 838,36.98263594,127.9169256,약국,,043-850-3423,2025-07-31,4390000,충청북도 충주시
새아람약국,충청북도,충주시,충청북도 충주시 봉계1길 62 (칠금동),충청북도 충주시 칠금동 858,36.98185142,127.9162075,약국,,043-850-3423,2025-07-31,4390000,충청북도 충주시
새봄약국,충청북도,충주시,충청북도 충주시 광명2길 4 (교현동),충청북도 충주시 교현동 618-6,36.97845303,127.9287128,약국,,043-850-3423,2025-07-31,4390000,충청북도 충주시
비타민약국,충청북도,충주시,"충청북도 충주시 사직로 281, 1층 (안림동)",충청북도 충주시 안림동 1129-3,36.96899791,127.9421873,약국,,043-850-3423,2025-07-31,4390000,충청북도 충주시
북문약국,충청북도,충주시,충청북도 충주시 중앙로 17 (문화동),충청북도 충주시 문화동 599,36.97298082,127.9252248,약국,,043-850-3423,2025-07-31,4390000,충청북도 충주시
봄사랑약국,충청북도,충주시,충청북도 충주시 사직로 234 (성남동),충청북도 충주시 성남동 187,36.9691215,127.9370098,약국,,043-850-3423,2025-07-31,4390000,충청북도 충주시
보경약국,충청북도,충주시,충청북도 충주시 중앙로 49 (문화동),충청북도 충주시 문화동 801,36.97306411,127.9288525,약국,,043-850-3423,2025-07-31,4390000,충청북도 충주시
보건약국,충청북도,충주시,충청북도 충주시 충인5길 13-1 (충인동),충청북도 충주시 충인동 223,36.97392271,127.9332208,약국,,043-850-3423,2025-07-31,4390000,충청북도 충주시
바른약국,충청북도,충주시,충청북도 충주시 계명대로 22 (칠금동),충청북도 충주시 칠금동 862,36.98215825,127.916825,약국,,043-850-3423,2025-07-31,4390000,충청북도 충주시
민들레약국,충청북도,충주시,충청북도 충주시 번영대로 239 (연수동),충청북도 충주시 연수동 1337,36.9874278,127.9442857,약국,,043-850-3423,2025-07-31,4390000,충청북도 충주시
미약국,충청북도,충주시,충청북도 충주시 계명대로 229 (연수동),충청북도 충주시 연수동 1492,36.98275775,127.9400766,약국,,043-850-3423,2025-07-31,4390000,충청북도 충주시
미래수약국,충청북도,충주시,"충청북도 충주시 계명대로 253, 1층 (연수동)",충청북도 충주시 연수동 1634-1,36.98285819,127.9428062,약국,,043-850-3423,2025-07-31,4390000,충청북도 충주시
목행약국,충청북도,충주시,충청북도 충주시 행정13길 5 (목행동),충청북도 충주시 목행동 597-5,37.01452842,127.917251,약국,,043-850-3423,2025-07-31,4390000,충청북도 충주시
모자연약국,충청북도,충주시,충청북도 충주시 중앙탑면 중앙탑길 145,충청북도 충주시 중앙탑면 탑평리 27-3,37.0209125,127.8624448,약국,,043-850-3423,2025-07-31,4390000,충청북도 충주시
명생약국,충청북도,충주시,충청북도 충주시 예성로 177 (충인동),충청북도 충주시 충인동 391,36.9728009681,127.9336037,약국,,043-850-3423,2025-07-31,4390000,충청북도 충주시
명보약국,충청북도,충주시,충청북도 충주시 대소원면 대학로 2,충청북도 충주시 대소원면 만정리 195-10,36.96300411,127.8710717,약국,,043-850-3423,2025-07-31,4390000,충청북도 충주시
명문약국,충청북도,충주시,충청북도 충주시 봉계1길 66 (칠금동),충청북도 충주시 칠금동 860,36.98212196,127.9164768,약국,,043-850-3423,2025-07-31,4390000,충청북도 충주시
명기약국,충청북도,충주시,충청북도 충주시 번영대로 182 (연수동),충청북도 충주시 연수동 1383,36.986884,127.9378941,약국,,043-850-3423,2025-07-31,4390000,충청북도 충주시
드림약국,충청북도,충주시,충청북도 충주시 국원대로 72 (교현동),충청북도 충주시 교현동 616-5,36.97766878,127.9283316,약국,,043-850-3423,2025-07-31,4390000,충청북도 충주시
동해물약국,충청북도,충주시,"충청북도 충주시 남산로 74 (용산동, 충주농협용산지점)",충청북도 충주시 용산동 1641,36.96152637,127.9404747,약국,,043-850-3423,2025-07-31,4390000,충청북도 충주시
대학약국,충청북도,충주시,충청북도 충주시 국원대로 78 (교현동),충청북도 충주시 교현동 618-5,36.9784439,127.9285106,약국,,043-850-3423,2025-07-31,4390000,충청북도 충주시
대소원온누리약국,충청북도,충주시,충청북도 충주시 대소원면 쇠실로 1016,충청북도 충주시 대소원면 대소리 155-3,36.97504845,127.8189807,약국,,043-850-3423,2025-07-31,4390000,충청북도 충주시
다나은약국,충청북도,충주시,"충청북도 충주시 충인2길 6-1, 1층 (충의동)",충청북도 충주시 충의동 291,36.97337139,127.9303572,약국,,043-850-3423,2025-07-31,4390000,충청북도 충주시
늘품약국,충청북도,충주시,충청북도 충주시 번영대로 195 (연수동),충청북도 충주시 연수동 1308-6,36.98739852,127.939590,약국,,043-850-3423,2025-07-31,4390000,충청북도 충주시
남산태평양약국,충청북도,충주시,충청북도 충주시 남산4길 52 (교현동),충청북도 충주시 교현동 981,36.96644883,127.9448509,약국,,043-850-3423,2025-07-31,4390000,충청북도 충주시
기린수한약국,충청북도,충주시,충청북도 충주시 예성로 129 (용산동),충청북도 충주시 용산동 10,36.9684076,127.9333042,약국,,043-850-3423,2025-07-31,4390000,충청북도 충주시
그린프라자약국,충청북도,충주시,충청북도 충주시 앙성면 용당1길 30,충청북도 충주시 앙성면 용대리 277-3,37.10727369,127.7571017,약국,,043-850-3423,2025-07-31,4390000,충청북도 충주시
권약국,충청북도,충주시,충청북도 충주시 예성로 186 (성내동),충청북도 충주시 성내동 53,36.972878,127.9343957293,약국,,043-850-3423,2025-07-31,4390000,충청북도 충주시
교현충일약국,충청북도,충주시,충청북도 충주시 광명1길 2 (교현동),충청북도 충주시 교현동 619-14,36.97848038,127.9292631,약국,,043-850-3423,2025-07-31,4390000,충청북도 충주시
감초약국,충청북도,충주시,충청북도 충주시 예성4길 52 (교현동),충청북도 충주시 교현동 593-1,36.97559001,127.9334553,약국,,043-850-3423,2025-07-31,4390000,충청북도 충주시
가까운약국,충청북도,충주시,"충청북도 충주시 중앙로 67, 신천지타운 102호 (충의동)",충청북도 충주시 충의동 360,36.97311935,127.9308629,약국,,043-850-3423,2025-07-31,4390000,충청북도 충주시
복탄보건진료소,충청북도,충주시,충청북도 충주시 소태면 덕은로 756,충청북도 충주시 소태면 복탄리 685-6,37.11459678,127.8220244,보건진료소 내,,043-850-3423,2025-07-31,4390000,충청북도 충주시
앙암보건진료소,충청북도,충주시,충청북도 충주시 앙성면 앙암로 679,충청북도 충주시 앙성면 모점리 33-7,37.16005847,127.7462587,보건진료소 내,,043-850-3423,2025-07-31,4390000,충청북도 충주시
추평보건진료소,충청북도,충주시,충청북도 충주시 엄정면 가춘리길 65,충청북도 충주시 엄정면 추평리 497-1,37.12740447,127.9291229,보건진료소 내,,043-850-3423,2025-07-31,4390000,충청북도 충주시
명서보건진료소,충청북도,충주시,충청북도 충주시 산척면 인등로 585-6,충청북도 충주시 산척면 명서리 611-37,37.07149694,128.0210255,보건진료소 내,,043-850-3423,2025-07-31,4390000,충청북도 충주시
대전보건진료소,충청북도,충주시,충청북도 충주시 동량면 내동1길 19,충청북도 충주시 동량면 대전리 296-3,37.05370862,127.9531347,보건진료소 내,,043-850-3423,2025-07-31,4390000,충청북도 충주시
개천안보건진료소,충청북도,충주시,충청북도 충주시 동량면 호반로 367,충청북도 충주시 동량면 손동리 848-9,37.03172751,128.011643,보건진료소 내,,043-850-3423,2025-07-31,4390000,충청북도 충주시
오석보건진료소,충청북도,충주시,충청북도 충주시 금가면 김생로 750,충청북도 충주시 금가면 오석리 634-1,37.01053674,127.8792708,보건진료소 내,,043-850-3423,2025-07-31,4390000,충청북도 충주시
수룡보건진료소,충청북도,충주시,충청북도 충주시 노은면 원모롱이길 19,충청북도 충주시 노은면 수룡리 577-3,37.04412012,127.8008412,보건진료소 내,,043-850-3423,2025-07-31,4390000,충청북도 충주시
안락보건진료소,충청북도,충주시,충청북도 충주시 노은면 대덕길 26,충청북도 충주시 노은면 안락리 87-2,37.05169568,127.7167596421,보건진료소 내,,043-850-3423,2025-07-31,4390000,충청북도 충주시
매현보건진료소,충청북도,충주시,충청북도 충주시 대소원면 매현새터2길 3,충청북도 충주시 대소원면 매현리 476-3,36.90890587,127.8704356311,보건진료소 내,,043-850-3423,2025-07-31,4390000,충청북도 충주시
장록보건진료소,충청북도,충주시,충청북도 충주시 주덕읍 장록당우길 304,충청북도 충주시 주덕읍 장록리 364-3,36.99332295,127.7775735,보건진료소 내,,043-850-3423,2025-07-31,4390000,충청북도 충주시
대사보건진료소,충청북도,충주시,충청북도 충주시 수안보면 사문한절2길 6,충청북도 충주시 수안보면 사문리 321-10,36.84009505,128.0223926,보건진료소 내,,043-850-3423,2025-07-31,4390000,충청북도 충주시
동락보건진료소,충청북도,충주시,충청북도 충주시 신니면 동락길 49,충청북도 충주시 신니면 문락리 167,37.00588778,127.6851618,보건진료소 내,,043-850-3423,2025-07-31,4390000,충청북도 충주시
가흥보건진료소,충청북도,충주시,충청북도 충주시 중앙탑면 창말고개길 2,충청북도 충주시 중앙탑면가흥리 274-24,37.07469093,127.8601332,보건진료소 내,,043-850-3423,2025-07-31,4390000,충청북도 충주시
공이보건진료소,충청북도,충주시,충청북도 충주시 살미면 공이동길 508-22,충청북도 충주시 살미면 공이리 449-14,36.88203277,128.0361142,보건진료소 내,,043-850-3423,2025-07-31,4390000,충청북도 충주시
문산보건진료소,충청북도,충주시,충청북도 충주시 살미면 문산길 29,충청북도 충주시 살미면 문강리 405-6,36.8920941,127.9479324,보건진료소 내,,043-850-3423,2025-07-31,4390000,충청북도 충주시
엄정보건지소,충청북도,충주시,충청북도 충주시 엄정면 자바위길 4-2,충청북도 충주시 엄정면 미내리 159-4,37.0865471,127.9155692,보건지소 내,,043-850-3423,2025-07-31,4390000,충청북도 충주시
동량보건지소,충청북도,충주시,충청북도 충주시 동량면 조돈안길 1,충청북도 충주시 동량면 조동리 1370-4,37.02626353,127.9631582693,보건지소 내,,043-850-3423,2025-07-31,4390000,충청북도 충주시
금가보건지소,충청북도,충주시,충청북도 충주시 금가면 강수로 331,충청북도 충주시 금가면 도촌리 108-4,37.04302299,127.9244423,보건지소 내,,043-850-3423,2025-07-31,4390000,충청북도 충주시
앙성보건지소,충청북도,충주시,충청북도 충주시 앙성면 내용1길 8,충청북도 충주시 앙성면 용포리 96-6,37.107473466,127.7526970907,보건지소 내,,043-850-3423,2025-07-31,4390000,충청북도 충주시
노은보건지소,충청북도,충주시,충청북도 충주시 노은면 연하중앙길 15 노은면사무소,충청북도 충주시 노은면 연하리 539-2 사무소,37.04796385,127.7540746,보건지소 내,,043-850-3423,2025-07-31,4390000,충청북도 충주시
수안보보건지소,충청북도,충주시,충청북도 충주시 수안보면 관동길 9-7,충청북도 충주시 수안보면 온천리 100,36.8470877275,127.9940991992,보건지소 내,,043-850-3423,2025-07-31,4390000,충청북도 충주시
살미보건지소,충청북도,충주시,충청북도 충주시 살미면 세성양지말길 41,충청북도 충주시 살미면 세성리 335-2,36.90536862,127.9646016327,보건지소 내,,043-850-3423,2025-07-31,4390000,충청북도 충주시
산척보건지소,충청북도,충주시,충청북도 충주시 산척면 동산로 736,충청북도 충주시 산척면 송강리 1253-1,37.08170294,127.9558372,보건지소 내,,043-850-3423,2025-07-31,4390000,충청북도 충주시
소태보건지소,충청북도,충주시,충청북도 충주시 소태면 쟁골1길 1,충청북도 충주시 소태면 오량리 179-2,37.11002825,127.847962,보건지소 내,,043-850-3423,2025-07-31,4390000,충청북도 충주시
신니보건지소,충청북도,충주시,충청북도 충주시 신니면 안용원로 7,충청북도 충주시 신니면 용원리 35-1,36.99543222,127.7363343,보건지소 내,,043-850-3423,2025-07-31,4390000,충청북도 충주시
중앙탑보건지소,충청북도,충주시,충청북도 충주시 중앙탑면 중앙탑길 247,충청북도 충주시 중앙탑면 탑평리 180-5,37.02880971,127.8573279,보건지소 내,,043-850-3423,2025-07-31,4390000,충청북도 충주시
대소원보건지소,충청북도,충주시,충청북도 충주시 대소원면 대소원1길 29,충청북도 충주시 대소원면 대소리 241,36.97797466,127.8172778,보건지소 내,,043-850-3423,2025-07-31,4390000,충청북도 충주시
주덕보건지소,충청북도,충주시,충청북도 충주시 신덕로 1359 주덕보건지소,충청북도 충주시 주덕읍 신양리 202,36.97555041,127.794977,보건지소 내,,043-850-3423,2025-07-31,4390000,충청북도 충주시
충주시보건소,충청북도,충주시,충청북도 충주시 사직산21길 34,충청북도 충주시 문화동 1655,36.970851668,127.9280121,보건소 내 1층,,043-850-3423,2025-07-31,4390000,충청북도 충주시
성복동,경기도,용인시,경기도 용인시 수지구 성복1로 100,경기도 용인시 수지구 성복동 777,37.31648737,127.0690037,,,,2025-08-14,4050000,경기도 용인시
상현3동,경기도,용인시,경기도 용인시 수지구 법조로 223,경기도 용인시 수지구 상현동 1125,37.29963931,127.0727045,,,,2025-08-14,4050000,경기도 용인시
상현2동,경기도,용인시,경기도 용인시 수지구 만현로 48,경기도 용인시 수지구 상현동 1199,37.31036044,127.0865294,,,,2025-08-14,4050000,경기도 용인시
상현1동,경기도,용인시,경기도 용인시 수지구 상현로 71,,37.30462736,127.0811467,,,,2025-08-14,4050000,경기도 용인시
동천동,경기도,용인시,경기도 용인시 수지구 신수로783번길 40,경기도 용인시 수지구 동천동 176-4,37.34186011,127.099239,,,,2025-08-14,4050000,경기도 용인시
죽전3동,경기도,용인시,경기도 용인시 수지구 대지로 42,경기도 용인시 수지구 죽전동 484-12,37.32798643,127.1141859,,,,2025-08-14,4050000,경기도 용인시
죽전2동,경기도,용인시,경기도 용인시 수지구 포은대로 523,경기도 용인시 수지구 죽전동 1003-122,37.32591155,127.1067309,,,,2025-08-14,4050000,경기도 용인시
죽전1동,경기도,용인시,경기도 용인시 수지구 대지로15번길 50,경기도 용인시 수지구 죽전동 1070-9,37.33105012,127.1139969,,,,2025-08-14,4050000,경기도 용인시
신봉동,경기도,용인시,경기도 용인시 수지구 수지로 215,경기도 용인시 수지구 신봉동 898,37.32066575,127.0836395,,,,2025-08-14,4050000,경기도 용인시
풍덕천2동,경기도,용인시,경기도 용인시 수지구 풍덕천로 51,경기도 용인시 수지구 풍덕천동 1051-2,37.31946228,127.0887777,,,,2025-08-14,4050000,경기도 용인시
풍덕천1동,경기도,용인시,경기도 용인시 수지구 수지로342번길 3,경기도 용인시 수지구 풍덕천동 701-1,37.32795741,127.0950287,,,,2025-08-14,4050000,경기도 용인시
보정동,경기도,용인시,경기도 용인시 기흥구 죽전로 40,경기도 용인시 기흥구 보정동 1264,37.32018859,127.1130928,,,,2025-08-14,4050000,경기도 용인시
상하동,경기도,용인시,경기도 용인시 기흥구 어정로 62-23,경기도 용인시 기흥구 상하동 435-12,37.27051314,127.1383972,,,,2025-08-14,4050000,경기도 용인시
동백3동,경기도,용인시,경기도 용인시 기흥구 동백죽전대로527번길 98-2,,37.28107184,127.1442402,,,,2025-08-14,4050000,경기도 용인시
동백2동,경기도,용인시,경기도 용인시 기흥구 동백중앙로 214,경기도 용인시 기흥구 중동 866-1,37.27253257,127.1516873,,,,2025-08-14,4050000,경기도 용인시
동백1동,경기도,용인시,경기도 용인시 기흥구 동백죽전대로 444,경기도 용인시 기흥구 중동 833,37.27799596,127.1515984,,,,2025-08-14,4050000,경기도 용인시
마북동,경기도,용인시,경기도 용인시 기흥구 구교동로118번길 16,경기도 용인시 기흥구 마북동 162-4,37.3015797,127.117447,,,,2025-08-14,4050000,경기도 용인시
구성동,경기도,용인시,경기도 용인시 기흥구 구성로77번길 17,경기도 용인시 기흥구 언남동 342-1,37.29676402,127.1189815,,,,2025-08-14,4050000,경기도 용인시
서농동,경기도,용인시,경기도 용인시 기흥구 서천서로 79,경기도 용인시 기흥구 서천동 748-2,37.23797804,127.0683832,,,,2025-08-14,4050000,경기도 용인시
기흥동,경기도,용인시,경기도 용인시 기흥구 고매로43번길 12-14,경기도 용인시 기흥구 공세동 191-3,37.23152688,127.1155323,,,,2025-08-14,4050000,경기도 용인시
보라동,경기도,용인시,경기도 용인시 기흥구 한보라1로10번길 6-10,경기도 용인시 기흥구 보라동 573-2,37.25395722,127.1082969,,,,2025-08-14,4050000,경기도 용인시
상갈동,경기도,용인시,경기도 용인시 기흥구 상갈로 2,경기도 용인시 기흥구 상갈동 472-1,37.26657957,127.1076939,,,,2025-08-14,4050000,경기도 용인시
구갈동,경기도,용인시,경기도 용인시 기흥구 강남로 23,경기도 용인시 기흥구 구갈동 578,37.27242458,127.1275882,,,,2025-08-14,4050000,경기도 용인시
영덕2동,경기도,용인시,경기도 용인시 기흥구 덕영대로2077번길 68,경기도 용인시 기흥구 영덕동 127-17,37.26668824,127.0918543,,,,2025-08-14,4050000,경기도 용인시
영덕1동,경기도,용인시,경기도 용인시 기흥구 흥덕2로118번길 2,경기도 용인시 기흥구 영덕동 1208,37.27782133,127.0745334,,,,2025-08-14,4050000,경기도 용인시
신갈동,경기도,용인시,경기도 용인시 기흥구 신갈로58번길 11,경기도 용인시 기흥구 신갈동 60-3,37.27260603,127.1067678,,,,2025-08-14,4050000,경기도 용인시
동부동,경기도,용인시,경기도 용인시 처인구 중부대로 1574,경기도 용인시 처인구 마평동 533-8,37.23277029,127.219174,,,,2025-08-14,4050000,경기도 용인시
유림동,경기도,용인시,경기도 용인시 처인구 백옥대로 1315,경기도 용인시 처인구 유방동 475-20,37.25285779,127.212050,,,,2025-08-14,4050000,경기도 용인시
삼가동,경기도,용인시,경기도 용인시 처인구 동백죽전대로 61,경기도 용인시 처인구 삼가동 28-6,37.24963097,127.165158,,,,2025-08-14,4050000,경기도 용인시
역북동,경기도,용인시,경기도 용인시 처인구 명지로 16,경기도 용인시 처인구 역북동 744,37.23455978,127.1881482,,,,2025-08-14,4050000,경기도 용인시
중앙동,경기도,용인시,경기도 용인시 처인구 금령로90번길 3-20,경기도 용인시 처인구 김량장동 89,37.23506858,127.2072649,,,,2025-08-14,4050000,경기도 용인시
양지면,경기도,용인시,경기도 용인시 처인구 양지면 향교로11번길 3,,37.23666405,127.2858274,,,,2025-08-14,4050000,경기도 용인시
백암면,경기도,용인시,경기도 용인시 처인구 백암면 백암로 189,경기도 용인시 처인구 백암면 백암리 495-3,37.16340683,127.3753789,,,,2025-08-14,4050000,경기도 용인시
원삼면,경기도,용인시,경기도 용인시 처인구 원삼면 원양로 64,경기도 용인시 처인구 원삼면 고당리 88-1,37.16658943,127.3132646,,,,2025-08-14,4050000,경기도 용인시
남사읍,경기도,용인시,경기도 용인시 처인구 남사읍 내기로 22,,37.11523295,127.1503514,,,,2025-08-14,4050000,경기도 용인시
이동읍,경기도,용인시,경기도 용인시 처인구 이동읍 경기동로 673,경기도 용인시 처인구 이동읍 송전리 750-3,37.14112038,127.1961973,,,,2025-08-14,4050000,경기도 용인시
모현읍,경기도,용인시,경기도 용인시 처인구 모현읍 독점로 31-6,경기도 용인시 처인구 모현읍 갈담리 309,37.32953302,127.2423619,,,,2025-08-14,4050000,경기도 용인시
포곡읍,경기도,용인시,경기도 용인시 처인구 포곡읍 포곡로 258,경기도 용인시 처인구 포곡읍 삼계리 588-5,37.27781781,127.2308231,,,,2025-08-14,4050000,경기도 용인시
수지구 보건소,경기도,용인시,경기도 용인시 수지구 포은대로 435,,37.3222219,127.0974474,,,,2025-08-14,4050000,경기도 용인시
기흥구 보건소,경기도,용인시,경기도 용인시 기흥구 신갈로58번길 11,,37.27260603,127.1067678,,,,2025-08-14,4050000,경기도 용인시
처인구 보건소,경기도,용인시,경기도 용인시 처인구 중부대로 1199,,37.24086733,127.1779684,,,,2025-08-14,4050000,경기도 용인시
수지구청,경기도,용인시,경기도 용인시 수지구 포은대로 388,,37.31848813,127.0944719,,,,2025-08-14,4050000,경기도 용인시
기흥구청,경기도,용인시,경기도 용인시 기흥구 관곡로 95,경기도 용인시 기흥구 구갈동 355,37.28044712,127.114689,,,,2025-08-14,4050000,경기도 용인시
처인구청,경기도,용인시,경기도 용인시 처인구 금령로 50,경기도 용인시 처인구 김량장동 286,37.23437996,127.2013372,,,,2025-08-14,4050000,경기도 용인시
주천면행정복지센터,전북특별자치도,진안군,전북특별자치도 진안군 주천면 동상주천로 2213,,35.97524295,127.4254226,입구,,063-430-8498,2025-08-14,4731000,전북특별자치도 진안군
정천면행정복지센터,전북특별자치도,진안군,전북특별자치도 진안군 정천면 봉학로 66,,35.87319025,127.4285695,입구,,063-430-8364,2025-08-14,4731000,전북특별자치도 진안군
부귀면행정복지센터,전북특별자치도,진안군,전북특별자치도 진안군 부귀면 부귀로 305-7,,35.83725411,127.3607169,입구,,063-430-8343,2025-08-14,4731000,전북특별자치도 진안군
마령면행정복지센터,전북특별자치도,진안군,전북특별자치도 진안군 마령면 솔안2길 8,,35.73446535,127.3708036,입구,,063-430-8329,2025-08-14,4731000,전북특별자치도 진안군
성수면행정복지센터,전북특별자치도,진안군,전북특별자치도 진안군 성수면 관진로 783,,35.70857984,127.3232482,입구,,063-430-8307,2025-08-14,4731000,전북특별자치도 진안군
백운면행정복지센터,전북특별자치도,진안군,전북특별자치도 진안군 백운면 임진로 1297,,35.68943206,127.3959704,입구,,063-430-8297,2025-08-14,4731000,전북특별자치도 진안군
상전면행정복지센터,전북특별자치도,진안군,전북특별자치도 진안군 상전면 주평로 41,,35.82316183,127.486776,입구,,063-430-8262,2025-08-14,4731000,전북특별자치도 진안군
동향면행정복지센터,전북특별자치도,진안군,전북특별자치도 진안군 동향면 진성로 1609,,35.83830079,127.5679892,입구,,063-430-8244,2025-08-14,4731000,전북특별자치도 진안군
안천면행정복지센터,전북특별자치도,진안군,전북특별자치도 진안군 안천면 진무로 2998,,35.89716153,127.5529141,입구,,063-430-8225,2025-08-14,4731000,전북특별자치도 진안군
용담면행정복지센터,전북특별자치도,진안군,전북특별자치도 진안군 용담면 대송로 17,,35.96709112,127.5197999,입구,,063-430-8202,2025-08-14,4731000,전북특별자치도 진안군
진안읍행정복지센터,전북특별자치도,진안군,전북특별자치도 진안군 진안읍 대성길 3,,35.78926887,127.4231804,입구,,063-430-8146,2025-08-14,4731000,전북특별자치도 진안군
진안군청,전북특별자치도,진안군,전북특별자치도 진안군 진안읍 중앙로 67,,35.7912555,127.424667,입구,,063-430-2338,2025-08-14,4731000,전북특별자치도 진안군
진안밝은약국,전북특별자치도,진안군,전북특별자치도 진안군 진안읍 진무로 1090(2층),,35.79164178,127.4278699,입구,,063-433-8669,2025-08-14,4731000,전북특별자치도 진안군
종로약국,전북특별자치도,진안군,전북특별자치도 진안군 진안읍 진무로 1096-1,,35.79180558,127.4285179,입구,,063-433-2915,2025-08-14,4731000,전북특별자치도 진안군
진안약국,전북특별자치도,진안군,전북특별자치도 진안군 진안읍 진무로 1124,,35.79215125,127.4313534,입구,,063-433-8575,2025-08-14,4731000,전북특별자치도 진안군
제일약국,전북특별자치도,진안군,전북특별자치도 진안군 진안읍 중앙로 81-2,,35.79224302,127.4263463,입구,,063-433-2050,2025-08-14,4731000,전북특별자치도 진안군
우리사랑약국,전북특별자치도,진안군,전북특별자치도 진안군 진안읍 진무로 1144,,35.79391221,127.4323337,입구,,063-432-1004,2025-08-14,4731000,전북특별자치도 진안군
세계로약국,전북특별자치도,진안군,전북특별자치도 진안군 진안읍 중앙로 87,,35.79257287,127.4266032,입구,,063-433-6780,2025-08-14,4731000,전북특별자치도 진안군
봄약국,전북특별자치도,진안군,전북특별자치도 진안군 진안읍 진무로 1119,,35.79235134,127.4309241,입구,,063-433-2475,2025-08-14,4731000,전북특별자치도 진안군
백제약국,전북특별자치도,진안군,전북특별자치도 진안군 진안읍 진무로 1079,,35.79122767,127.4269269,입구,,063-433-7979,2025-08-14,4731000,전북특별자치도 진안군
김약국,전북특별자치도,진안군,전북특별자치도 진안군 진안읍 진무로 1109-1,,35.79223012,127.4299424,입구,,063-433-2609,2025-08-14,4731000,전북특별자치도 진안군
마령면덕천보건진료소,전북특별자치도,진안군,전북특별자치도 진안군 마령면 덕천로 87,,35.75874671,127.344210,입구,,063-433-7482,2025-08-14,4731000,전북특별자치도 진안군
주천면무릉보건진료소,전북특별자치도,진안군,전북특별자치도 진안군 주천면 어자길 44,,36.00805553,127.3872568,입구,,063-432-7159,2025-08-14,4731000,전북특별자치도 진안군
주천면대불보건진료소,전북특별자치도,진안군,전북특별자치도 진안군 주천면 벌뜸길 9,,35.97574049,127.372030,입구,,063-430-8991,2025-08-14,4731000,전북특별자치도 진안군
동향면능금보건진료소,전북특별자치도,진안군,전북특별자치도 진안군 동향면 능금로 203,,35.86001324,127.5919455,입구,,063-432-8025,2025-08-14,4731000,전북특별자치도 진안군
백운면평장보건진료소,전북특별자치도,진안군,전북특별자치도 진안군 백운면 평노길 55-5,,35.71197544,127.4116175,입구,,063-430-8977,2025-08-14,4731000,전북특별자치도 진안군
성수면좌포보건진료소,전북특별자치도,진안군,전북특별자치도 진안군 성수면 원좌길 46,,35.74018163,127.3153715,입구,,063-430-8983,2025-08-14,4731000,전북특별자치도 진안군
성수면좌산보건진료소,전북특별자치도,진안군,전북특별자치도 진안군 성수면 성백로 76,,35.68253266,127.313560,입구,,063-430-8981,2025-08-14,4731000,전북특별자치도 진안군
상전면월포보건진료소,전북특별자치도,진안군,전북특별자치도 진안군 상전면 금지1길 18-31,,35.86181133,127.4766037,입구,,063-430-8975,2025-08-14,4731000,전북특별자치도 진안군
백운면반송보건진료소,전북특별자치도,진안군,전북특별자치도 진안군 백운면 반송길 4,,35.66730596,127.4022991,입구,,063-430-8979,2025-08-14,4731000,전북특별자치도 진안군
부귀면세동보건진료소,전북특별자치도,진안군,전북특별자치도 진안군 부귀면 모래재로 917,,35.80289761,127.3277348,입구,,063-430-8989,2025-08-14,4731000,전북특별자치도 진안군
부귀면수항보건진료소,전북특별자치도,진안군,전북특별자치도 진안군 부귀면 황금로 244,,35.85797246,127.3900169,입구,,063-430-8987,2025-08-14,4731000,전북특별자치도 진안군
동향면학선보건진료소,전북특별자치도,진안군,전북특별자치도 진안군 동향면 계향로 380,,35.84187034,127.6144998,입구,,063-430-8973,2025-08-14,4731000,전북특별자치도 진안군
정천보건지소,전북특별자치도,진안군,전북특별자치도 진안군 정천면 봉학로 66,,35.87319025,127.4285695,입구,,063-430-8881,2025-08-14,4731000,전북특별자치도 진안군
안천보건지소,전북특별자치도,진안군,전북특별자치도 진안군 안천면 진무로 2998,,35.89716153,127.5529141,입구,,063-430-8811,2025-08-14,4731000,전북특별자치도 진안군
성수보건지소,전북특별자치도,진안군,전북특별자치도 진안군 성수면 관진로 783,,35.70857984,127.3232482,입구,,063-430-8851,2025-08-14,4731000,전북특별자치도 진안군
마령보건지소,전북특별자치도,진안군,전북특별자치도 진안군 마령면 임진로 2123,,35.73503613,127.368601,입구,,063-430-8861,2025-08-14,4731000,전북특별자치도 진안군
주천보건지소,전북특별자치도,진안군,전북특별자치도 진안군 주천면 동상주천로 2253,,35.97749958,127.4287801,입구,,063-430-8891,2025-08-14,4731000,전북특별자치도 진안군
부귀보건지소,전북특별자치도,진안군,전북특별자치도 진안군 부귀면 부귀로 305-6,,35.83673832,127.3612259,입구,,063-430-8871,2025-08-14,4731000,전북특별자치도 진안군
백운보건지소,전북특별자치도,진안군,전북특별자치도 진안군 백운면 임진로 1342,,35.69259567,127.3980332,입구,,063-430-8841,2025-08-14,4731000,전북특별자치도 진안군
용담보건지소,전북특별자치도,진안군,전북특별자치도 진안군 용담면 대송로 17,,35.96709112,127.5197999,입구,,063-430-8801,2025-08-14,4731000,전북특별자치도 진안군
동향보건지소,전북특별자치도,진안군,전북특별자치도 진안군 동향면 진성로 1609,,35.83830079,127.5679892,입구,,063-430-8821,2025-08-14,4731000,전북특별자치도 진안군
상전보건지소,전북특별자치도,진안군,전북특별자치도 진안군 상전면 주평로 41,,35.82316183,127.486776,입구,,063-430-8831,2025-08-14,4731000,전북특별자치도 진안군
진안군보건소,전북특별자치도,진안군,전북특별자치도 진안군 진안읍 진무로 1189,,35.79730854,127.4347748,입구,,063-430-8560,2025-08-14,4731000,전북특별자치도 진안군
계양구청1층,인천광역시,계양구,인천광역시 계양구 계산새로 88(계산동),인천광역시 계양구 계산동 1079-1 계양구청,37.537441,126.737760,,,032-430-7815,2025-08-11,3550000,인천광역시 계양구
계양3동,인천광역시,계양구,인천광역시 계양구 양지로 31(동양동),인천광역시 계양구 동양동 607-2,37.561578,126.754899,,,032-430-7815,2025-08-11,3550000,인천광역시 계양구
계양2동,인천광역시,계양구,인천광역시 계양구 장제로 853(임학동),인천광역시 계양구 임학동 69-23,37.543779,126.737031,,,032-430-7815,2025-08-11,3550000,인천광역시 계양구
계양1동,인천광역시,계양구,인천광역시 계양구 장기서로 8(장기동),인천광역시 계양구 장기동 130,37.576843,126.734127,,,032-430-7815,2025-08-11,3550000,인천광역시 계양구
효성2동,인천광역시,계양구,인천광역시 계양구 아나지로 162(효성동),인천광역시 계양구 효성2동 331-8,37.525051,126.709817,,,032-430-7815,2025-08-11,3550000,인천광역시 계양구
효성1동,인천광역시,계양구,인천광역시 계양구 봉오대로 569번길 22(효성동),인천광역시 계양구 효성동 23-28,37.532462,126.712134,,,032-430-7815,2025-08-11,3550000,인천광역시 계양구
작전서운동,인천광역시,계양구,인천광역시 계양구 효서로 361(작전동),인천광역시 계양구 작전동 918-2,37.528104,126.736423,,,032-430-7815,2025-08-11,3550000,인천광역시 계양구
작전2동,인천광역시,계양구,인천광역시 계양구 봉오대로 677번길 23(작전동),인천광역시 계양구 작전동 854-20,37.532914,126.723909,,,032-430-7815,2025-08-11,3550000,인천광역시 계양구
작전1동,인천광역시,계양구,인천광역시 계양구 봉오대로 727(작전동),인천광역시 계양구 작전동 231-1,37.530799,126.729697,,,032-430-7815,2025-08-11,3550000,인천광역시 계양구
계산4동,인천광역시,계양구,인천광역시 계양구 용종로 12-8(계산동),인천광역시 계양구 계산동 1086-1,37.534567,126.741704,,,032-430-7815,2025-08-11,3550000,인천광역시 계양구
계산3동,인천광역시,계양구,인천광역시 계양구 계산새로 7(계산동),인천광역시 계양구 계산동 480-7,37.537734,126.728979,,,032-430-7815,2025-08-11,3550000,인천광역시 계양구
계산2동,인천광역시,계양구,인천광역시 계양구 주부토로 559(계산동),인천광역시 계양구 계산2동 920 주민센터,37.544209,126.728142,,,032-430-7815,2025-08-11,3550000,인천광역시 계양구
계산1동,인천광역시,계양구,인천광역시 계양구 향교로 24(계산동),인천광역시 계양구 계산동 972-1,37.539605,126.721348,,,032-430-7815,2025-08-11,3550000,인천광역시 계양구
보건지소,인천광역시,계양구,인천광역시 계양구 장기서로 8(장기동),인천광역시 계양구 장기동 130,37.576843,126.734127,,,032-430-7815,2025-08-11,3550000,인천광역시 계양구
계양구보건소,인천광역시,계양구,인천광역시 계양구 계양문화로 63(계산동),인천광역시 계양구 계산동 1077-2,37.536455,126.736227,,,032-430-7815,2025-08-11,3550000,인천광역시 계양구
효성두산아파트,인천광역시,계양구,인천광역시 계양구 안남로573번길 18,인천광역시 계양구 효성동 33-2,37.537333,126.708905,관리사무실,,032-430-7815,2025-08-11,3550000,인천광역시 계양구
효성뉴서울2차아파트,인천광역시,계양구,인천광역시 계양구 안남로 558 효성뉴서울2차아파트 (효성동),인천광역시 계양구 효성동 25,37.533449,126.710935,관리사무실,,032-430-7815,2025-08-11,3550000,인천광역시 계양구
효성5차뉴서울아파트,인천광역시,계양구,인천광역시 계양구 아나지로 199 효성5차뉴서울아파트,인천광역시 계양구 효성동 238-1,37.526157,126.714963,관리사무실,,032-430-7815,2025-08-11,3550000,인천광역시 계양구
효성4차현대아파트,인천광역시,계양구,인천광역시 계양구 새벌로112번길 12,인천광역시 계양구 효성동 200-1,37.526361,126.717323,관리사무실,,032-430-7815,2025-08-11,3550000,인천광역시 계양구
효성3차뉴서울아파트,인천광역시,계양구,인천광역시 계양구 새벌로 88,인천광역시 계양구 효성동 207-1,37.524992,126.717177,관리사무실,,032-430-7815,2025-08-11,3550000,인천광역시 계양구
효성1차현대아파트,인천광역시,계양구,"인천광역시 계양구 길마로 70 (효성동, 현대 1차 아파트)",인천광역시 계양구 효성동 21-11,37.533184,126.712761,관리사무실,,032-430-7815,2025-08-11,3550000,인천광역시 계양구
한화꿈에그린아파트,인천광역시,계양구,인천광역시 계양구 동양로 10 한화꿈에그린아파트,인천광역시 계양구 박촌동 310,37.555321,126.746741,관리사무실,,032-430-7815,2025-08-11,3550000,인천광역시 계양구
태화한진아파트,인천광역시,계양구,인천광역시 계양구 효서로 393 태화한진아파트,인천광역시 계양구 작전동 915-1,37.528484,126.741429,관리사무실,,032-430-7815,2025-08-11,3550000,인천광역시 계양구
태산그린아파트,인천광역시,계양구,"인천광역시 계양구 봉오대로463번길 26, 태산아파트 (효성동)",인천광역시 계양구 효성동 123-57,37.530010,126.699333,관리사무실,,032-430-7815,2025-08-11,3550000,인천광역시 계양구
작전현대2-2차아파트,인천광역시,계양구,인천광역시 계양구 효서로 381 작전서운동 현대2-2차아파트,인천광역시 계양구 작전동 580,37.527868,126.739221,관리사무실,,032-430-7815,2025-08-11,3550000,인천광역시 계양구
작전현대1차아파트,인천광역시,계양구,인천광역시 계양구 봉오대로743번길 20,인천광역시 계양구 작전동 111-7,37.532129,126.732191,관리사무실,,032-430-7815,2025-08-11,3550000,인천광역시 계양구
작전동보2차아파트,인천광역시,계양구,인천광역시 계양구 장제로663번길 13,인천광역시 계양구 작전동 286-1,37.526051,126.731316,관리사무실,,032-430-7815,2025-08-11,3550000,인천광역시 계양구
오류신동아아파트,인천광역시,계양구,인천광역시 계양구 황어로115번길 10 신동아아파트,인천광역시 계양구 오류동 180,37.579662,126.732667,관리사무실,,032-430-7815,2025-08-11,3550000,인천광역시 계양구
동양주공2단지아파트,인천광역시,계양구,인천광역시 계양구 동양로 96 동양주공2단지아파트,인천광역시 계양구 동양동 581,37.558194,126.755661,관리사무실,,032-430-7815,2025-08-11,3550000,인천광역시 계양구
동양주공1단지아파트,인천광역시,계양구,인천광역시 계양구 양지로 7 동양주공1단지아파트,인천광역시 계양구 동양동 575,37.558997,126.755268,관리사무실,,032-430-7815,2025-08-11,3550000,인천광역시 계양구
뉴서울1차아파트,인천광역시,계양구,"인천광역시 계양구 봉오대로744번길 7 (작전동, 뉴서울1차아파트)",인천광역시 계양구 작전동 102-3,37.529376,126.732831,관리사무실,,032-430-7815,2025-08-11,3550000,인천광역시 계양구
e편한세상더프리미어아파트,인천광역시,계양구,인천광역시 계양구 효서로 145(효성동),인천광역시 계양구 효성동 254-14,37.528944,126.713306,관리사무실,,032-430-7815,2025-08-11,3550000,인천광역시 계양구
효성해링턴플레이스아파트,인천광역시,계양구,인천광역시 계양구 서운로 34,인천광역시 계양구 서운동 230,37.529014,126.745830,관리사무실,,032-430-7815,2025-08-11,3550000,인천광역시 계양구
계양센트레빌1단지아파트,인천광역시,계양구,인천광역시 계양구 형제봉길 100,인천광역시 계산동 귤현동 531,37.569353,126.751169,관리사무실,,032-430-7815,2025-08-11,3550000,인천광역시 계양구
학마을한진아파트,인천광역시,계양구,인천광역시 계양구 용종로 124,인천광역시 계산동 병방동 433-1,37.545194,126.743262,관리사무실,,032-430-7815,2025-08-11,3550000,인천광역시 계양구
학마을서해아파트,인천광역시,계양구,인천광역시 계양구 장제로 878,인천광역시 계산동 병방동 432-5,37.544793,126.739483,관리사무실,,032-430-7815,2025-08-11,3550000,인천광역시 계양구
학마을영남아파트,인천광역시,계양구,인천광역시 계양구 장제로 878,인천광역시 계산동 병방동 432-5,37.544793,126.739483,관리사무실,,032-430-7815,2025-08-11,3550000,인천광역시 계양구
은행마을아주아파트,인천광역시,계양구,인천광역시 계양구 용종로 26,인천광역시 계양구 계산동 1085-2,37.536830,126.743251,관리사무실,,032-430-7815,2025-08-11,3550000,인천광역시 계양구
동보아파트,인천광역시,계양구,인천광역시 계양구 주부토로363번길 28,인천광역시 계양구 작전동 388-2,37.527196,126.726654,관리사무실,,032-430-7815,2025-08-11,3550000,인천광역시 계양구
계산현대아파트,인천광역시,계양구,인천광역시 계양구 계산로 171,인천광역시 계양구 계산동 66,37.537684,126.732877,관리사무실,,032-430-7815,2025-08-11,3550000,인천광역시 계양구
작전현대2-1차아파트,인천광역시,계양구,인천광역시 계양구 효서로 381,인천광역시 계양구 작전동 580,37.528007,126.737781,관리사무실,,032-430-7815,2025-08-11,3550000,인천광역시 계양구
계산주공아파트,인천광역시,계양구,인천광역시 계양구 경명대로1142번길 3,인천광역시 계양구 계산동 20,37.541244,126.734073,관리사무실,,032-430-7815,2025-08-11,3550000,인천광역시 계양구
무주우체국,전북특별자치도,무주군,전북특별자치도 무주군 무주읍 주계로 100,,36.0062336,127.6611395221,,,063-320-8232,2025-08-18,4741000,전북특별자치도 무주군
무주장애인노인종합복지관,전북특별자치도,무주군,전북특별자치도 무주군 무주읍 한풍루로 425,,36.0055325,127.6723716,,,063-320-8232,2025-08-18,4741000,전북특별자치도 무주군
무주군가족센터,전북특별자치도,무주군,전북특별자치도 무주군 무주읍 최북로 7,,36.004009595,127.6656587229,,,063-320-8232,2025-08-18,4741000,전북특별자치도 무주군
중앙약국,전북특별자치도,무주군,전북특별자치도 무주군 안성면 안성로 279,,35.86630539,127.6540958,,,063-320-8232,2025-08-18,4741000,전북특별자치도 무주군
다사랑약국,전북특별자치도,무주군,전북특별자치도 무주군 안성면 안성로 295,,35.8677525,127.6546965,,,063-320-8232,2025-08-18,4741000,전북특별자치도 무주군
한일약국,전북특별자치도,무주군,전북특별자치도 무주군 설천면 무설로 1584,,36.0094938,127.7869194,,,063-320-8232,2025-08-18,4741000,전북특별자치도 무주군
팜메이트설천약국,전북특별자치도,무주군,전북특별자치도 무주군 설천면 무설로 1588,,36.0091546,127.7872125,,,063-320-8232,2025-08-18,4741000,전북특별자치도 무주군
푸른약국,전북특별자치도,무주군,전북특별자치도 무주군 무주읍 주계로 74,,36.0060546,127.6582986112,,,063-320-8232,2025-08-18,4741000,전북특별자치도 무주군
조은약국,전북특별자치도,무주군,전북특별자치도 무주군 무주읍 단천로 37,,36.0060709,127.6562843705,,,063-320-8232,2025-08-18,4741000,전북특별자치도 무주군
장약국,전북특별자치도,무주군,전북특별자치도 무주군 무주읍 단천로 99,,36.0080192128,127.6622413403,,,063-320-8232,2025-08-18,4741000,전북특별자치도 무주군
용천약국,전북특별자치도,무주군,전북특별자치도 무주군 무주읍 주계로 119,,36.0072106084,127.6630959605,,,063-320-8232,2025-08-18,4741000,전북특별자치도 무주군
보건약국,전북특별자치도,무주군,전북특별자치도 무주군 무주읍 한풍루로 411,,36.0052236018,127.670952,,,063-320-8232,2025-08-18,4741000,전북특별자치도 무주군
녹십자약국,전북특별자치도,무주군,전북특별자치도 무주군 무주읍 한풍루로 351,,36.004734,127.664390,,,063-320-8232,2025-08-18,4741000,전북특별자치도 무주군
건강약국,전북특별자치도,무주군,전북특별자치도 무주군 무주읍 주계로 84,,36.0061741,127.6592871,,,063-320-8232,2025-08-18,4741000,전북특별자치도 무주군
장안보건진료소,전북특별자치도,무주군,전북특별자치도 무주군 부남면 노루재로 556,,35.9061942,127.591313,,,063-320-8232,2025-08-18,4741000,전북특별자치도 무주군
가정보건진료소,전북특별자치도,무주군,전북특별자치도 무주군 부남면 부남로 1782,,36.014541,127.579933,,,063-320-8232,2025-08-18,4741000,전북특별자치도 무주군
진도보건진료소,전북특별자치도,무주군,전북특별자치도 무주군 안성면 오천길 7,,35.865055,127.6239704,,,063-320-8232,2025-08-18,4741000,전북특별자치도 무주군
공정보건진료소,전북특별자치도,무주군,전북특별자치도 무주군 안성면 칠연로 338,,35.849284845,127.676323,,,063-320-8232,2025-08-18,4741000,전북특별자치도 무주군
공진보건진료소,전북특별자치도,무주군,전북특별자치도 무주군 안성면 장무로 1561,,35.82903554,127.640373,,,063-320-8232,2025-08-18,4741000,전북특별자치도 무주군
삼방보건진료소,전북특별자치도,무주군,전북특별자치도 무주군 적상면 장삼재로 467-6,,35.920710,127.6136081,,,063-320-8232,2025-08-18,4741000,전북특별자치도 무주군
상곡보건진료소,전북특별자치도,무주군,전북특별자치도 무주군 적상면 괴목로 534-1,,35.946922,127.715307,,,063-320-8232,2025-08-18,4741000,전북특별자치도 무주군
구천보건진료소,전북특별자치도,무주군,전북특별자치도 무주군 설천면 구천동로 833,,35.9047225,127.7819989,,,063-320-8232,2025-08-18,4741000,전북특별자치도 무주군
덕지보건진료소,전북특별자치도,무주군,전북특별자치도 무주군 무풍면 대덕산로 202,,35.9170614,127.8432070017,,,063-320-8232,2025-08-18,4741000,전북특별자치도 무주군
부남보건지소,전북특별자치도,무주군,전북특별자치도 무주군 부남면 대소길 3,,35.97377836,127.5594282,,,063-320-8232,2025-08-18,4741000,전북특별자치도 무주군
안성보건지소,전북특별자치도,무주군,전북특별자치도 무주군 안성면 안성로 253,,35.8644967,127.652323,,,063-320-8232,2025-08-18,4741000,전북특별자치도 무주군
적상보건지소,전북특별자치도,무주군,전북특별자치도 무주군 적상면 적상산로 51,,35.94547718,127.6594248,,,063-320-8232,2025-08-18,4741000,전북특별자치도 무주군
설천보건지소,전북특별자치도,무주군,전북특별자치도 무주군 설천면 무설로 1607,,36.0079330485,127.7899295448,,,063-320-8232,2025-08-18,4741000,전북특별자치도 무주군
무풍보건지소,전북특별자치도,무주군,전북특별자치도 무주군 무풍면 현내로 234,,35.9692516,127.8511390277,,,063-320-8232,2025-08-18,4741000,전북특별자치도 무주군
무주군보건의료원,전북특별자치도,무주군,전북특별자치도 무주군 무주읍 한풍루로 413,,36.0058813891,127.6716402,,,063-320-8232,2025-08-18,4741000,전북특별자치도 무주군
용동양촌보건진료소,전북특별자치도,익산시,전북특별자치도 익산시 용동면 화왕로 190,,36.0937706670,126.9959187991,,,,2025-08-19,4681000,전북특별자치도 익산시
삼기연동보건진료소,전북특별자치도,익산시,전북특별자치도 익산시 삼기면 진북로 338,,36.0340433027,127.0120480550,,,,2025-08-19,4681000,전북특별자치도 익산시
삼기대제보건진료소,전북특별자치도,익산시,전북특별자치도 익산시 삼기면 용연길 174-58,,35.9980914405,126.9868012129,,,,2025-08-19,4681000,전북특별자치도 익산시
춘포원오산보건진료소,전북특별자치도,익산시,전북특별자치도 익산시 춘포면 춘포원오산1길43-2,,35.9352881639,127.0263387777,,,,2025-08-19,4681000,전북특별자치도 익산시
춘포신동보건진료소,전북특별자치도,익산시,전북특별자치도 익산시 춘포면 미등골길 220-1,,35.9502084745,127.0219984780,,,,2025-08-19,4681000,전북특별자치도 익산시
왕궁용남보건진료소,전북특별자치도,익산시,전북특별자치도 익산시 왕궁면 호반로 21-6,,35.9909998366,127.0992702485,,,,2025-08-19,4681000,전북특별자치도 익산시
왕궁상발보건진료소,전북특별자치도,익산시,전북특별자치도 익산시 왕궁면 발산길 107,,35.9526076990,127.0641177484,,,,2025-08-19,4681000,전북특별자치도 익산시
금마동편보건진료소,전북특별자치도,익산시,전북특별자치도 익산시 금마면 용순1길 93,,36.0029053319,127.0320792785,,,,2025-08-19,4681000,전북특별자치도 익산시
금마도천보건진료소,전북특별자치도,익산시,전북특별자치도 익산시 금마면 아리랑로 199,,36.0096653959,127.0520938431,,,,2025-08-19,4681000,전북특별자치도 익산시
여산태성보건진료소,전북특별자치도,익산시,전북특별자치도 익산시 여산면 태성1길 90,,36.0616693477,127.1028357755,,,,2025-08-19,4681000,전북특별자치도 익산시
망성선리보건진료소,전북특별자치도,익산시,전북특별자치도 익산시 망성면 선리1길 10-1,,36.1315119785,127.0450651141,,,,2025-08-19,4681000,전북특별자치도 익산시
망성금지보건진료소,전북특별자치도,익산시,전북특별자치도 익산시 망성면 금지길 22-47,,36.1239380969,126.9956103146,,,,2025-08-19,4681000,전북특별자치도 익산시
망성내촌보건진료소,전북특별자치도,익산시,전북특별자치도 익산시 망성면 내촌1길 12,,36.0918648844,127.0542936264,,,,2025-08-19,4681000,전북특별자치도 익산시
낭산장암보건진료소,전북특별자치도,익산시,전북특별자치도 익산시 낭산면 장암길 13,,36.0431284873,127.0407311487,,,,2025-08-19,4681000,전북특별자치도 익산시
낭산신동보건진료소,전북특별자치도,익산시,전북특별자치도 익산시 낭산면 호암신동길 35,,36.0679541578,127.0131875809,,,,2025-08-19,4681000,전북특별자치도 익산시
용안석우보건진료소,전북특별자치도,익산시,전북특별자치도 익산시 용안면 용북로 184,,36.1383589156,126.9565569747,,,,2025-08-19,4681000,전북특별자치도 익산시
성당두동보건진료소,전북특별자치도,익산시,전북특별자치도 익산시 성당면 두동길 12,,36.1038797595,126.9217607147,,,,2025-08-19,4681000,전북특별자치도 익산시
성당대선보건진료소,전북특별자치도,익산시,전북특별자치도 익산시 성당면 한틀길 52,,36.0639841027,126.9326608300,,,,2025-08-19,4681000,전북특별자치도 익산시
웅포하제보건진료소,전북특별자치도,익산시,전북특별자치도 익산시 웅포면 제성1길 4,,36.1229575259,126.8907832249,,,,2025-08-19,4681000,전북특별자치도 익산시
웅포소대마보건진료소,전북특별자치도,익산시,전북특별자치도 익산시 웅포면 대마길 19-5,,36.0984694119,126.8856771763,,,,2025-08-19,4681000,전북특별자치도 익산시
함라장점보건진료소,전북특별자치도,익산시,전북특별자치도 익산시 함라면 장점길 17,,36.0333306532,126.8902530066,,,,2025-08-19,4681000,전북특별자치도 익산시
함라신촌보건진료소,전북특별자치도,익산시,전북특별자치도 익산시 함라면 신등신촌1길 15-5,,36.0244171822,126.9086896536,,,,2025-08-19,4681000,전북특별자치도 익산시
황등성내보건진료소,전북특별자치도,익산시,전북특별자치도 익산시 황등면 성내1길 2-7,,36.0501795016,126.9359554807,,,,2025-08-19,4681000,전북특별자치도 익산시
황등신성보건진료소,전북특별자치도,익산시,전북특별자치도 익산시 황등면 시와로 315,,36.0314246260,126.9241106348,,,,2025-08-19,4681000,전북특별자치도 익산시
오산신석보건진료소,전북특별자치도,익산시,전북특별자치도 익산시 오산면 새들길 8,,35.9332043905,126.8806620333,,,,2025-08-19,4681000,전북특별자치도 익산시
용동보건지소,전북특별자치도,익산시,전북특별자치도 익산시 용동면 용동1길 80-29,,36.1100686010,126.9927355302,,,,2025-08-19,4681000,전북특별자치도 익산시
삼기보건지소,전북특별자치도,익산시,전북특별자치도 익산시 삼기면 원촌길 9-1,,36.0206578686,126.9840061313,,,,2025-08-19,4681000,전북특별자치도 익산시
춘포보건지소,전북특별자치도,익산시,전북특별자치도 익산시 춘포면 춘포2길 11,,35.9007395947,127.0052714692,,,,2025-08-19,4681000,전북특별자치도 익산시
왕궁보건지소,전북특별자치도,익산시,전북특별자치도 익산시 왕궁면 흥암1길 18,,35.9663094026,127.0872983647,,,,2025-08-19,4681000,전북특별자치도 익산시
여산보건지소,전북특별자치도,익산시,전북특별자치도 익산시 여산면 가람로 393,,36.0598200261,127.0834805890,,,,2025-08-19,4681000,전북특별자치도 익산시
망성보건지소,전북특별자치도,익산시,전북특별자치도 익산시 망성면 안성로 726,,36.1325601275,127.0205977938,,,,2025-08-19,4681000,전북특별자치도 익산시
낭산보건지소,전북특별자치도,익산시,전북특별자치도 익산시 낭산면 함낭로 939,,36.0776434192,127.0088983404,,,,2025-08-19,4681000,전북특별자치도 익산시
용안보건지소,전북특별자치도,익산시,전북특별자치도 익산시 용안면 현내1로 76,,36.1165508242,126.9544743746,,,,2025-08-19,4681000,전북특별자치도 익산시
성당보건지소,전북특별자치도,익산시,전북특별자치도 익산시 성당면 황성로 727,,36.0882907138,126.9349811300,,,,2025-08-19,4681000,전북특별자치도 익산시
웅포보건지소,전북특별자치도,익산시,전북특별자치도 익산시 웅포면 강변로 28,,36.0657410416,126.8782692404,,,,2025-08-19,4681000,전북특별자치도 익산시
함라보건지소,전북특별자치도,익산시,전북특별자치도 익산시 함라면 천남길 5,,36.0591699958,126.9095922895,,,,2025-08-19,4681000,전북특별자치도 익산시
황등보건지소,전북특별자치도,익산시,전북특별자치도 익산시 황등면 황등6길 45,,36.0046973971,126.9447850334,,,,2025-08-19,4681000,전북특별자치도 익산시
오산보건지소,전북특별자치도,익산시,전북특별자치도 익산시 오산면 오산로 14-8,,35.9389612485,126.9152043135,,,,2025-08-19,4681000,전북특별자치도 익산시
함열보건지소,전북특별자치도,익산시,전북특별자치도 익산시 함열읍 함열중앙로 49,,36.0785400894,126.9630580131,,,,2025-08-19,4681000,전북특별자치도 익산시
익산시보건소,전북특별자치도,익산시,전북특별자치도 익산시 무왕로 975,,35.9609860848,126.9664711846,,,,2025-08-19,4681000,전북특별자치도 익산시
삼성동행정복지센터,전북특별자치도,익산시,전북특별자치도 익산시 부송로 125,,35.9627202358,126.9894711117,,,,2025-08-19,4681000,전북특별자치도 익산시
팔봉동행정복지센터,전북특별자치도,익산시,전북특별자치도 익산시 무왕로 1408,,35.9650784060,127.0116384719,,,,2025-08-19,4681000,전북특별자치도 익산시
어양동행정복지센터,전북특별자치도,익산시,전북특별자치도 익산시 동서로63길 43,,35.9553437426,126.9842987534,,,,2025-08-19,4681000,전북특별자치도 익산시
영등2동행정복지센터,전북특별자치도,익산시,전북특별자치도 익산시 무왕로13길 18,,35.9601113953,126.9770388947,,,,2025-08-19,4681000,전북특별자치도 익산시
영등1동행정복지센터,전북특별자치도,익산시,전북특별자치도 익산시 고봉로18길 34,,35.9522989674,126.9726179786,,,,2025-08-19,4681000,전북특별자치도 익산시
신동행정복지센터,전북특별자치도,익산시,전북특별자치도 익산시 인북로 353,,35.9597299243,126.9610565438,,,,2025-08-19,4681000,전북특별자치도 익산시
송학동행정복지센터,전북특별자치도,익산시,전북특별자치도 익산시 고현로 11,,35.9384920426,126.9403363417,,,,2025-08-19,4681000,전북특별자치도 익산시
모현동행정복지센터,전북특별자치도,익산시,전북특별자치도 익산시 선화로 129,,35.9485240612,126.9453999500,,,,2025-08-19,4681000,전북특별자치도 익산시
남중동행정복지센터,전북특별자치도,익산시,전북특별자치도 익산시 인북로56길 8,,35.9511456706,126.9590740419,,,,2025-08-19,4681000,전북특별자치도 익산시
마동행정복지센터,전북특별자치도,익산시,전북특별자치도 익산시 중앙로25길 5,,35.9380062224,126.9591623820,,,,2025-08-19,4681000,전북특별자치도 익산시
동산동행정복지센터,전북특별자치도,익산시,전북특별자치도 익산시 동천로 82,,35.9286157398,126.9725693013,,,,2025-08-19,4681000,전북특별자치도 익산시
인화동행정복지센터,전북특별자치도,익산시,전북특별자치도 익산시 인북로4길 38,,35.9294914242,126.9536261088,,,,2025-08-19,4681000,전북특별자치도 익산시
평화동행정복지센터,전북특별자치도,익산시,전북특별자치도 익산시 익산대로4길 12,,35.9323013503,126.9453380735,,,,2025-08-19,4681000,전북특별자치도 익산시
중앙동행정복지센터,전북특별자치도,익산시,전북특별자치도 익산시 익산대로16길 47,,35.9397842334,126.9524165352,,,,2025-08-19,4681000,전북특별자치도 익산시
용동면행정복지센터,전북특별자치도,익산시,전북특별자치도 익산시 용동면 용동1길 80-31,,36.1099243348,126.9930506313,,,,2025-08-19,4681000,전북특별자치도 익산시
삼기면행정복지센터,전북특별자치도,익산시,전북특별자치도 익산시 삼기면 황금로 513,,36.0204690420,126.9838659438,,,,2025-08-19,4681000,전북특별자치도 익산시
춘포면행정복지센터,전북특별자치도,익산시,전북특별자치도 익산시 춘포면 춘포2길 11,,35.9007395947,127.0052714692,,,,2025-08-19,4681000,전북특별자치도 익산시
왕궁면행정복지센터,전북특별자치도,익산시,전북특별자치도 익산시 왕궁면 흥암1길 14,,35.9663062614,127.0875278460,,,,2025-08-19,4681000,전북특별자치도 익산시
금마면행정복지센터,전북특별자치도,익산시,전북특별자치도 익산시 금마면 고도3길 3,,35.9930297676,127.0529858476,,,,2025-08-19,4681000,전북특별자치도 익산시
여산면행정복지센터,전북특별자치도,익산시,전북특별자치도 익산시 여산면 여산동촌1길 13-12,,36.0584844893,127.0859213214,,,,2025-08-19,4681000,전북특별자치도 익산시
망성면행정복지센터,전북특별자치도,익산시,전북특별자치도 익산시 망성면 안성로 726,,36.1325601275,127.0205977938,,,,2025-08-19,4681000,전북특별자치도 익산시
낭산면행정복지센터,전북특별자치도,익산시,전북특별자치도 익산시 낭산면 함낭로 949,,36.0781134217,127.0098553770,,,,2025-08-19,4681000,전북특별자치도 익산시
용안면행정복지센터,전북특별자치도,익산시,전북특별자치도 익산시 용안면 용안교동1길 21,,36.1196493115,126.9524305387,,,,2025-08-19,4681000,전북특별자치도 익산시
성당면행정복지센터,전북특별자치도,익산시,전북특별자치도 익산시 성당면 황성로 727,,36.0882907138,126.9349811300,,,,2025-08-19,4681000,전북특별자치도 익산시
웅포면행정복지센터,전북특별자치도,익산시,전북특별자치도 익산시 웅포면 강변로 9,,36.0641345647,126.8768125189,,,,2025-08-19,4681000,전북특별자치도 익산시
함라면행정복지센터,전북특별자치도,익산시,전북특별자치도 익산시 함라면 함라1길 65,,36.0600120072,126.9104293273,,,,2025-08-19,4681000,전북특별자치도 익산시
황등면행정복지센터,전북특별자치도,익산시,전북특별자치도 익산시 황등면 황등로 140-5,,36.0044493345,126.9450832366,,,,2025-08-19,4681000,전북특별자치도 익산시
오산면행정복지센터,전북특별자치도,익산시,전북특별자치도 익산시 오산면 평동로 323,,35.9386663861,126.9162658753,,,,2025-08-19,4681000,전북특별자치도 익산시
함열읍행정복지센터,전북특별자치도,익산시,전북특별자치도 익산시 함열읍 함열중앙로 83,,36.0781674635,126.9662119056,,,,2025-08-19,4681000,전북특별자치도 익산시
유곡보건지소,경상남도,의령군,경상남도 의령군 유곡면 청정로 2251-12,경상남도 의령군 유곡면 칠곡리 890-10,35.43359671,128.3150804,접수대,,055-570-4043,2025-08-22,5390000,경상남도 의령군
궁류보건지소,경상남도,의령군,경상남도 의령군 궁류면 궁류로4길 3,경상남도 의령군 궁류면 토곡리 602-1,35.44720956,128.2492476,접수대,,055-570-4043,2025-08-22,5390000,경상남도 의령군
봉수보건지소,경상남도,의령군,경상남도 의령군 봉수면 대한로 1213,경상남도 의령군 봉수면 죽전리 357-1,35.47145743,128.2695258,접수대,,055-570-4043,2025-08-22,5390000,경상남도 의령군
부림보건지소,경상남도,의령군,경상남도 의령군 부림면 신번로 10길 21-5,경상남도 의령군 부림면 신반리 509-6,35.46783399,128.3261678,접수대,,055-570-4043,2025-08-22,5390000,경상남도 의령군
낙서보건지소,경상남도,의령군,경상남도 의령군 낙서면 낙서로 509-4,경상남도 의령군 낙서면 전화리 228-1,35.48380536,128.3769914,접수대,,055-570-4043,2025-08-22,5390000,경상남도 의령군
지정보건지소,경상남도,의령군,경상남도 의령군 지정면 함의로 1528,경상남도 의령군 지정면 봉곡리 717,35.38301995,128.3867773,접수대,,055-570-4043,2025-08-22,5390000,경상남도 의령군
정곡보건지소,경상남도,의령군,경상남도 의령군 정곡면 법정로 932-7,경상남도 의령군 정곡면 중교리 491-3,35.38046596,128.3261262,접수대,,055-570-4043,2025-08-22,5390000,경상남도 의령군
용덕보건지소,경상남도,의령군,경상남도 의령군 용덕면 용암로1길 4,경상남도 의령군 용덕면 운곡리 236-2,35.34808703,128.2914169,접수대,,055-570-4043,2025-08-22,5390000,경상남도 의령군
화정보건지소,경상남도,의령군,경상남도 의령군 화정면 화정로 298-6,경상남도 의령군 화정면 상정리 1180-3,35.27744729,128.2105411,접수대,,055-570-4043,2025-08-22,5390000,경상남도 의령군
대의보건지소,경상남도,의령군,경상남도 의령군 대의면 대의로 44-6,경상남도 의령군 대의면 마쌍리 458-10,35.3720682,128.1082043,접수대,,055-570-4043,2025-08-22,5390000,경상남도 의령군
칠곡보건지소,경상남도,의령군,경상남도 의령군 칠곡면 칠곡로 40-8,경상남도 의령군 칠곡면 신포리 447-2,35.34032862,128.1927834,접수대,,055-570-4043,2025-08-22,5390000,경상남도 의령군
의령군 보건소,경상남도,의령군,경상남도 의령군 의령읍 의병로8길 16,경상남도 의령군 의령읍 서동리 534,35.31781883,128.2547694,접수대,,055-570-4043,2025-08-22,5390000,경상남도 의령군
유곡면 행정복지센터,경상남도,의령군,경상남도 의령군 유곡면 마장로 10,경상남도 의령군 유곡면 칠곡리 334-1,35.43331339,128.3135132,민원실,,055-570-4043,2025-08-22,5390000,경상남도 의령군
궁류면 행정복지센터,경상남도,의령군,경상남도 의령군 궁류면 궁류로 124,경상남도 의령군 궁류면 토곡리 602,35.44754716,128.2489606,사무실,,055-570-4043,2025-08-22,5390000,경상남도 의령군
봉수면 행정복지센터,경상남도,의령군,경상남도 의령군 봉수면 대한로 1188,경상남도 의령군 봉수면 죽전리 1316-1,35.47215861,128.2667633,사무실,,055-570-4043,2025-08-22,5390000,경상남도 의령군
부림면 행정복지센터,경상남도,의령군,경상남도 의령군 부림면 대한로 1761,경상남도 의령군 부림면 신반리 545-2,35.46649584,128.3246578,사무실,,055-570-4043,2025-08-22,5390000,경상남도 의령군
낙서면 행정복지센터,경상남도,의령군,경상남도 의령군 낙서면 낙서로 509-3,경상남도 의령군 낙서면 전화리 228-1,35.48414856,128.3770615,사무실,,055-570-4043,2025-08-22,5390000,경상남도 의령군
지정면 행정복지센터,경상남도,의령군,경상남도 의령군 지정면 함의로5길 8,경상남도 의령군 지정면 봉곡리 723,35.38214765,128.3858105,사무실,,055-570-4043,2025-08-22,5390000,경상남도 의령군
정곡면 행정복지센터,경상남도,의령군,경상남도 의령군 정곡면 법정로 932-7,경상남도 의령군 정곡면 중교리 491-3,35.38046596,128.3261262,사무실,,055-570-4043,2025-08-22,5390000,경상남도 의령군
용덕면 행정복지센터,경상남도,의령군,경상남도 의령군 용덕면 용암로1길 4,경상남도 의령군 용덕면 운곡리 236-2,35.34808703,128.2914169,사무실,,055-570-4043,2025-08-22,5390000,경상남도 의령군
화정면 행정복지센터,경상남도,의령군,경상남도 의령군 화정면 화정로 294,경상남도 의령군 화정면 상정리 617-2,35.27770632,128.211162,사무실,,055-570-4043,2025-08-22,5390000,경상남도 의령군
대의면 행정복지센터,경상남도,의령군,경상남도 의령군 대의면 대의로 42,경상남도 의령군 대의면 마쌍리 458-4,35.37189899,128.1083174,사무실,,055-570-4043,2025-08-22,5390000,경상남도 의령군
칠곡면 행정복지센터,경상남도,의령군,경상남도 의령군 칠곡면 칠곡로 33,경상남도 의령군 칠곡면 외조리 105-5,35.34146499,128.1924216,사무실,,055-570-4043,2025-08-22,5390000,경상남도 의령군
의령읍 행정복지센터,경상남도,의령군,경상남도 의령군 의령읍 의병로19길 15,경상남도 의령군 의령읍 중동리 264-3,35.32120061,128.2604388,사무실,,055-570-4043,2025-08-22,5390000,경상남도 의령군
의령군청 민원봉사과,경상남도,의령군,경상남도 의령군 의령읍 충익로63,경상남도 의령군 의령읍 중동리 261-1,35.32237273,128.2613949,사무실,,055-570-4043,2025-08-22,5390000,경상남도 의령군
신내2동주민센터,서울특별시,중랑구,서울특별시 중랑구 봉화산로 190,서울특별시 중랑구 신내동 665,37.60626095,127.094155,,,02-2094-1954,2025-08-25,3060000,서울특별시 중랑구
신내1동주민센터,서울특별시,중랑구,서울특별시 중랑구 용마산로129나길 35,서울특별시 중랑구 신내동 448-1,37.60586933,127.0995055,,,02-2094-1954,2025-08-25,3060000,서울특별시 중랑구
망우3동주민센터,서울특별시,중랑구,서울특별시 중랑구 겸재로61길 40,서울특별시 중랑구 망우동 529-2,37.59189513,127.0949177,,,02-2094-1954,2025-08-25,3060000,서울특별시 중랑구
망우본동주민센터,서울특별시,중랑구,서울특별시 중랑구 망우로67길 10,서울특별시 중랑구 망우동 340-17,37.60055921,127.1014833,,,02-2094-1954,2025-08-25,3060000,서울특별시 중랑구
묵2동주민센터,서울특별시,중랑구,서울특별시 중랑구 중랑역로 181,서울특별시 중랑구 묵동 243-1,37.60960412,127.0760103,,,02-2094-1954,2025-08-25,3060000,서울특별시 중랑구
묵1동주민센터,서울특별시,중랑구,서울특별시 중랑구 공릉로2가길 5,서울특별시 중랑구 묵동 174-3,37.61241106,127.0784838,,,02-2094-1954,2025-08-25,3060000,서울특별시 중랑구
중화2동주민센터,서울특별시,중랑구,서울특별시 중랑구 봉화산로27,서울특별시 중랑구 중화동 311-6,37.60202101,127.0774218,,,02-2094-1954,2025-08-25,3060000,서울특별시 중랑구
중화1동주민센터,서울특별시,중랑구,서울특별시 중랑구 동일로134길 17,서울특별시 중랑구 중화동 287-3,37.60117399,127.0806607,,,02-2094-1954,2025-08-25,3060000,서울특별시 중랑구
상봉2동주민센터,서울특별시,중랑구,서울특별시 중랑구 동일로114길 10,서울특별시 중랑구 상봉동 126,37.59289489,127.0808529,,,02-2094-1954,2025-08-25,3060000,서울특별시 중랑구
상봉1동주민센터,서울특별시,중랑구,서울특별시 중랑구 상봉중앙로1길 6,서울특별시 중랑구 상봉동 204-1,37.5998368,127.0871662,,,02-2094-1954,2025-08-25,3060000,서울특별시 중랑구
면목7동주민센터,서울특별시,중랑구,서울특별시 중랑구 면목로36길 4,서울특별시 중랑구 면목동 354,37.57775582,127.0860637,,,02-2094-1954,2025-08-25,3060000,서울특별시 중랑구
면목5동주민센터,서울특별시,중랑구,서울특별시 중랑구 동일로 619,서울특별시 중랑구 면목동 175-18,37.58574792,127.0794801,,,02-2094-1954,2025-08-25,3060000,서울특별시 중랑구
면목4동주민센터,서울특별시,중랑구,서울특별시 중랑구 면목로 246,서울특별시 중랑구 면목동 378-9,37.57470357,127.0856046,,,02-2094-1954,2025-08-25,3060000,서울특별시 중랑구
면목3.8동주민센터,서울특별시,중랑구,서울특별시 중랑구 사가정로51길 48,서울특별시 중랑구 면목동 498-6,37.58295821,127.088074,,,02-2094-1954,2025-08-25,3060000,서울특별시 중랑구
면목2동주민센터,서울특별시,중랑구,서울특별시 중랑구 동일로101길 20-15,서울특별시 중랑구 면목동 180-8,37.58977212,127.0790343,,,02-2094-1954,2025-08-25,3060000,서울특별시 중랑구
면목본동주민센터,서울특별시,중랑구,서울특별시 중랑구 면목로 397,서울특별시 중랑구 면목동 115-18,37.58735132,127.0875562,,,02-2094-1954,2025-08-25,3060000,서울특별시 중랑구
엄궁동 행정복지센터,부산광역시,사상구,부산광역시 사상구 엄궁북로 15,부산광역시 사상구 엄궁동 618-31,35.12869231,128.9722029,센터 입구,,,2025-08-25,3390000,부산광역시 사상구
학장동 행정복지센터,부산광역시,사상구,부산광역시 사상구 학감대로147번길 11,부산광역시 사상구 학장동 386-1,35.144159,128.987331,센터 입구,,,2025-08-25,3390000,부산광역시 사상구
주례3동 행정복지센터,부산광역시,사상구,부산광역시 사상구 냉정로 10,부산광역시 사상구 주례동 595-3,35.1473503999,129.001430,센터 입구,,,2025-08-25,3390000,부산광역시 사상구
주례2동 행정복지센터,부산광역시,사상구,부산광역시 사상구 주례로10번길 15,부산광역시 사상구 주례동 154-1,35.150097,129.0104205575,센터 입구,,,2025-08-25,3390000,부산광역시 사상구
주례1동 행정복지센터,부산광역시,사상구,부산광역시 사상구 가야대로255번길 17,부산광역시 사상구 주례동 437-1,35.15133904,129.0010988,센터 입구,,,2025-08-25,3390000,부산광역시 사상구
감전동행정복지센터,부산광역시,사상구,부산광역시 사상구 새벽시장로56번길 20,부산광역시 사상구 감전동 920-10,35.15420138,128.979429,센터 입구,,,2025-08-25,3390000,부산광역시 사상구
괘법동행정복지센터,부산광역시,사상구,부산광역시 사상구 광장로97번길 6,부산광역시 사상구 괘법동 541-24,35.16375865,128.9871931,센터 입구,,,2025-08-25,3390000,부산광역시 사상구
덕포2동 행정복지센터,부산광역시,사상구,부산광역시 사상구 사상로333번길 17,부산광역시 사상구 덕포동 403-9,35.1744533861,128.982978,센터 입구,,,2025-08-25,3390000,부산광역시 사상구
덕포1동 행정복지센터,부산광역시,사상구,부산광역시 사상구 강선로 31,부산광역시 사상구 덕포동 796,35.169423,128.985710,센터 입구,,,2025-08-25,3390000,부산광역시 사상구
모라3동 행정복지센터,부산광역시,사상구,부산광역시 사상구 모라로110번길 99,부산광역시 사상구 모라동 551-1,35.1846544638,128.9960601064,센터 입구,,,2025-08-25,3390000,부산광역시 사상구
모라1동 행정복지센터,부산광역시,사상구,부산광역시 사상구 모라로 93,부산광역시 사상구 모라동 453,35.187095,128.989878,센터 입구,,,2025-08-25,3390000,부산광역시 사상구
삼락동 행정복지센터,부산광역시,사상구,부산광역시 사상구 낙동대로1310번길 19,부산광역시 사상구 삼락동 396-23,35.1770106221,128.9776416273,센터 입구,,,2025-08-25,3390000,부산광역시 사상구
사상보건소,부산광역시,사상구,부산광역시 사상구 학감대로 242,부산광역시 사상구 감전동138-8,35.152510,128.9914561312,4층 보건행정과,,,2025-08-25,3390000,부산광역시 사상구
민락동 행정복지센터,부산광역시,수영구,부산광역시 수영구 광안해변로295번길 20 (민락동),부산광역시 수영구 민락동 34-10,35.15726088,129.1254347,1층(실내),,051-610-8990,2025-08-14,3380000,부산광역시 수영구
광안4동 행정복지센터,부산광역시,수영구,부산광역시 수영구 수영로 541 (광안동),부산광역시 수영구 광안동 379-29,35.15410464,129.1119355,1층(실내),,051-610-8980,2025-08-14,3380000,부산광역시 수영구
광안3동 행정복지센터,부산광역시,수영구,부산광역시 수영구 연수로404번길 27(광안동),부산광역시 수영구 광안동 1069-11,35.16753029,129.1124807,1층(실내),,051-610-8970,2025-08-14,3380000,부산광역시 수영구
광안2동 행정복지센터,부산광역시,수영구,부산광역시 수영구 광안로16번길 22 (광안동),부산광역시 수영구 광안동 509-19,35.15578167,129.1138461,1층(실내),,051-610-8960,2025-08-14,3380000,부산광역시 수영구
광안1동 행정복지센터,부산광역시,수영구,부산광역시 수영구 광일로14번길 17 (광안동),부산광역시 수영구 광안동 494-1,35.16289785,129.1124066,1층(실내),,051-610-8950,2025-08-14,3380000,부산광역시 수영구
망미2동 행정복지센터,부산광역시,수영구,부산광역시 수미로35번길 40 (망미동),부산광역시 수영구 망미동 257-2,35.17531035,129.1152984,1층(실내),,051-610-8940,2025-08-14,3380000,부산광역시 수영구
망미1동 행정복지센터,부산광역시,수영구,부산광역시 연수로315번길 23 (망미동),부산광역시 수영구 망미동 640-15,35.17343215,129.1048547,1층(실내),,051-610-8930,2025-08-14,3380000,부산광역시 수영구
수영동 행정복지센터,부산광역시,수영구,부산광역시 수영구 수영성로 36 (수영동),부산광역시 수영구 수영동 191-2,35.17050809,129.1160451,1층(실내),,051-610-8920,2025-08-14,3380000,부산광역시 수영구
남천2동 행정복지센터,부산광역시,수영구,부산광역시 수영구 광안해변로 99 (남천동),부산광역시 수영구 남천동 148-75,35.14382116,129.1147255,1층(실내),,051-610-8910,2025-08-14,3380000,부산광역시 수영구
남천1동 행정복지센터,부산광역시,수영구,부산광역시 수영구 남천동로 13 (남천동),부산광역시 수영구 남천동 14-28,35.14268985,129.1103205,1층(실내),,051-610-5901,2025-08-14,3380000,부산광역시 수영구
수영구 보건소,부산광역시,수영구,부산광역시 수영구 수영로 637-5 (광안동),부산광역시 수영구 광안동 661-1,35.16247327,129.1134875,2층(실내),,051-752-4000,2025-08-14,3380000,부산광역시 수영구
한독약국,경상북도,영덕군,경상북도 영덕군 축산면 축산항4길 11,,36.5076540452,129.4466448231,,,054-730-6825,2025-08-20,5180000,경상북도 영덕군
열린약국,경상북도,영덕군,경상북도 영덕군 축산면 영덕대게로 2073,,36.5069847303,129.4433687593,,,054-730-6825,2025-08-20,5180000,경상북도 영덕군
영해약국,경상북도,영덕군,경상북도 영덕군 영해면 예주시장길 9,,36.5387505641,129.4052211849,,,054-730-6825,2025-08-20,5180000,경상북도 영덕군
대승약국,경상북도,영덕군,경상북도 영덕군 영해면 예주시장길 8,,36.5383501099,129.4047610806,,,054-730-6825,2025-08-20,5180000,경상북도 영덕군
경북약국,경상북도,영덕군,경상북도 영덕군 영해면 예주시장길 46,,36.5395815375,129.4088764431,,,054-730-6825,2025-08-20,5180000,경상북도 영덕군
예주약국,경상북도,영덕군,경상북도 영덕군 영해면 예주시장길 10,,36.5384533273,129.4052000276,,,054-730-6825,2025-08-20,5180000,경상북도 영덕군
바다약국,경상북도,영덕군,경상북도 영덕군 영해면 예주시장7길 3,,36.5398506891,129.4087671218,,,054-730-6825,2025-08-20,5180000,경상북도 영덕군
현대약국,경상북도,영덕군,경상북도 영덕군 영해면 영덕로 1612-1,,36.5233909608,129.4031928021,,,054-730-6825,2025-08-20,5180000,경상북도 영덕군
영덕종합약국,경상북도,영덕군,경상북도 영덕군 영덕읍 중앙길 96-16,,36.4116780393,129.3700249134,,,054-730-6825,2025-08-20,5180000,경상북도 영덕군
광약국,경상북도,영덕군,경상북도 영덕군 영덕읍 중앙길 94,,36.4110638051,129.3698193217,,,054-730-6825,2025-08-20,5180000,경상북도 영덕군
수정약국,경상북도,영덕군,경상북도 영덕군 영덕읍 중앙길 91,,36.4106260686,129.3699447885,,,054-730-6825,2025-08-20,5180000,경상북도 영덕군
주약국,경상북도,영덕군,경상북도 영덕군 영덕읍 중앙길 90,,36.4109441671,129.3702091476,,,054-730-6825,2025-08-20,5180000,경상북도 영덕군
연합약국,경상북도,영덕군,경상북도 영덕군 영덕읍 중앙길 108-47,,36.411915262,129.3680956649,,,054-730-6825,2025-08-20,5180000,경상북도 영덕군
대구약국,경상북도,영덕군,경상북도 영덕군 영덕읍 중앙길 108-37,,36.4117953863,129.3680709577,,,054-730-6825,2025-08-20,5180000,경상북도 영덕군
큰사랑약국,경상북도,영덕군,경상북도 영덕군 영덕읍 중앙길 107,,36.4110554037,129.3683998148,,,054-730-6825,2025-08-20,5180000,경상북도 영덕군
참약국,경상북도,영덕군,경상북도 영덕군 영덕읍 중앙길 106,,36.4112338116,129.3685803416,,,054-730-6825,2025-08-20,5180000,경상북도 영덕군
제일약국,경상북도,영덕군,"경상북도 영덕군 영덕읍 덕곡2길 8, 1층",,36.4124465402,129.3699116167,,,054-730-6825,2025-08-20,5180000,경상북도 영덕군
백화점약국,경상북도,영덕군,"경상북도 영덕군 남정면 동해대로 4068, 1층",,36.3221490565,129.3810490687,,,054-730-6825,2025-08-20,5180000,경상북도 영덕군
명신온누리약국,경상북도,영덕군,경상북도 영덕군 강구면 영덕대게로 34,,36.3601760483,129.3825794804,,,054-730-6825,2025-08-20,5180000,경상북도 영덕군
고은약국,경상북도,영덕군,경상북도 영덕군 강구면 동해대로 4467,,36.356069977,129.380478662,,,054-730-6825,2025-08-20,5180000,경상북도 영덕군
장수약국,경상북도,영덕군,경상북도 영덕군 강구면 동해대로  4479,,36.3571421702,129.3802724015,,,054-730-6825,2025-08-20,5180000,경상북도 영덕군
참조은약국,경상북도,영덕군,경상북도 영덕군 강구면 강구대게3길 11-1,,36.3594651601,129.3838591502,,,054-730-6825,2025-08-20,5180000,경상북도 영덕군
신리 보건진료소,경상북도,영덕군,경상북도 영덕군 창수면 영양창수로 2307,,36.5766857298,129.2764546473,,,054-730-6825,2025-08-20,5180000,경상북도 영덕군
오촌 보건진료소,경상북도,영덕군,경상북도 영덕군 창수면 오서로 951,,36.6125231577,129.3215474713,,,054-730-6825,2025-08-20,5180000,경상북도 영덕군
금곡 보건진료소,경상북도,영덕군,경상북도 영덕군 병곡면 거무실길 9,,36.637808047,129.4149945432,,,054-730-6825,2025-08-20,5180000,경상북도 영덕군
원황 보건진료소,경상북도,영덕군,경상북도 영덕군 병곡면 원황길 79,,36.5683573968,129.3915980728,,,054-730-6825,2025-08-20,5180000,경상북도 영덕군
사진 보건진료소,경상북도,영덕군,경상북도 영덕군 영해면 괴시사진길 327-26,,36.5311444521,129.4390715095,,,054-730-6825,2025-08-20,5180000,경상북도 영덕군
상원 보건진료소,경상북도,영덕군,경상북도 영덕군 축산면 영축로 969,,36.5088917009,129.4050867837,,,054-730-6825,2025-08-20,5180000,경상북도 영덕군
원전 보건진료소,경상북도,영덕군,경상북도 영덕군 지품면 경동로 5984,,36.4852320698,129.188156542,,,054-730-6825,2025-08-20,5180000,경상북도 영덕군
옥산 보건진료소,경상북도,영덕군,경상북도 영덕군 달산면 팔각산로 1143,,36.3576598195,129.2821464099,,,054-730-6825,2025-08-20,5180000,경상북도 영덕군
용전 보건진료소,경상북도,영덕군,경상북도 영덕군 달산면 용전길 6,,36.3941171291,129.2566907202,,,054-730-6825,2025-08-20,5180000,경상북도 영덕군
도천 보건진료소,경상북도,영덕군,경상북도 영덕군 남정면 도천1길 17,,36.3097284946,129.3526523481,,,054-730-6825,2025-08-20,5180000,경상북도 영덕군
원직 보건진료소,경상북도,영덕군,경상북도 영덕군 강구면 직천2길 37,,36.3797181365,129.3637484499,,,054-730-6825,2025-08-20,5180000,경상북도 영덕군
오보 보건진료소,경상북도,영덕군,경상북도 영덕군 영덕읍 매정길 359,,36.4410538391,129.4303538856,,,054-730-6825,2025-08-20,5180000,경상북도 영덕군
창포 보건진료소,경상북도,영덕군,경상북도 영덕군 영덕읍 영덕대게로 767-6,,36.4071551944,129.425195478,,,054-730-6825,2025-08-20,5180000,경상북도 영덕군
창수보건지소,경상북도,영덕군,경상북도 영덕군 창수면 신기길 8-7,,36.5462083363,129.3494529645,,,054-730-6825,2025-08-20,5180000,경상북도 영덕군
병곡보건지소,경상북도,영덕군,경상북도 영덕군 병곡면 병곡길 74,,36.6023547939,129.4103659426,,,054-730-6825,2025-08-20,5180000,경상북도 영덕군
영해보건지소,경상북도,영덕군,경상북도 영덕군 영해면 예주목은길 87,,36.5415025469,129.4062593998,,,054-730-6825,2025-08-20,5180000,경상북도 영덕군
축산보건지소,경상북도,영덕군,경상북도 영덕군 축산면 영덕대게로 2056,,36.5058037801,129.4423544839,,,054-730-6825,2025-08-20,5180000,경상북도 영덕군
지품보건지소,경상북도,영덕군,경상북도 영덕군 지품면 신안1길 3-4,,36.44808009,129.2820178071,,,054-730-6825,2025-08-20,5180000,경상북도 영덕군
달산보건지소,경상북도,영덕군,경상북도 영덕군 달산면 팔각산로 1857,,36.4010881045,129.3016865818,,,054-730-6825,2025-08-20,5180000,경상북도 영덕군
남정보건지소,경상북도,영덕군,경상북도 영덕군 남정면 진불4길 4,,36.2855409948,129.3722543295,,,054-730-6825,2025-08-20,5180000,경상북도 영덕군
강구 건강증진형 보건지소,경상북도,영덕군,경상북도 영덕군 강구면 동해대로 4524,,36.3614839001,129.3792381581,,,054-730-6825,2025-08-20,5180000,경상북도 영덕군
영덕군 보건소,경상북도,영덕군,경상북도 영덕군 영덕읍 군청길 53,,36.4128705231,129.3733040302,,,054-730-6825,2025-08-20,5180000,경상북도 영덕군
석성보건진료소,전라남도,함평군,전라남도 함평군 함평읍 석성길 10,전라남도 함평군 함평읍 석성리 219-4,35.0838108301,126.4610643492,민원인 대기실,,061-320-2443,2025-08-29,4960000,전라남도 함평군
해보보건지소,전라남도,함평군,전라남도 함평군 해보면 유정길 8-11,전라남도 함평군 해보면 금덕리 498-1,35.1793846916,126.6026956959,민원인 대기실,,061-320-2443,2025-08-29,4960000,전라남도 함평군
나산보건지소,전라남도,함평군,전라남도 함평군 나산면 나산길 118,전라남도 함평군 나산면 삼축리 371-1,35.1141294534,126.608400,민원인 대기실,,061-320-2443,2025-08-29,4960000,전라남도 함평군
대동보건지소,전라남도,함평군,전라남도 함평군 대동면 대동길 5-10,전라남도 함평군 대동면 향교리 856,35.068900,126.5314058,민원인 대기실,,061-320-2443,2025-08-29,4960000,전라남도 함평군
엄다보건지소,전라남도,함평군,전라남도 함평군 엄다면 엄다길 55,전라남도 함평군 엄다면 엄다리 803-5,35.01007721,126.5162271,민원인 대기실,,061-320-2443,2025-08-29,4960000,전라남도 함평군
학교보건지소,전라남도,함평군,전라남도 함평군 학교면 함영로 472,전라남도 함평군 학교면 사거리 581,35.01967735,126.5345769,민원인 대기실,,061-320-2443,2025-08-29,4960000,전라남도 함평군
해보면사무소,전라남도,함평군,전라남도 함평군 해보면 밀재로 1264-7,전라남도 함평군 해보면 금덕리 495-1,35.18012652,126.6015474,정문 입구 옆,,061-320-2443,2025-08-29,4960000,전라남도 함평군
대동면사무소,전라남도,함평군,전라남도 함평군 대동면 대동길 5-10,전라남도 함평군 대동면 향교리 856,35.068900,126.5314058,정문 입구 옆,,061-320-2443,2025-08-29,4960000,전라남도 함평군
엄다면사무소,전라남도,함평군,전라남도 함평군 엄다면 엄다길 53,전라남도 함평군 엄다면 엄다리 822,35.0104562631,126.515800,정문 입구 옆,,061-320-2443,2025-08-29,4960000,전라남도 함평군
학교면사무소,전라남도,함평군,전라남도 함평군 학교면 학다리길 330,전라남도 함평군 학교면 학교리 468-1,35.01677954,126.5373826,정문 입구 옆,,061-320-2443,2025-08-29,4960000,전라남도 함평군
손불면사무소,전라남도,함평군,전라남도 함평군 손불면 손불중앙길 76-9,전라남도 함평군 손불면 대전리 223-1,35.14327974,126.4320326,민원창구 옆,,061-320-2443,2025-08-29,4960000,전라남도 함평군
함평읍사무소,전라남도,함평군,전라남도 함평군 함평읍 중앙길 132,전라남도 함평군 함평읍 기각리 906-13,35.0655055444,126.520163326,무인민원발급기 옆,,061-320-2443,2025-08-29,4960000,전라남도 함평군
신광보건지소,전라남도,함평군,전라남도 함평군 신광면 신광중앙길 84,전라남도 함평군 신광면 월암리 200,35.154500,126.497000,민원인 대기실,,061-320-2443,2025-08-29,4960000,전라남도 함평군
광주약국,전라남도,함평군,전라남도 함평군 월야면 밀재로 1511,전라남도 함평군 월야면 월야리 494-31,35.1799375726,126.6271317449,입구 옆,,061-320-2443,2025-08-29,4960000,전라남도 함평군
미래약국,전라남도,함평군,전라남도 함평군 해보면 밀재로 1293,전라남도 함평군 해보면 문장리 822-51,35.18104396,126.6048636,입구 옆,,061-320-2443,2025-08-29,4960000,전라남도 함평군
태평양약국,전라남도,함평군,전라남도 함평군 나산면 나산길 64,전라남도 함평군 나산면 삼축리 284-8,35.1126128,126.6106919,조제실 안,,061-320-2443,2025-08-29,4960000,전라남도 함평군
건강약국,전라남도,함평군,전라남도 함평군 학교면 사거리길 11,전라남도 함평군 학교면 사거리 621-22,35.02172192,126.5341275,조제실 안,,061-320-2443,2025-08-29,4960000,전라남도 함평군
사거리약국,전라남도,함평군,전라남도 함평군 학교면 함영로 501-3,전라남도 함평군 학교면 사거리 621-48,35.02194726,126.5326036,약 진열대 옆,,061-320-2443,2025-08-29,4960000,전라남도 함평군
우리약국,전라남도,함평군,전라남도 함평군 손불면 손불중앙길 75,전라남도 함평군 손불면 대전리 294-22,35.1435838799,126.430500,약 진열대 옆,,061-320-2443,2025-08-29,4960000,전라남도 함평군
중앙약국,전라남도,함평군,전라남도 함평군 함평읍 중앙길 115,전라남도 함평군 함평읍 내교리 217-9,35.06466388,126.5211522,조제실 안,,061-320-2443,2025-08-29,4960000,전라남도 함평군
하나로 약국,전라남도,함평군,전라남도 함평군 함평읍 내바람길 42,전라남도 함평군 함평읍 내교리 199,35.0622573736,126.5212078748,조제실 안,,061-320-2443,2025-08-29,4960000,전라남도 함평군
평화약국,전라남도,함평군,전라남도 함평군 함평읍 광남길 88,전라남도 함평군 함평읍 내교리 203-10,35.063550,126.520400,입구 옆,,061-320-2443,2025-08-29,4960000,전라남도 함평군
천지약국,전라남도,함평군,전라남도 함평군 함평읍 영수길 136,전라남도 함평군 함평읍 내교리 168-1,35.0620606671,126.5198551578,약 진열대 옆,,061-320-2443,2025-08-29,4960000,전라남도 함평군
함평군보건소,전라남도,함평군,전라남도 함평군 함평읍 중앙길 54-8,전라남도 함평군 함평읍 기각리 253,35.0621528289,126.524224736,보건소 1층 민원창구 옆,,061-320-2443,2025-08-29,4960000,전라남도 함평군
백세로약국,전라남도,함평군,전라남도 함평군 함평읍 중앙길 70,전라남도 함평군 함평읍 기각리 998-4,35.0630804375,126.5226560536,약 진열대 옆,,061-320-2443,2025-08-29,4960000,전라남도 함평군
대동약국,전라남도,함평군,전라남도 함평군 함평읍 중앙길 133,전라남도 함평군 함평읍 기각리 884-6,35.06481343,126.520400,조제실 안,,061-320-2443,2025-08-29,4960000,전라남도 함평군
정산보건진료소,전라남도,함평군,전라남도 함평군 월야면 해삼로 602,전라남도 함평군 월야면 용암리 339-22,35.200610,126.610700,민원인 대기실,,061-320-2443,2025-08-29,4960000,전라남도 함평군
양정보건진료소,전라남도,함평군,전라남도 함평군 월야면 갈동길 25,전라남도 함평군 월야면 양정리 288-4,35.16386733,126.6304108,민원인 대기실,,061-320-2443,2025-08-29,4960000,전라남도 함평군
계림보건진료소,전라남도,함평군,전라남도 함평군 월야면 금치죽림길 4-6,전라남도 함평군 월야면 계림리 506-4,35.21318552,126.6275777,민원인 대기실,,061-320-2443,2025-08-29,4960000,전라남도 함평군
용두보건진료소,전라남도,함평군,전라남도 함평군 나산면 회화정길 17,전라남도 함평군 나산면 이문리 944-8,35.13918905,126.6265862,민원인 대기실,,061-320-2443,2025-08-29,4960000,전라남도 함평군
덕산보건진료소,전라남도,함평군,전라남도 함평군 대동면 외덕길 7,전라남도 함평군 대동면 덕산리 295-3,35.090750,126.5140975722,민원인 대기실,,061-320-2443,2025-08-29,4960000,전라남도 함평군
영흥보건진료소,전라남도,함평군,전라남도 함평군 엄다면 영흥길 78-23,전라남도 함평군 엄다면 영흥리 696-1,34.988750,126.5272899,민원인 대기실,,061-320-2443,2025-08-29,4960000,전라남도 함평군
죽장보건진료소,전라남도,함평군,전라남도 함평군 손불면 죽암죽장길 356,전라남도 함평군 손불면 죽장리 285-1,35.13982634,126.474200,민원인 대기실,,061-320-2443,2025-08-29,4960000,전라남도 함평군
산남보건진료소,전라남도,함평군,전라남도 함평군 손불면 석산로 516,전라남도 함평군 손불면 산남리 1959-4,35.11977501,126.4254369,민원인 대기실,,061-320-2443,2025-08-29,4960000,전라남도 함평군
미소약국,충청남도,홍성군,충청남도 홍성군 홍북읍 청사로 150번길 20,충청남도 홍성군 홍북읍 신경리 588,36.65703945,126.6807541,,,041-631-1988,2025-08-29,4600000,충청남도 홍성군
휴베이스 내포우리약국,충청남도,홍성군,충청남도 홍성군 홍북읍 청사로48번길 4,충청남도 홍성군 홍북읍 신경리 1179,36.64863967,126.6752621,,,041-635-1117,2025-08-29,4600000,충청남도 홍성군
365 스마일 약국,충청남도,홍성군,충청남도 홍성군 홍북읍 홍학로 95,충청남도 홍성군 홍북읍 신경리 1188,36.6468459,126.6764622,,,0507-1347-365,2025-08-29,4600000,충청남도 홍성군
홍예약국,충청남도,홍성군,충청남도 홍성군 홍북읍 청사로 146,충청남도 홍성군 홍북읍 신경리 587,36.65704329,126.6793668,,,041-631-1956,2025-08-29,4600000,충청남도 홍성군
백쪼약국,충청남도,홍성군,충청남도 홍성군 홍성읍 조양로 203,충청남도 홍성군 홍성읍 고암리 947,36.6004788,126.672341,,,041-632-8562,2025-08-29,4600000,충청남도 홍성군
행복나눔약국,충청남도,홍성군,충청남도 홍성군 홍성읍 조양로 221-1,충청남도 홍성군 홍성읍 고암리 1015-1,36.60002063,126.6741383,,,041-634-2728,2025-08-29,4600000,충청남도 홍성군
온누리약국,충청남도,홍성군,충청남도 홍성군 홍성읍 조양로 221,충청남도 홍성군 홍성읍 고암리 1015,36.59997485,126.6742686,,,041-631-1023,2025-08-29,4600000,충청남도 홍성군
메디팜정약국,충청남도,홍성군,충청남도 홍성군 홍성읍 오관리 309-2,충청남도 홍성군 홍성읍 오관리 309-2,36.60087605,126.6670205,,,041-634-6001,2025-08-29,4600000,충청남도 홍성군
유약국,충청남도,홍성군,충청남도 홍성군 홍성읍 조양로 141,충청남도 홍성군 홍성읍 오관리 285,36.60187367,126.6656566,,,041-631-3900,2025-08-29,4600000,충청남도 홍성군
웰빙몰약국,충청남도,홍성군,충청남도 홍성군 홍성읍 충절로 1051,충청남도 홍성군 홍성읍 오관리 366-7,36.59921963,126.6663639,,,041-632-6263,2025-08-29,4600000,충청남도 홍성군
금당보건진료소,충청남도,홍성군,충청남도 홍성군 홍동면 초롱산길 16,충청남도 홍성군 홍동면 금당리 632-5,36.56777022,126.7250649,,,041-633-3697,2025-08-29,4600000,충청남도 홍성군
구항보건지소,충청남도,홍성군,충청남도 홍성군 구항면 구항길 107,충청남도 홍성군 구항면 오봉리 726-1,36.58773916,126.6104172,,,041-630-9956,2025-08-29,4600000,충청남도 홍성군
갈산보건지소,충청남도,홍성군,충청남도 홍성군 갈산면 갈산로120번길2,충청남도 홍성군 갈산면 상촌리 171-7,36.60325479,126.5517173,,,041-630-9886,2025-08-29,4600000,충청남도 홍성군
서부보건지소,충청남도,홍성군,충청남도 홍성군 서부면 이호길 41,충청남도 홍성군 서부면 이호리 262-1,36.58137595,126.5133721,,,041-630-9916,2025-08-29,4600000,충청남도 홍성군
결성보건지소,충청남도,홍성군,충청남도 홍성군 결성면 홍남서로 708,충청남도 홍성군 결성면 읍내리 466-2,36.52634936,126.5445006,,,041-630-9935,2025-08-29,4600000,충청남도 홍성군
은하보건지소,충청남도,홍성군,충청남도 홍성군 은하면 은하로 267,충청남도 홍성군 은하면 대천리 227-2,36.53276853,126.5899851,,,041-630-9943,2025-08-29,4600000,충청남도 홍성군
장곡보건지소,충청남도,홍성군,충청남도 홍성군 장곡면 홍남동로 502,,36.50192673,126.6936686,,,041-630-9904,2025-08-29,4600000,충청남도 홍성군
홍동보건지소,충청남도,홍성군,충청남도 홍성군 홍동면 광금남로 679,충청남도 홍성군 홍동면 운월리 313-10,36.55951454,126.686909,,,041-630-9894,2025-08-29,4600000,충청남도 홍성군
금마보건지소,충청남도,홍성군,충청남도 홍성군 금마면 광금북로482번길 18,충청남도 홍성군 금마면 부평리 101-1,36.6126255,126.7337031,,,041-630-9224,2025-08-29,4600000,충청남도 홍성군
홍북보건지소,충청남도,홍성군,충청남도 홍성군 홍북읍 홍북로 442,충청남도 홍성군 홍북읍 대동리 202-1,36.64906443,126.6920443,,,041-630-9873,2025-08-29,4600000,충청남도 홍성군
광천보건지소,충청남도,홍성군,충청남도 홍성군 광천읍 광천로 343,충청남도 홍성군 광천읍 신진리 461,36.50420653,126.6245842,,,041-630-9924,2025-08-29,4600000,충청남도 홍성군
홍성군보건소,충청남도,홍성군,충청남도 홍성군 홍성읍 문화로 106,충청남도 홍성군 홍성읍 오관리 474-7,36.59664119,126.6630605,,,041-630-9022,2025-08-29,4600000,충청남도 홍성군
상대동 행정복지센터,대전광역시,유성구,대전광역시 유성구 월드컵대로316번길 28-7,대전광역시 유성구 상대동 455-1,36.34680475,127.334693,,,042-611-2321,2025-08-31,3670000,대전광역시 유성구
학하동 행정복지센터,대전광역시,유성구,대전광역시 유성구 학하서로 190,대전광역시 유성구 학하동 557-2,36.344055,127.306540,,,042-611-2321,2025-08-31,3670000,대전광역시 유성구
유성실버복지센터,대전광역시,유성구,대전광역시 유성구 원신흥남로27번길 54,대전광역시 유성구 원신흥동 578-2,36.33415577,127.3355132,,,042-611-2321,2025-08-31,3670000,대전광역시 유성구
유성구청민원실,대전광역시,유성구,대전광역시 유성구 대학로 211(어은동),대전광역시 유성구 어은동 109,36.36258889,127.3567446,,,042-611-2321,2025-08-31,3670000,대전광역시 유성구
한빛약국,대전광역시,유성구,"대전광역시 유성구 어은로 57, 한빛프라자 101호 (어은동)",대전광역시 유성구 어은동 99,36.36350959,127.3536615,,,042-611-2321,2025-08-31,3670000,대전광역시 유성구
한마을약국,대전광역시,유성구,"대전광역시 유성구 구즉로 16, 상가동 1층 114호 (송강동, 한마을아파트)",대전광역시 유성구 송강동 200-4,36.43083276,127.3845224,,,042-611-2321,2025-08-31,3670000,대전광역시 유성구
하연약국,대전광역시,유성구,"대전광역시 유성구 신성로72번길 66, (신성동)",대전광역시 유성구 신성동 214-8,36.38714869,127.3502339,,,042-611-2321,2025-08-31,3670000,대전광역시 유성구
푸른약국,대전광역시,유성구,"대전광역시 유성구 진잠로149번길 17, 연빌딩 1층 (교촌동)",대전광역시 유성구 교촌동 624-26,36.30436808,127.3176382,,,042-611-2321,2025-08-31,3670000,대전광역시 유성구
초록온누리약국,대전광역시,유성구,"대전광역시 유성구 어은로 57, 한빛프라자 1층 111호 (어은동)",대전광역시 유성구 어은동 99,36.36350959,127.3536615,,,042-611-2321,2025-08-31,3670000,대전광역시 유성구
지혜당약국,대전광역시,유성구,"대전광역시 유성구 어은로 52, (어은동)",대전광역시 유성구 어은동 110-9,36.36298692,127.3570199,,,042-611-2321,2025-08-31,3670000,대전광역시 유성구
제일약국,대전광역시,유성구,"대전광역시 유성구 월드컵대로275번길 39, 103호 (구암동)",대전광역시 유성구 구암동 623-26,36.35040941,127.3314008806,,,042-611-2321,2025-08-31,3670000,대전광역시 유성구
정다운약국,대전광역시,유성구,"대전광역시 유성구 계룡로 32, (봉명동)",대전광역시 유성구 봉명동 565-1,36.35542038,127.3346421,,,042-611-2321,2025-08-31,3670000,대전광역시 유성구
유성한사랑약국,대전광역시,유성구,"대전광역시 유성구 온천동로 43, 1층 102호 (봉명동)",대전광역시 유성구 봉명동 694-6,36.35536413,127.3506647,,,042-611-2321,2025-08-31,3670000,대전광역시 유성구
유성하나약국,대전광역시,유성구,"대전광역시 유성구 계룡로 92, 상가동 304호 (봉명동, 유성시제이나인파크아파트)",대전광역시 유성구 봉명동 553-2,36.35347449,127.3405944669,,,042-611-2321,2025-08-31,3670000,대전광역시 유성구
월드약국,대전광역시,유성구,"대전광역시 유성구 은구비로 36, 월드코아 1층 (지족동)",대전광역시 유성구 지족동 901-1,36.37561945,127.3189965592,,,042-611-2321,2025-08-31,3670000,대전광역시 유성구
원내성심약국,대전광역시,유성구,"대전광역시 유성구 진잠로78번길 69, (원내동)",대전광역시 유성구 원내동 320-16,36.29936933,127.3197859,,,042-611-2321,2025-08-31,3670000,대전광역시 유성구
우리들의약국,대전광역시,유성구,"대전광역시 유성구 궁동로18번길 31, (궁동)",대전광역시 유성구 궁동 397-8,36.36289041,127.3491649,,,042-611-2321,2025-08-31,3670000,대전광역시 유성구
영광종로약국,대전광역시,유성구,"대전광역시 유성구 반석로 23, 제일프라자 104호 (반석동)",대전광역시 유성구 반석동 639-1,36.39131603,127.3121655,,,042-611-2321,2025-08-31,3670000,대전광역시 유성구
아름다운약국,대전광역시,유성구,"대전광역시 유성구 노은동로 159, (지족동)",대전광역시 유성구 지족동 916-16,36.3746292,127.3223757,,,042-611-2321,2025-08-31,3670000,대전광역시 유성구
신성종로약국,대전광역시,유성구,"대전광역시 유성구 신성남로 49, (신성동)",대전광역시 유성구 신성동 216-6,36.38666186,127.3502045,,,042-611-2321,2025-08-31,3670000,대전광역시 유성구
보명약국,대전광역시,유성구,"대전광역시 유성구 노은로 166, 계룡프라자 104호 (지족동)",대전광역시 유성구 지족동 901-5,36.37445348,127.3184098,,,042-611-2321,2025-08-31,3670000,대전광역시 유성구
반석드림팜약국,대전광역시,유성구,"대전광역시 유성구 반석로 16, (반석동)",대전광역시 유성구 반석동 638-6,36.3918416,127.3126625,,,042-611-2321,2025-08-31,3670000,대전광역시 유성구
믿음이있는약국,대전광역시,유성구,"대전광역시 유성구 지족로 374, 옥타브2상가 110호 (지족동)",대전광역시 유성구 지족동 986-2,36.386627,127.3178796209,,,042-611-2321,2025-08-31,3670000,대전광역시 유성구
미래약국,대전광역시,유성구,"대전광역시 유성구 유성대로 727, (장대동)",대전광역시 유성구 장대동 267-4,36.3585026376,127.3324436,,,042-611-2321,2025-08-31,3670000,대전광역시 유성구
무지개약국,대전광역시,유성구,"대전광역시 유성구 은구비남로33번길 36, 1층 103호 (지족동)",대전광역시 유성구 지족동 907-1,36.37389206,127.3195291,,,042-611-2321,2025-08-31,3670000,대전광역시 유성구
명문약국,대전광역시,유성구,"대전광역시 유성구 계룡로 47, (봉명동)",대전광역시 유성구 봉명동 561-10,36.35532201,127.3364034,,,042-611-2321,2025-08-31,3670000,대전광역시 유성구
명근당약국,대전광역시,유성구,"대전광역시 유성구 어은로58번길 2, (어은동)",대전광역시 유성구 어은동 110,36.36330091,127.3567499,,,042-611-2321,2025-08-31,3670000,대전광역시 유성구
메디팜조은약국,대전광역시,유성구,"대전광역시 유성구 은구비남로 37, (지족동)",대전광역시 유성구 지족동 907-10,36.37239772,127.3198319,,,042-611-2321,2025-08-31,3670000,대전광역시 유성구
드림약국,대전광역시,유성구,"대전광역시 유성구 문화원로 14, (장대동)",대전광역시 유성구 장대동 353-5,36.36136772,127.3377338,,,042-611-2321,2025-08-31,3670000,대전광역시 유성구
두리약국,대전광역시,유성구,"대전광역시 유성구 자운로97번길 410, 자운상가 (신봉동)",대전광역시 유성구 신봉동 230-14,36.41401744,127.3375892,,,042-611-2321,2025-08-31,3670000,대전광역시 유성구
도안참사랑약국,대전광역시,유성구,"대전광역시 유성구 월드컵대로316번길 64, (상대동)",대전광역시 유성구 상대동 455-7,36.34657068,127.3347395,,,042-611-2321,2025-08-31,3670000,대전광역시 유성구
다솜약국,대전광역시,유성구,"대전광역시 유성구 학하서로20번길 21, (계산동)",대전광역시 유성구 계산동 801-3,36.34228439,127.3036728,,,042-611-2321,2025-08-31,3670000,대전광역시 유성구
노은온누리약국,대전광역시,유성구,"대전광역시 유성구 지족동로 152, (지족동)",대전광역시 유성구 지족동 1025-1,36.38743921,127.3087776,,,042-611-2321,2025-08-31,3670000,대전광역시 유성구
노은열린약국,대전광역시,유성구,"대전광역시 유성구 노은동로 153, (지족동)",대전광역시 유성구 지족동 918-13,36.37419669,127.3223906,,,042-611-2321,2025-08-31,3670000,대전광역시 유성구
국민약국,대전광역시,유성구,"대전광역시 유성구 계룡로 44, 1층 (봉명동)",대전광역시 유성구 봉명동 566-5,36.35514757,127.3358254,,,042-611-2321,2025-08-31,3670000,대전광역시 유성구
관평뜰약국,대전광역시,유성구,"대전광역시 유성구 관평2로 56, 도모프라자 101호 (관평동)",대전광역시 유성구 관평동 911,36.422064,127.388093,,,042-611-2321,2025-08-31,3670000,대전광역시 유성구
관평동 행정복지센터,대전광역시,유성구,대전광역시 유성구 관평2로 42 (관평동),대전광역시 유성구 관평동 905,36.42316688,127.3887535,,,042-611-2321,2025-08-31,3670000,대전광역시 유성구
구즉동 행정복지센터,대전광역시,유성구,대전광역시 유성구 구룡달전로 22(봉산동),대전광역시 유성구 봉산동 294,36.4406162804,127.3835311088,,,042-611-2321,2025-08-31,3670000,대전광역시 유성구
진잠동 행정복지센터,대전광역시,유성구,대전광역시 유성구 원내로 5 (원내동),대전광역시 유성구 원내동 213-4,36.29952256,127.3166226,,,042-611-2321,2025-08-31,3670000,대전광역시 유성구
신성동 행정복지센터,대전광역시,유성구,대전광역시 유성구 신성로 55 (하기동),대전광역시 유성구 하기동 18-6,36.38922402,127.3473742,,,042-611-2321,2025-08-31,3670000,대전광역시 유성구
전민동 행정복지센터,대전광역시,유성구,대전광역시 유성구 유성대로 1719 (전민동),대전광역시 유성구 전민동 462-6,36.40000975,127.4003838,,,042-611-2321,2025-08-31,3670000,대전광역시 유성구
노은3동 행정복지센터,대전광역시,유성구,대전광역시 유성구 지족동로 145 (지족동),대전광역시 유성구 지족동 1024-2,36.38680328,127.3079026,,,042-611-2321,2025-08-31,3670000,대전광역시 유성구
노은2동 행정복지센터,대전광역시,유성구,대전광역시 유성구 송림로19번길 35 (하기동),대전광역시 유성구 하기동 411-1,36.38947259,127.3207758,,,042-611-2321,2025-08-31,3670000,대전광역시 유성구
노은1동 행정복지센터,대전광역시,유성구,대전광역시 유성구 노은동로87번길 89 (노은동),대전광역시 유성구 노은동 546,36.36826212,127.3184414,,,042-611-2321,2025-08-31,3670000,대전광역시 유성구
원신흥동 행정복지센터,대전광역시,유성구,대전광역시 유성구 봉명로 27-18 (원신흥동),대전광역시 유성구 원신흥동 491-14,36.34214773,127.3432992,,,042-611-2321,2025-08-31,3670000,대전광역시 유성구
온천2동 행정복지센터,대전광역시,유성구,대전광역시 유성구 장대로 120 (장대동),대전광역시 유성구 장대동 40-2,36.36541741,127.3334205,,,042-611-2321,2025-08-31,3670000,대전광역시 유성구
온천1동 행정복지센터,대전광역시,유성구,대전광역시 유성구 도안대로589번길 35 (봉명동),대전광역시 유성구 봉명동 451,36.35311915,127.3389734,,,042-611-2321,2025-08-31,3670000,대전광역시 유성구
유성구보건소,대전광역시,유성구,대전광역시 유성구 박산로 177,대전광역시 유성구 구암동 91-6,36.3538097,127.3286392,보건소내1층,,042-611-5034,2025-08-31,3670000,대전광역시 유성구
송부동 행정복지센터,경기도,군포시,경기도 군포시 송부로74번길 3-32,경기도 군포시 도마교동 478-2,37.31622446,126.9238208,송부동 행정복지센터입구,,031-390-0251,2025-09-04,4020000,경기도 군포시
대야동 행정복지센터,경기도,군포시,경기도 군포시 대야2로 139,경기도 군포시 대야미동 636-7,37.33028283,126.9153444,대야동 행정복지센터입구,,031-390-0251,2025-09-04,4020000,경기도 군포시
광정동 행정복지센터,경기도,군포시,경기도 군포시 광정로 106,경기도 군포시 산본동 1120-2,37.36208607,126.927942,광정동 행정복지센터입구,,031-390-0251,2025-09-04,4020000,경기도 군포시
궁내동 행정복지센터,경기도,군포시,경기도 군포시 고산로517번길 10,경기도 군포시 산본동 1148-7,37.35965817,126.9218479,궁내동 행정복지센터입구,,031-390-0251,2025-09-04,4020000,경기도 군포시
수리동 행정복지센터,경기도,군포시,경기도 군포시 수리산로 38,경기도 군포시 산본동 1151-7,37.35606667,126.9210368,수리동 행정복지센터입구,,031-390-0251,2025-09-04,4020000,경기도 군포시
오금동 행정복지센터,경기도,군포시,경기도 군포시 고산로 406,경기도 군포시 금정동 871-13,37.35103214,126.9295372,오금동 행정복지센터입구,,031-390-0251,2025-09-04,4020000,경기도 군포시
재궁동 행정복지센터,경기도,군포시,경기도 군포시 번영로550번길 25,경기도 군포시 금정동 850-4,37.35843909,126.9390402,재궁동 행정복지센터입구,,031-390-0251,2025-09-04,4020000,경기도 군포시
금정동 행정복지센터,경기도,군포시,경기도 군포시 금산로 35,경기도 군포시 금정동 705-5,37.36540019,126.9392714,금정동 행정복지센터입구,,031-390-0251,2025-09-04,4020000,경기도 군포시
산본2동 행정복지센터,경기도,군포시,경기도 군포시 고산로 663,경기도 군포시 산본동 1065-1,37.37002007,126.9327115,산본2동 행정복지센터입구,,031-390-0251,2025-09-04,4020000,경기도 군포시
산본1동 행정복지센터,경기도,군포시,경기도 군포시 고산로724번길 13,경기도 군포시 산본동 73-26,37.37336832,126.9385758,산본1동 행정복지센터입구,,031-390-0251,2025-09-04,4020000,경기도 군포시
군포2동 행정복지센터,경기도,군포시,경기도 군포시 고산로 263,경기도 군포시 당동 871-1,37.34634696,126.943080,군포2동 행정복지센터입구,,031-390-0251,2025-09-04,4020000,경기도 군포시
군포1동 행정복지센터,경기도,군포시,경기도 군포시 군포로 531,경기도 군포시 당동 751-15,37.35361204,126.9455589,군포1동 행정복지센터입구,,031-390-0251,2025-09-04,4020000,경기도 군포시
벽송경로당,전라남도,강진군,전라남도 강진군 군동면 풍동1길 33,전라남도 강진군 군동면 풍동리 563,34.65312416,126.8538009,,,,2025-09-10,4920000,전라남도 강진군
봉산경로당,전라남도,강진군,전라남도 강진군 군동면 풍동길 110,전라남도 강진군 군동면 풍동리 1107-6,34.65077238,126.8522107,,,,2025-09-10,4920000,전라남도 강진군
풍동경로당,전라남도,강진군,전라남도 강진군 군동면 풍동1길 19,전라남도 강진군 군동면 풍동리 621-1,34.65224358,126.8545078,,,,2025-09-10,4920000,전라남도 강진군
석동경로당,전라남도,강진군,전라남도 강진군 군동면 석동길 34,전라남도 강진군 군동면 용소리 17-1,34.67649576,126.8569098,,,,2025-09-10,4920000,전라남도 강진군
신기경로당,전라남도,강진군,전라남도 강진군 군동면 신기길 5,전라남도 강진군 군동면 용소리 582-1,34.65366041,126.8456024,,,,2025-09-10,4920000,전라남도 강진군
안지경로당,전라남도,강진군,전라남도 강진군 군동면 안지서길 2,전라남도 강진군 군동면 용소리 461,34.64494453,126.8439732,,,,2025-09-10,4920000,전라남도 강진군
영화경로당,전라남도,강진군,전라남도 강진군 군동면 영화길 17,전라남도 강진군 군동면 화산리 479-4,34.6620775,126.8286958,,,,2025-09-10,4920000,전라남도 강진군
삼화경로당,전라남도,강진군,전라남도 강진군 군동면 금천로 309,전라남도 강진군 군동면 화산리 159,34.66391993,126.8341697,,,,2025-09-10,4920000,전라남도 강진군
화방경로당,전라남도,강진군,전라남도 강진군 군동면 화방1길 6,전라남도 강진군 군동면 화산리 700,34.65960934,126.8246772,,,,2025-09-10,4920000,전라남도 강진군
서은경로당,전라남도,강진군,전라남도 강진군 군동면 서은길 106,전라남도 강진군 군동면 금강리 536-2,34.65236802,126.8298782,,,,2025-09-10,4920000,전라남도 강진군
안풍경로당,전라남도,강진군,전라남도 강진군 군동면 군동금강길 115,전라남도 강진군 군동면 금강리 305,34.64713826,126.8345972,,,,2025-09-10,4920000,전라남도 강진군
내동경로당,전라남도,강진군,전라남도 강진군 군동면 내동길 40,전라남도 강진군 군동면 금강리 597-1,34.64748165,126.8294496,,,,2025-09-10,4920000,전라남도 강진군
남향경로당,전라남도,강진군,전라남도 강진군 군동면 남향길 24,전라남도 강진군 군동면 라천리 423-1,34.64160323,126.8052664,,,,2025-09-10,4920000,전라남도 강진군
동동경로당,전라남도,강진군,전라남도 강진군 군동면 동동길 99,전라남도 강진군 군동면 라천리 724,34.65138891,126.8115062,,,,2025-09-10,4920000,전라남도 강진군
시목경로당,전라남도,강진군,전라남도 강진군 군동면 시목안길 7,전라남도 강진군 군동면 라천리 644-1,34.65292977,126.8073778,,,,2025-09-10,4920000,전라남도 강진군
평리경로당,전라남도,강진군,전라남도 강진군 군동면 군동평리길 23,전라남도 강진군 군동면 라천리 279-1,34.64269164,126.8138788,,,,2025-09-10,4920000,전라남도 강진군
오산경로당,전라남도,강진군,전라남도 강진군 군동면 진흥로 171,전라남도 강진군 군동면 호계리 184,34.64385842,126.7993621,,,,2025-09-10,4920000,전라남도 강진군
갈전경로당,전라남도,강진군,전라남도 강진군 군동면 갈전길 13-1,전라남도 강진군 군동면 호계리 271-2,34.64306542,126.7946458,,,,2025-09-10,4920000,전라남도 강진군
영포경로당,전라남도,강진군,전라남도 강진군 군동면 영포1길 8,전라남도 강진군 군동면 호계리 763,34.64340615,126.785165,,,,2025-09-10,4920000,전라남도 강진군
문화경로당,전라남도,강진군,전라남도 강진군 군동면 문화마을길 6,전라남도 강진군 군동면 호계리 1291-9,34.6496349,126.7867731,,,,2025-09-10,4920000,전라남도 강진군
호동경로당,전라남도,강진군,전라남도 강진군 군동면 호동길 25,전라남도 강진군 군동면 호계리 647-2,34.64723382,126.7872227,,,,2025-09-10,4920000,전라남도 강진군
생동경로당,전라남도,강진군,전라남도 강진군 군동면 생동길 56,전라남도 강진군 군동면 파산리 600-3,34.65575223,126.7976832,,,,2025-09-10,4920000,전라남도 강진군
신리경로당,전라남도,강진군,전라남도 강진군 군동면 신리길 10-6,전라남도 강진군 군동면 파산리 492-1,34.65579061,126.7918353,,,,2025-09-10,4920000,전라남도 강진군
금곡경로당,전라남도,강진군,전라남도 강진군 군동면 금곡길 62,전라남도 강진군 군동면 파산리 818-5,34.66060616,126.7835071,,,,2025-09-10,4920000,전라남도 강진군
월남경로당,전라남도,강진군,전라남도 강진군 강진읍 지전월남길 210-11,전라남도 강진군 강진읍 서산리 1127-53,34.64762204,126.7067825,,,,2025-09-10,4920000,전라남도 강진군
옥치경로당,전라남도,강진군,전라남도 강진군 강진읍 옥치길 37,전라남도 강진군 강진읍 서산리 452-2,34.65229425,126.7247302,,,,2025-09-10,4920000,전라남도 강진군
향일경로당,전라남도,강진군,전라남도 강진군 강진읍 향일길 4,전라남도 강진군 강진읍 서산리 291-4,34.64441618,126.7228951,,,,2025-09-10,4920000,전라남도 강진군
발산경로당,전라남도,강진군,전라남도 강진군 강진읍 화전발산길 82,전라남도 강진군 강진읍 서산리 217-14,34.64366058,126.7331099,,,,2025-09-10,4920000,전라남도 강진군
월정경로당,전라남도,강진군,전라남도 강진군 강진읍 지전로안길 47-20,전라남도 강진군 강진읍 춘전리 583,34.63885142,126.7298709,,,,2025-09-10,4920000,전라남도 강진군
보전경로당,전라남도,강진군,전라남도 강진군 강진읍 보전길 16-5,전라남도 강진군 강진읍 춘전리 1012-1,34.63531957,126.7191999,,,,2025-09-10,4920000,전라남도 강진군
부춘경로당,전라남도,강진군,전라남도 강진군 강진읍 지전부춘길 20,전라남도 강진군 강진읍 춘전리 484-1,34.63332275,126.728897,,,,2025-09-10,4920000,전라남도 강진군
신학경로당,전라남도,강진군,전라남도 강진군 강진읍 홍천길 99,전라남도 강진군 강진읍 춘전리 319-9,34.63311936,126.7428733,,,,2025-09-10,4920000,전라남도 강진군
봉덕경로당,전라남도,강진군,전라남도 강진군 강진읍 송덕길 105-7,전라남도 강진군 강진읍 송덕리 285-1,34.65524686,126.744600,,,,2025-09-10,4920000,전라남도 강진군
송현경로당,전라남도,강진군,전라남도 강진군 강진읍 송덕안길 27-4,전라남도 강진군 강진읍 송덕리 131-10,34.65635601,126.7503586,,,,2025-09-10,4920000,전라남도 강진군
화전경로당,전라남도,강진군,전라남도 강진군 강진읍 화전발산길 26,전라남도 강진군 강진읍 송전리 921-1,34.64590236,126.7376427,,,,2025-09-10,4920000,전라남도 강진군
장전경로당,전라남도,강진군,전라남도 강진군 강진읍 장전길 42-5,전라남도 강진군 강진읍 송전리 355,34.63958367,126.7455125,,,,2025-09-10,4920000,전라남도 강진군
송정경로당,전라남도,강진군,전라남도 강진군 강진읍 송정길 58,전라남도 강진군 강진읍 송전리 84-1,34.6449627,126.7517218,,,,2025-09-10,4920000,전라남도 강진군
춘곡경로당,전라남도,강진군,전라남도 강진군 강진읍 춘곡길 77-4,전라남도 강진군 강진읍 덕남리 279-2,34.59472332,126.7586114,,,,2025-09-10,4920000,전라남도 강진군
덕동경로당,전라남도,강진군,전라남도 강진군 강진읍 강진덕동길 33-4,전라남도 강진군 강진읍 덕남리 121-5,34.59613853,126.7624941,,,,2025-09-10,4920000,전라남도 강진군
기룡경로당,전라남도,강진군,전라남도 강진군 강진읍 덕남로 156,전라남도 강진군 강진읍 덕남리 424-7,34.60786925,126.7558773,,,,2025-09-10,4920000,전라남도 강진군
차경경로당,전라남도,강진군,전라남도 강진군 강진읍 영파길 8-27,전라남도 강진군 강진읍 영파리 137-4,34.61025348,126.7361826,,,,2025-09-10,4920000,전라남도 강진군
팔영경로당,전라남도,강진군,전라남도 강진군 강진읍 영파길 101,전라남도 강진군 강진읍 영파리 277-2,34.60666894,126.7294003,,,,2025-09-10,4920000,전라남도 강진군
장동경로당,전라남도,강진군,전라남도 강진군 강진읍 영파길 221,전라남도 강진군 강진읍 영파리 841-1,34.61254832,126.7225873,,,,2025-09-10,4920000,전라남도 강진군
신천경로당,전라남도,강진군,전라남도 강진군 강진읍 신천길 58,전라남도 강진군 강진읍 임천리 183-5,34.60766938,126.7421926,,,,2025-09-10,4920000,전라남도 강진군
학림경로당,전라남도,강진군,전라남도 강진군 강진읍 학림길 6,전라남도 강진군 강진읍 임천리 498-8,34.61763577,126.7470185,,,,2025-09-10,4920000,전라남도 강진군
초동경로당,전라남도,강진군,전라남도 강진군 강진읍 초동길 33,전라남도 강진군 강진읍 학명리 246-6,34.61310221,126.7576498,,,,2025-09-10,4920000,전라남도 강진군
학산경로당,전라남도,강진군,전라남도 강진군 강진읍 학산길 22,전라남도 강진군 강진읍 학명리 495-17,34.62374328,126.750126,,,,2025-09-10,4920000,전라남도 강진군
호산경로당,전라남도,강진군,전라남도 강진군 강진읍 호산길 28,전라남도 강진군 강진읍 학명리 868-1,34.62171575,126.7478837,,,,2025-09-10,4920000,전라남도 강진군
도원경로당,전라남도,강진군,전라남도 강진군 강진읍 도원길 28,전라남도 강진군 강진읍 학명리 652-1,34.62667653,126.7605436,,,,2025-09-10,4920000,전라남도 강진군
남포경로당,전라남도,강진군,전라남도 강진군 강진읍 남포길 42-1,전라남도 강진군 강진읍 남포리 631-4,34.62212576,126.7677435,,,,2025-09-10,4920000,전라남도 강진군
중앙동경로당,전라남도,강진군,전라남도 강진군 강진읍 보은로 79,전라남도 강진군 강진읍 평동리 136-8,34.63517255,126.7682361,,,,2025-09-10,4920000,전라남도 강진군
평동경로당,전라남도,강진군,전라남도 강진군 강진읍 금릉3길 10,전라남도 강진군 강진읍 평동리 140-2,34.63444814,126.7687974,,,,2025-09-10,4920000,전라남도 강진군
목리경로당,전라남도,강진군,전라남도 강진군 강진읍 이학래길 26,전라남도 강진군 강진읍 목리 110,34.63305106,126.7780492,,,,2025-09-10,4920000,전라남도 강진군
점수경로당,전라남도,강진군,전라남도 강진군 강진읍 교촌길 62-10,전라남도 강진군 강진읍 교촌리 161-1,34.64712231,126.779162,,,,2025-09-10,4920000,전라남도 강진군
교촌경로당,전라남도,강진군,전라남도 강진군 강진읍 향교로 116,전라남도 강진군 강진읍 교촌리 302-4,34.64876626,126.7737527,,,,2025-09-10,4920000,전라남도 강진군
신풍경로당,전라남도,강진군,전라남도 강진군 강진읍 강진신풍길 78,전라남도 강진군 강진읍 교촌리 83-1,34.65167981,126.7780348,,,,2025-09-10,4920000,전라남도 강진군
홍암경로당,전라남도,강진군,전라남도 강진군 강진읍 솔치로 12-3,전라남도 강진군 강진읍 서성리 555-6,34.64018374,126.7544327,,,,2025-09-10,4920000,전라남도 강진군
신성경로당,전라남도,강진군,전라남도 강진군 강진읍 서성2길 5,전라남도 강진군 강진읍 서성리 48-7,34.63692776,126.7652318,,,,2025-09-10,4920000,전라남도 강진군
서문경로당,전라남도,강진군,전라남도 강진군 강진읍 탐진로 77,전라남도 강진군 강진읍 서성리 122,34.63932405,126.7647678,,,,2025-09-10,4920000,전라남도 강진군
탑동경로당,전라남도,강진군,전라남도 강진군 강진읍 탑동길 9-1,전라남도 강진군 강진읍 남성리 154-1,34.64080616,126.7677188,,,,2025-09-10,4920000,전라남도 강진군
남문경로당,전라남도,강진군,전라남도 강진군 강진읍 영랑로2길 13,전라남도 강진군 강진읍 남성리 22-20,34.63840415,126.7700719,,,,2025-09-10,4920000,전라남도 강진군
동명경로당,전라남도,강진군,전라남도 강진군 강진읍 동성로 18-3,전라남도 강진군 강진읍 동성리 198-25,34.64050335,126.7746262,,,,2025-09-10,4920000,전라남도 강진군
고내경로당,전라남도,강진군,전라남도 강진군 강진읍 동문길 15,전라남도 강진군 강진읍 동성리 389-2,34.64224643,126.7706013,,,,2025-09-10,4920000,전라남도 강진군
목화경로당,전라남도,강진군,전라남도 강진군 강진읍 목화길 29,전라남도 강진군 강진읍 동성리 606-1,34.64788252,126.7706084,,,,2025-09-10,4920000,전라남도 강진군
동문경로당,전라남도,강진군,전라남도 강진군 강진읍 동문길 34,전라남도 강진군 강진읍 동성리 475-1,34.64332397,126.7699148,,,,2025-09-10,4920000,전라남도 강진군
병영약국,전라남도,강진군,전라남도 강진군 병영면 병영성로 117,전라남도 강진군 병영면 성남리 127-2,34.71489821,126.8156585,,,,2025-09-10,4920000,전라남도 강진군
제일약국,전라남도,강진군,전라남도 강진군 성전면 예향로 1,전라남도 강진군 성전면 월평리 31-6,34.69156348,126.7083118,,,,2025-09-10,4920000,전라남도 강진군
한솔약국,전라남도,강진군,전라남도 강진군 마량면 마량7길 14-2,전라남도 강진군 마량면 마량리 987-14,34.45109758,126.8174641,,,,2025-09-10,4920000,전라남도 강진군
하나로약국,전라남도,강진군,전라남도 강진군 칠량면 칠량로 69,전라남도 강진군 칠량면 영동리 1072-9,34.57253705,126.7990272,,,,2025-09-10,4920000,전라남도 강진군
신한약국,전라남도,강진군,전라남도 강진군 강진읍 영랑로 35,전라남도 강진군 강진읍 평동리 167-1,34.63852178,126.7678782,,,,2025-09-10,4920000,전라남도 강진군
강진약국,전라남도,강진군,전라남도 강진군 강진읍 보은로1길 28,전라남도 강진군 강진읍 남성리 18-20,34.6386181,126.7693257,,,,2025-09-10,4920000,전라남도 강진군
강진백제약국,전라남도,강진군,전라남도 강진군 강진읍 영랑로 38,전라남도 강진군 강진읍 평동리 168-1,34.63894724,126.7682486,,,,2025-09-10,4920000,전라남도 강진군
플러스약국,전라남도,강진군,전라남도 강진군 강진읍 평동2길 30,전라남도 강진군 강진읍 평동리 175-6,34.63803187,126.7680332,,,,2025-09-10,4920000,전라남도 강진군
한겨레약국,전라남도,강진군,전라남도 강진군 강진읍 연지길 19,전라남도 강진군 강진읍 남성리 80-2,34.64095198,126.7689371,,,,2025-09-10,4920000,전라남도 강진군
국제약국,전라남도,강진군,전라남도 강진군 강진읍 영랑로3길 5-1,전라남도 강진군 강진읍 남성리 5-12,34.63843892,126.7691058,,,,2025-09-10,4920000,전라남도 강진군
한사랑약국,전라남도,강진군,전라남도 강진군 강진읍 중앙로 95,전라남도 강진군 강진읍 서성리 12,34.63869902,126.7674602,,,,2025-09-10,4920000,전라남도 강진군
강진종로약국,전라남도,강진군,전라남도 강진군 강진읍 영랑로 25,전라남도 강진군 강진읍 평동리 176-6,34.63789342,126.7686541,,,,2025-09-10,4920000,전라남도 강진군
대성약국,전라남도,강진군,전라남도 강진군 강진읍 탐진로 6,전라남도 강진군 강진읍 서성리 322-34,34.6358803,126.7584061,,,,2025-09-10,4920000,전라남도 강진군
건강약국,전라남도,강진군,전라남도 강진군 강진읍 영랑로3길 29-1,전라남도 강진군 강진읍 남성리 19-10,34.63965231,126.7711438,,,,2025-09-10,4920000,전라남도 강진군
옴천면사무소,전라남도,강진군,전라남도 강진군 옴천면 개산중앙길 22,전라남도 강진군 옴천면 개산리 254-1,34.74506136,126.7943963,,,,2025-09-10,4920000,전라남도 강진군
병영면사무소,전라남도,강진군,전라남도 강진군 병영면 성남하고길 22,전라남도 강진군 병영면 성남리 189-2,34.71692273,126.8127316,,,,2025-09-10,4920000,전라남도 강진군
작천면사무소,전라남도,강진군,전라남도 강진군 작천면 평리3길 2,전라남도 강진군 작천면 평리 346,34.70422156,126.7713976,,,,2025-09-10,4920000,전라남도 강진군
성전면사무소,전라남도,강진군,전라남도 강진군 성전면 예향로 16,전라남도 강진군 성전면 월평리 66-1,34.69268997,126.7090569,,,,2025-09-10,4920000,전라남도 강진군
신전면사무소,전라남도,강진군,전라남도 강진군 신전면 신전중앙길 21,전라남도 강진군 신전면 수양리 170-16,34.51357582,126.7200117,,,,2025-09-10,4920000,전라남도 강진군
도암면사무소,전라남도,강진군,전라남도 강진군 도암면 도암중앙로 73,전라남도 강진군 도암면 항촌리 1122-1,34.54606493,126.7276091,,,,2025-09-10,4920000,전라남도 강진군
마량면사무소,전라남도,강진군,전라남도 강진군 마량면 마량8길 20,전라남도 강진군 마량면 마량리 970,34.45090369,126.8187477,,,,2025-09-10,4920000,전라남도 강진군
대구면사무소,전라남도,강진군,전라남도 강진군 대구면 수동길 18,전라남도 강진군 대구면 수동리 541,34.49539224,126.8007745,,,,2025-09-10,4920000,전라남도 강진군
칠량면사무소,전라남도,강진군,전라남도 강진군 칠량면 칠량로 67,전라남도 강진군 칠량면 영동리 1072-7,34.57282146,126.7993572,,,,2025-09-10,4920000,전라남도 강진군
군동면사무소,전라남도,강진군,전라남도 강진군 군동면 진흥로 315,전라남도 강진군 군동면 라천리 268,34.64489895,126.8150411,,,,2025-09-10,4920000,전라남도 강진군
강진읍사무소,전라남도,강진군,전라남도 강진군 강진읍 초지길 21,전라남도 강진군 강진읍 남성리 12-4,34.6358247,126.7735922,,,,2025-09-10,4920000,전라남도 강진군
강진군옴천면영산보건진료소,전라남도,강진군,전라남도 강진군 옴천면 장강로 1776,전라남도 강진군 옴천면 영산리 376-1,34.75874922,126.7712052,,,,2025-09-10,4920000,전라남도 강진군
강진군작천면용산보건진료소,전라남도,강진군,전라남도 강진군 작천면 열수로 58,전라남도 강진군 작천면 삼열리 778,34.71715147,126.7670529,,,,2025-09-10,4920000,전라남도 강진군
강진군신전면송천보건진료소,전라남도,강진군,전라남도 강진군 신전면 운주로 331,전라남도 강진군 신전면 송천리 106,34.48352079,126.7290422,,,,2025-09-10,4920000,전라남도 강진군
강진군도암면강정보건진료소,전라남도,강진군,전라남도 강진군 도암면 지석로 460,전라남도 강진군 도암면 강정리 314-2,34.59957964,126.680139,,,,2025-09-10,4920000,전라남도 강진군
강진군도암면신기보건진료소,전라남도,강진군,전라남도 강진군 도암면 월곶로 278,전라남도 강진군 도암면 용흥리 312-4,34.5342915,126.7543997,,,,2025-09-10,4920000,전라남도 강진군
강진군대구면계율보건진료소,전라남도,강진군,전라남도 강진군 대구면 계율길 41,전라남도 강진군 대구면 계율리 669-1,34.50857415,126.8147655,,,,2025-09-10,4920000,전라남도 강진군
강진군칠량면단월보건진료소,전라남도,강진군,전라남도 강진군 칠량면 치산길 7,전라남도 강진군 칠량면 단월리 674-1,34.56364959,126.8394402,,,,2025-09-10,4920000,전라남도 강진군
강진군옴천보건지소,전라남도,강진군,전라남도 강진군 옴천면 개산중앙길 11-12,전라남도 강진군 옴천면 개산리 279-13,34.74452517,126.7936364,,,,2025-09-10,4920000,전라남도 강진군
강진군병영보건지소,전라남도,강진군,전라남도 강진군 병영면 성남하고길 22,전라남도 강진군 병영면 성남리 189-2,34.71691358,126.8127347,,,,2025-09-10,4920000,전라남도 강진군
강진군작천보건지소,전라남도,강진군,전라남도 강진군 작천면 평리길 37-5,전라남도 강진군 작천면 평리 412-17,34.70298652,126.7741085,,,,2025-09-10,4920000,전라남도 강진군
강진군성전보건지소,전라남도,강진군,전라남도 강진군 성전면 예향로 12-11,전라남도 강진군 성전면 월평리 66-6,34.69185627,126.7095961,,,,2025-09-10,4920000,전라남도 강진군
강진군신전보건지소,전라남도,강진군,전라남도 강진군 신전면 신전중앙길 15-4,전라남도 강진군 신전면 수양리 170-41,34.51321243,126.7205961,,,,2025-09-10,4920000,전라남도 강진군
강진군도암보건지소,전라남도,강진군,전라남도 강진군 도암면 도암중앙로 61,전라남도 강진군 도암면 항촌리 1089,34.54538311,126.7279501,,,,2025-09-10,4920000,전라남도 강진군
강진군마량보건지소,전라남도,강진군,전라남도 강진군 마량면 마량4길 1,전라남도 강진군 마량면 마량리 786,34.45188459,126.8165243,,,,2025-09-10,4920000,전라남도 강진군
강진군대구보건지소,전라남도,강진군,전라남도 강진군 대구면 수동길 2,전라남도 강진군 대구면 수동리 998-5,34.49404299,126.8003633,,,,2025-09-10,4920000,전라남도 강진군
강진군칠량보건지소,전라남도,강진군,전라남도 강진군 칠량면 칠량로 74,전라남도 강진군 칠량면 영동리 1137-77,34.57212233,126.798776,,,,2025-09-10,4920000,전라남도 강진군
강진군군동보건지소,전라남도,강진군,전라남도 강진군 군동면 진흥로 324-9,전라남도 강진군 군동면 라천리 71-1,34.64373942,126.8165252,,,,2025-09-10,4920000,전라남도 강진군
강진군보건소,전라남도,강진군,전라남도 강진군 강진읍 목리길 11,전라남도 강진군 강진읍 동성리 66-3,34.63833623,126.775710,,,,2025-09-10,4920000,전라남도 강진군
영복경로당,전라남도,강진군,전라남도 강진군 옴천면 영복길 51,전라남도 강진군 옴천면 영산리 91-1,34.76237718,126.7746022,,,,2025-09-10,4920000,전라남도 강진군
계원경로당,전라남도,강진군,전라남도 강진군 옴천면 영산길 6,전라남도 강진군 옴천면 영산리 170,34.75803895,126.7719486,,,,2025-09-10,4920000,전라남도 강진군
구곡경로당,전라남도,강진군,전라남도 강진군 옴천면 월곡길 132-7,전라남도 강진군 옴천면 월곡리 186-1,34.77953702,126.7656074,,,,2025-09-10,4920000,전라남도 강진군
신월경로당,전라남도,강진군,전라남도 강진군 옴천면 월곡길 204,전라남도 강진군 옴천면 월곡리 산 16,34.78391001,126.7704614,,,,2025-09-10,4920000,전라남도 강진군
황곡경로당,전라남도,강진군,전라남도 강진군 옴천면 황곡길 13,전라남도 강진군 옴천면 황막리 587-2,34.76259118,126.7880546,,,,2025-09-10,4920000,전라남도 강진군
화신경로당,전라남도,강진군,전라남도 강진군 옴천면 황막길 11,전라남도 강진군 옴천면 황막리 218-3,34.75898623,126.8052185,,,,2025-09-10,4920000,전라남도 강진군
동막경로당,전라남도,강진군,전라남도 강진군 옴천면 황막길 106,전라남도 강진군 옴천면 황막리 60,34.76702016,126.8058711,,,,2025-09-10,4920000,전라남도 강진군
송용경로당,전라남도,강진군,전라남도 강진군 옴천면 송용길 34,전라남도 강진군 옴천면 정정리 284-1,34.74923886,126.8014372,,,,2025-09-10,4920000,전라남도 강진군
정동경로당,전라남도,강진군,전라남도 강진군 옴천면 정동길 84,전라남도 강진군 옴천면 정정리 349-1,34.75373274,126.7968683,,,,2025-09-10,4920000,전라남도 강진군
대곡경로당,전라남도,강진군,전라남도 강진군 옴천면 옴천대곡길 71,전라남도 강진군 옴천면 정정리 547-5,34.74990992,126.7901234,,,,2025-09-10,4920000,전라남도 강진군
개산경로당,전라남도,강진군,전라남도 강진군 옴천면 옴천중앙로 87-1,전라남도 강진군 옴천면 개산리 230,34.74545628,126.7980095,,,,2025-09-10,4920000,전라남도 강진군
오곡경로당,전라남도,강진군,전라남도 강진군 옴천면 오곡길 25,전라남도 강진군 옴천면 개산리 302-2,34.74504552,126.7884633,,,,2025-09-10,4920000,전라남도 강진군
좌척경로당,전라남도,강진군,전라남도 강진군 옴천면 기좌로 328,전라남도 강진군 옴천면 기좌리 264-3,34.74458281,126.7735678,,,,2025-09-10,4920000,전라남도 강진군
사동경로당,전라남도,강진군,전라남도 강진군 옴천면 사동길 36,전라남도 강진군 옴천면 기좌리 514,34.74902898,126.7529824,,,,2025-09-10,4920000,전라남도 강진군
죽림경로당,전라남도,강진군,전라남도 강진군 옴천면 죽림길 7-14,전라남도 강진군 옴천면 봉림리 504,34.75666436,126.8096638,,,,2025-09-10,4920000,전라남도 강진군
연동경로당,전라남도,강진군,전라남도 강진군 옴천면 연동길 1,전라남도 강진군 옴천면 봉림리 389-1,34.75364001,126.8122785,,,,2025-09-10,4920000,전라남도 강진군
오추경로당,전라남도,강진군,전라남도 강진군 옴천면 밤재로 5,전라남도 강진군 옴천면 봉림리 139-6,34.75267533,126.8199306,,,,2025-09-10,4920000,전라남도 강진군
삭둔경로당,전라남도,강진군,전라남도 강진군 병영면 삭둔길 65,전라남도 강진군 병영면 삭양리 528-1,34.68965777,126.8417125,,,,2025-09-10,4920000,전라남도 강진군
백양경로당,전라남도,강진군,전라남도 강진군 병영면 백양1길 33,전라남도 강진군 병영면 삭양리 170-4,34.69854991,126.8399287,,,,2025-09-10,4920000,전라남도 강진군
용두경로당,전라남도,강진군,전라남도 강진군 병영면 용두길 48,전라남도 강진군 병영면 도룡리 442-2,34.69442106,126.8257031,,,,2025-09-10,4920000,전라남도 강진군
도룡경로당,전라남도,강진군,전라남도 강진군 병영면 도룡길 2,전라남도 강진군 병영면 도룡리 123-1,34.69886929,126.8278914,,,,2025-09-10,4920000,전라남도 강진군
발천경로당,전라남도,강진군,전라남도 강진군 병영면 발천길 66,전라남도 강진군 병영면 하고리 617,34.70767202,126.7978619,,,,2025-09-10,4920000,전라남도 강진군
하고경로당,전라남도,강진군,전라남도 강진군 병영면 하고길 37,전라남도 강진군 병영면 하고리 3-3,34.71929194,126.8045032,,,,2025-09-10,4920000,전라남도 강진군
중가경로당,전라남도,강진군,전라남도 강진군 병영면 중가길 14,전라남도 강진군 병영면 중고리 400,34.7200744,126.7964812,,,,2025-09-10,4920000,전라남도 강진군
중고경로당,전라남도,강진군,전라남도 강진군 병영면 중고길 55,전라남도 강진군 병영면 중고리 196,34.71568762,126.796803,,,,2025-09-10,4920000,전라남도 강진군
상고경로당,전라남도,강진군,전라남도 강진군 병영면 상고길 21,전라남도 강진군 병영면 상고리 250-1,34.72984913,126.7904083,,,,2025-09-10,4920000,전라남도 강진군
학사경로당,전라남도,강진군,전라남도 강진군 병영면 학사안길 14,전라남도 강진군 병영면 한학리 104,34.73635975,126.8166231,,,,2025-09-10,4920000,전라남도 강진군
한림경로당,전라남도,강진군,전라남도 강진군 병영면 한림길 9,전라남도 강진군 병영면 한학리 386-4,34.73150122,126.8071942,,,,2025-09-10,4920000,전라남도 강진군
신지경로당,전라남도,강진군,전라남도 강진군 병영면 신지길 18,전라남도 강진군 병영면 삼인리 570-1,34.70959404,126.8142864,,,,2025-09-10,4920000,전라남도 강진군
남삼인경로당,전라남도,강진군,전라남도 강진군 병영면 남삼인길 11,전라남도 강진군 병영면 삼인리 318-5,34.71317454,126.8156766,,,,2025-09-10,4920000,전라남도 강진군
서삼인경로당,전라남도,강진군,전라남도 강진군 병영면 적벽청류길 33-3,전라남도 강진군 병영면 삼인리 263,34.71600673,126.8188671,,,,2025-09-10,4920000,전라남도 강진군
동삼인경로당,전라남도,강진군,전라남도 강진군 병영면 동삼인길 28-10,전라남도 강진군 병영면 삼인리 372-2,34.71485513,126.8191523,,,,2025-09-10,4920000,전라남도 강진군
박동경로당,전라남도,강진군,전라남도 강진군 병영면 한골목길 40,전라남도 강진군 병영면 박동리 152,34.71767564,126.8186326,,,,2025-09-10,4920000,전라남도 강진군
성남경로당,전라남도,강진군,전라남도 강진군 병영면 한골목길 13-1,전라남도 강진군 병영면 성남리 64,34.71608025,126.8166149,,,,2025-09-10,4920000,전라남도 강진군
남성경로당,전라남도,강진군,전라남도 강진군 병영면 성동길 6,전라남도 강진군 병영면 성동리 163,34.71861643,126.8171678,,,,2025-09-10,4920000,전라남도 강진군
동성경로당,전라남도,강진군,전라남도 강진군 병영면 한골목길 80-1,전라남도 강진군 병영면 성동리 19,34.72001768,126.8217221,,,,2025-09-10,4920000,전라남도 강진군
지로경로당,전라남도,강진군,전라남도 강진군 병영면 한골목길 98-2,전라남도 강진군 병영면 지로리 421,34.72135098,126.8232701,,,,2025-09-10,4920000,전라남도 강진군
낙산경로당,전라남도,강진군,전라남도 강진군 병영면 낙산길 11,전라남도 강진군 병영면 상낙리 615-1,34.72653854,126.8184636,,,,2025-09-10,4920000,전라남도 강진군
상림경로당,전라남도,강진군,전라남도 강진군 병영면 상림길 29,전라남도 강진군 병영면 상낙리 431,34.7243527,126.8261432,,,,2025-09-10,4920000,전라남도 강진군
학동경로당,전라남도,강진군,전라남도 강진군 작천면 학동길 12,전라남도 강진군 작천면 갈동리 199-6,34.74333545,126.742923,,,,2025-09-10,4920000,전라남도 강진군
퇴동경로당,전라남도,강진군,전라남도 강진군 작천면 퇴동길 39,전라남도 강진군 작천면 갈동리 1165,34.72827068,126.7362715,,,,2025-09-10,4920000,전라남도 강진군
갈동경로당,전라남도,강진군,전라남도 강진군 작천면 갈동로 9,전라남도 강진군 작천면 갈동리 616-5,34.71544399,126.7470695,,,,2025-09-10,4920000,전라남도 강진군
행정경로당,전라남도,강진군,전라남도 강진군 작천면 행정길 29,전라남도 강진군 작천면 군자리 517,34.71628128,126.7512958,,,,2025-09-10,4920000,전라남도 강진군
군자경로당,전라남도,강진군,전라남도 강진군 작천면 군자2길 42,전라남도 강진군 작천면 군자리 232-1,34.71465725,126.7583594,,,,2025-09-10,4920000,전라남도 강진군
척동경로당,전라남도,강진군,전라남도 강진군 작천면 척동길 60,전라남도 강진군 작천면 용상리 662,34.7274779,126.7616531,,,,2025-09-10,4920000,전라남도 강진군
구상경로당,전라남도,강진군,전라남도 강진군 작천면 구상길 43,전라남도 강진군 작천면 용상리 563-3,34.72244173,126.7643318,,,,2025-09-10,4920000,전라남도 강진군
용정경로당,전라남도,강진군,전라남도 강진군 작천면 작천용정길 39,전라남도 강진군 작천면 용상리 291-1,34.71797464,126.7658245,,,,2025-09-10,4920000,전라남도 강진군
용동경로당,전라남도,강진군,전라남도 강진군 작천면 용동길 48,전라남도 강진군 작천면 삼열리 811-1,34.71697412,126.769118,,,,2025-09-10,4920000,전라남도 강진군
죽산경로당,전라남도,강진군,전라남도 강진군 작천면 죽산길 5,전라남도 강진군 작천면 삼열리 698,34.72003394,126.7715233,,,,2025-09-10,4920000,전라남도 강진군
부와경로당,전라남도,강진군,전라남도 강진군 작천면 피토골길 3,전라남도 강진군 작천면 내기리 420-3,34.72545547,126.7844419,,,,2025-09-10,4920000,전라남도 강진군
신기경로당,전라남도,강진군,전라남도 강진군 작천면 작천신기길 62,전라남도 강진군 작천면 내기리 1061,34.72323635,126.7804558,,,,2025-09-10,4920000,전라남도 강진군
내동경로당,전라남도,강진군,전라남도 강진군 작천면 작천내동길 62,전라남도 강진군 작천면 내기리 842-6,34.71889066,126.7807441,,,,2025-09-10,4920000,전라남도 강진군
이마경로당,전라남도,강진군,전라남도 강진군 작천면 이마길 36,전라남도 강진군 작천면 토마리 20-1,34.68347593,126.8212298,,,,2025-09-10,4920000,전라남도 강진군
토동경로당,전라남도,강진군,전라남도 강진군 작천면 토동1길 27,전라남도 강진군 작천면 토마리 404-1,34.69010653,126.8151627,,,,2025-09-10,4920000,전라남도 강진군
하남경로당,전라남도,강진군,전라남도 강진군 작천면 화방로 663,전라남도 강진군 작천면 이남리 248-1,34.69743888,126.814482,,,,2025-09-10,4920000,전라남도 강진군
상남경로당,전라남도,강진군,전라남도 강진군 작천면 효동1길 8-1,전라남도 강진군 작천면 이남리 624,34.69999507,126.8074578,,,,2025-09-10,4920000,전라남도 강진군
야동경로당,전라남도,강진군,전라남도 강진군 작천면 야흥길 43,전라남도 강진군 작천면 야흥리 303,34.6980067,126.7997398,,,,2025-09-10,4920000,전라남도 강진군
부흥경로당,전라남도,강진군,전라남도 강진군 작천면 작천부흥길 36,전라남도 강진군 작천면 야흥리 602-1,34.69537759,126.7905597,,,,2025-09-10,4920000,전라남도 강진군
하당경로당,전라남도,강진군,전라남도 강진군 작천면 하당2길 1,전라남도 강진군 작천면 삼당리 442,34.69928138,126.7787694,,,,2025-09-10,4920000,전라남도 강진군
중당경로당,전라남도,강진군,전라남도 강진군 작천면 중당2길 27,전라남도 강진군 작천면 삼당리 126,34.69314428,126.7795086,,,,2025-09-10,4920000,전라남도 강진군
상당경로당,전라남도,강진군,전라남도 강진군 작천면 상당길 13,전라남도 강진군 작천면 삼당리 182-1,34.69001333,126.7841272,,,,2025-09-10,4920000,전라남도 강진군
기동경로당,전라남도,강진군,전라남도 강진군 작천면 기동길 33,전라남도 강진군 작천면 평기리 102,34.68961935,126.7749291,,,,2025-09-10,4920000,전라남도 강진군
교동경로당,전라남도,강진군,전라남도 강진군 작천면 이지길 79,전라남도 강진군 작천면 평기리 569-3,34.69150154,126.763788,,,,2025-09-10,4920000,전라남도 강진군
박산경로당,전라남도,강진군,전라남도 강진군 작천면 박산1길 37,전라남도 강진군 작천면 현산리 677-1,34.69728057,126.7572191,,,,2025-09-10,4920000,전라남도 강진군
죽현경로당,전라남도,강진군,전라남도 강진군 작천면 박산죽현길 153,전라남도 강진군 작천면 현산리 991-1,34.7051287,126.7522327,,,,2025-09-10,4920000,전라남도 강진군
하평경로당,전라남도,강진군,전라남도 강진군 작천면 까치내로 817,전라남도 강진군 작천면 평리 253,34.70376159,126.7749983,,,,2025-09-10,4920000,전라남도 강진군
상평경로당,전라남도,강진군,전라남도 강진군 작천면 평리3길 22,전라남도 강진군 작천면 현산리 151-1,34.70345807,126.7696841,,,,2025-09-10,4920000,전라남도 강진군
수암경로당,전라남도,강진군,전라남도 강진군 성전면 수암길 76,전라남도 강진군 성전면 수양리 531-1,34.6949695,126.7347359,,,,2025-09-10,4920000,전라남도 강진군
신기경로당,전라남도,강진군,전라남도 강진군 성전면 성전신기2길 6,전라남도 강진군 성전면 수양리 942-1,34.68884927,126.7348597,,,,2025-09-10,4920000,전라남도 강진군
동령경로당,전라남도,강진군,전라남도 강진군 성전면 동령길 24,전라남도 강진군 성전면 수양리 323-1,34.6903842,126.7386926,,,,2025-09-10,4920000,전라남도 강진군
오산경로당,전라남도,강진군,전라남도 강진군 성전면 오산길 24,전라남도 강진군 성전면 명산리 1242,34.69150713,126.7424718,,,,2025-09-10,4920000,전라남도 강진군
명동경로당,전라남도,강진군,전라남도 강진군 성전면 명동길 50,전라남도 강진군 성전면 명산리 368-1,34.68433918,126.7539539,,,,2025-09-10,4920000,전라남도 강진군
당산경로당,전라남도,강진군,전라남도 강진군 성전면 솔치로 530,전라남도 강진군 성전면 명산리 444-3,34.68309256,126.750784,,,,2025-09-10,4920000,전라남도 강진군
송학경로당,전라남도,강진군,전라남도 강진군 성전면 송학길 123,전라남도 강진군 성전면 송학리 312-1,34.67412165,126.7402575,,,,2025-09-10,4920000,전라남도 강진군
거목경로당,전라남도,강진군,전라남도 강진군 성전면 거목길 14,전라남도 강진군 성전면 금당리 811,34.66282857,126.7169062,,,,2025-09-10,4920000,전라남도 강진군
금당경로당,전라남도,강진군,전라남도 강진군 성전면 금당길 36-14,전라남도 강진군 성전면 금당리 236-1,34.66786719,126.7314014,,,,2025-09-10,4920000,전라남도 강진군
장등경로당,전라남도,강진군,전라남도 강진군 성전면 신예장등길 123,전라남도 강진군 성전면 도림리 316,34.67085459,126.7146493,,,,2025-09-10,4920000,전라남도 강진군
신예경로당,전라남도,강진군,전라남도 강진군 성전면 신예장등길 58,전라남도 강진군 성전면 도림리 145-3,34.67357521,126.7209235,,,,2025-09-10,4920000,전라남도 강진군
도림경로당,전라남도,강진군,전라남도 강진군 성전면 성전도림길 40,전라남도 강진군 성전면 도림리 420-1,34.67615907,126.7129702,,,,2025-09-10,4920000,전라남도 강진군
신곡보건진료소,충청남도,아산시,충청남도 아산시 서부북로295번길 22,,36.81346083,126.90135878,,,041-536-8798,2025-09-01,4520000,충청남도 아산시
화천보건진료소,충청남도,아산시,충청남도 아산시 도고산로 217-13,,36.72074741,126.91979484,,,041-536-8798,2025-09-01,4520000,충청남도 아산시
금성보건진료소,충청남도,아산시,충청남도 아산시 인주로 61,,36.84182097,126.87256559,,,041-536-8798,2025-09-01,4520000,충청남도 아산시
백석포보건진료소,충청남도,아산시,충청남도 아산시 백석포길 47,,36.89268477,126.93657607,,,041-536-8798,2025-09-01,4520000,충청남도 아산시
신화보건진료소,충청남도,아산시,충청남도 아산시 고룡산로610번길 15-11,,36.88555181,126.97085674,,,041-536-8798,2025-09-01,4520000,충청남도 아산시
관대보건진료소,충청남도,아산시,충청남도 아산시 관대길39번길 16-10,,36.90419437,127.03180598,,,041-536-8798,2025-09-01,4520000,충청남도 아산시
염작보건진료소,충청남도,아산시,충청남도 아산시 이화길157번길 45,,36.91871332,127.07735709,,,041-536-8798,2025-09-01,4520000,충청남도 아산시
산동보건진료소,충청남도,아산시,충청남도 아산시 월산로 276,,36.84869031,127.09805606,,,041-536-8798,2025-09-01,4520000,충청남도 아산시
덕지보건진료소,충청남도,아산시,충청남도 아산시 음봉로586번길 4,,36.83788274,127.07422410,,,041-536-8798,2025-09-01,4520000,충청남도 아산시
쌍용보건진료소,충청남도,아산시,충청남도 아산시 연암율금로 489,,36.87962965,127.07376606,,,041-536-8798,2025-09-01,4520000,충청남도 아산시
동산보건진료소,충청남도,아산시,충청남도 아산시 동산로 8,,36.82694941,127.08911890,,,041-536-8798,2025-09-01,4520000,충청남도 아산시
갈매보건진료소,충청남도,아산시,충청남도 아산시 갈매길 19,,36.76274193,127.08800716,,,041-536-8798,2025-09-01,4520000,충청남도 아산시
동화보건진료소,충청남도,아산시,충청남도 아산시 송악로357번길 7,,36.72616111,126.97044348,,,041-536-8798,2025-09-01,4520000,충청남도 아산시
신창보건지소,충청남도,아산시,충청남도 아산시 서부북로 633,,36.80327849,126.93616470,,,041-536-8798,2025-09-01,4520000,충청남도 아산시
선장보건지소,충청남도,아산시,충청남도 아산시 도고면로 91,,36.75728275,126.87716235,,,041-536-8798,2025-09-01,4520000,충청남도 아산시
선장보건지소,충청남도,아산시,충청남도 아산시 선장로 137,,36.79142353,126.86157264,,,041-536-8798,2025-09-01,4520000,충청남도 아산시
인주보건지소,충청남도,아산시,충청남도 아산시 현대로 1309-11,,36.87102217,126.88449715,,,041-536-8798,2025-09-01,4520000,충청남도 아산시
영인보건지소,충청남도,아산시,충청남도 아산시 영인로 78,,36.85625015,126.95471988,,,041-536-8798,2025-09-01,4520000,충청남도 아산시
둔포보건지소,충청남도,아산시,충청남도 아산시 둔포면로 33,,36.92974409,127.03764580,,,041-536-8798,2025-09-01,4520000,충청남도 아산시
음봉보건지소,충청남도,아산시,충청남도 아산시 음봉면로 23-4,,36.84966264,127.01275816,,,041-536-8798,2025-09-01,4520000,충청남도 아산시
탕정보건지소,충청남도,아산시,충청남도 아산시 탕정면로 36,,36.79838126,127.06109543,,,041-536-8798,2025-09-01,4520000,충청남도 아산시
송악보건지소,충청남도,아산시,충청남도 아산시 역촌길 9-5,,36.73165829,127.00980181,,,041-536-8798,2025-09-01,4520000,충청남도 아산시
배방보건지소,충청남도,아산시,충청남도 아산시 배방로 38,,36.77386666,127.05388868,,,041-536-8798,2025-09-01,4520000,충청남도 아산시
염치보건지소,충청남도,아산시,충청남도 아산시 염성길 70-30,충청남도 아산시 염치읍 염성리 186-2,36.81572101,126.97807881,,,041-536-8798,2025-09-01,4520000,충청남도 아산시
아산시보건소,충청남도,아산시,충청남도 아산시 번영로224번길 20,충청남도 아산시 모종동 573-2,36.78256884,127.01460412,보건소내1층,,041-536-8798,2025-09-01,4520000,충청남도 아산시
송림건강생활지원센터,인천광역시,동구,인천광역시 동구 새천년로 93,인천광역시 동구 송림동 125-3,37.476601,126.648166,센터 내부(안내데스크 앞),,032-770-5723,2025-07-28,3500000,인천광역시 동구
동구정신건강복지센터·중독관리통합지원센터,인천광역시,동구,"인천광역시 동구 송림로 113, 2층",인천광역시 동구 송림동 49-13,37.477122,126.647118,센터 내부(안내데스크 앞),,032-770-5723,2025-07-28,3500000,인천광역시 동구
동구치매안심통합관리센터,인천광역시,동구,인천광역시 동구 방축로 193,인천광역시 동구 송림동 297-20,37.479835,126.666326,센터 내부(안내데스크 앞),,032-770-5723,2025-07-28,3500000,인천광역시 동구
송림종합사회복지관,인천광역시,동구,인천광역시 동구 송림로43번길 35,인천광역시 동구 송림동 193-1,37.476224,126.639736,복지관 내부,,032-770-5723,2025-07-28,3500000,인천광역시 동구
동구노인복지관,인천광역시,동구,인천광역시 동구 샛골로 177,인천광역시 동구 송림동 124-48,37.478529,126.644547,복지관 내부,,032-770-5723,2025-07-28,3500000,인천광역시 동구
송현노인복지관,인천광역시,동구,인천광역시 동구 솔빛로 13,인천광역시 동구 송현동 156,37.4177015,126.634947,복지관 내부,,032-770-5723,2025-07-28,3500000,인천광역시 동구
동구한마음종합복지관,인천광역시,동구,인천광역시 동구 만석로 53,인천광역시 동구 만석동 30-7,37.481871,126.625205,복지관 내부,,032-770-5723,2025-07-28,3500000,인천광역시 동구
종로약국,인천광역시,동구,인천광역시 동구 송림로 96,인천광역시 동구 송림동 60-5,37.475933,126.645328,약국 내부,,032-770-5723,2025-07-28,3500000,인천광역시 동구
금창동 행정복지센터,인천광역시,동구,인천광역시 동구 금곡로36번길 16,인천광역시 동구 금곡동 38-2,37.472532,126.639793,행정복지센터 내부(1층 민원실),,032-770-5723,2025-07-28,3500000,인천광역시 동구
송림6동 행정복지센터,인천광역시,동구,인천광역시 동구 샛골로162번길 56,인천광역시 동구 송림6동 42-37,37.477334,126.647971,행정복지센터 내부(1층 민원실),,032-770-5723,2025-07-28,3500000,인천광역시 동구
송림4동 행정복지센터,인천광역시,동구,인천광역시 동구 송림로162번길 10,인천광역시 동구 송림동 346,37.477469,126.651146,행정복지센터 내부(1층 민원실),,032-770-5723,2025-07-28,3500000,인천광역시 동구
송림3·5동 행정복지센터,인천광역시,동구,인천광역시 동구 새천년로 72,인천광역시 동구 송림동 342-1,37.474744,126.648842,행정복지센터 내부(1층 민원실),,032-770-5723,2025-07-28,3500000,인천광역시 동구
송림2동 행정복지센터,인천광역시,동구,인천광역시 동구 안송로6번길 5,인천광역시 동구 송림동 56-77,37.475813,126.642682,행정복지센터 내부(1층 민원실),,032-770-5723,2025-07-28,3500000,인천광역시 동구
송림1동 행정복지센터,인천광역시,동구,인천광역시 동구 금곡로 35,인천광역시 동구 송림동 230-6,37.473578,126.639534,행정복지센터 내부(1층 민원실),,032-770-5723,2025-07-28,3500000,인천광역시 동구
송현3동 행정복지센터,인천광역시,동구,인천광역시 동구 인중로 635-20,인천광역시 동구 송현동 1-825,37.482263,126.642638,행정복지센터 내부(1층 민원실),,032-770-5723,2025-07-28,3500000,인천광역시 동구
송현1·2동 행정복지센터,인천광역시,동구,인천광역시 동구 솔빛로22번길 2,인천광역시 동구 송현동 84-9,37.476506,126.635744,행정복지센터 내부(1층 민원실),,032-770-5723,2025-07-28,3500000,인천광역시 동구
화수2동 행정복지센터,인천광역시,동구,인천광역시 동구 화수안로 42,인천광역시 동구 화수2동 37-147,37.484333,126.630105,행정복지센터 내부(1층 민원실),,032-770-5723,2025-07-28,3500000,인천광역시 동구
화수1·화평동 행정복지센터,인천광역시,동구,인천광역시 동구 화도로 41,인천광역시 동구 화수동 236,37.481548,126.629894,행정복지센터 내부(1층 민원실),,032-770-5723,2025-07-28,3500000,인천광역시 동구
만석동 행정복지센터,인천광역시,동구,인천광역시 동구 석수로 96,인천광역시 동구 만석동 18-4,37.483269,126.625465,행정복지센터 내부(1층 민원실),,032-770-5723,2025-07-28,3500000,인천광역시 동구
백제약국,인천광역시,동구,인천광역시 동구 화수로 18,인천광역시 동구 송현동 66-26,37.482315,126.635354,약국 내부,,032-770-5723,2025-07-28,3500000,인천광역시 동구
동구보건소,인천광역시,동구,인천광역시 동구 석수로 90,인천광역시 동구 만석동 18-3,37.483101,126.625845,보건소 민원실,,032-770-5723,2025-07-28,3500000,인천광역시 동구
연산9동행정복지센터,부산광역시,연제구,부산광역시 연제구 과정로164번길 38,부산광역시 연제구 연산동 475-1,35.1859033,129.1093819,1층(실내),,051-665-5945,2025-07-28,3370000,부산광역시 연제구
연산8동행정복지센터,부산광역시,연제구,부산광역시 연제구 과정로251번길 33,부산광역시 연제구 연산동 408-20,35.18712232,129.1009904,1층(실내),,051-665-5914,2025-07-28,3370000,부산광역시 연제구
연산6동행정복지센터,부산광역시,연제구,부산광역시 연제구 쌍미천로52번길 2,부산광역시 연제구 연산동 2149-2,35.1774563,129.089660,1층(실내),,051-665-5894,2025-07-28,3370000,부산광역시 연제구
연산5동행정복지센터,부산광역시,연제구,부산광역시 연제구 거제천로124번길 15,부산광역시 연제구 연산동 1478-1,35.18448619,129.0760783,1층(실내),,051-665-5874,2025-07-28,3370000,부산광역시 연제구
연산4동행정복지센터,부산광역시,연제구,부산광역시 연제구 쌍미천로151번길 42,부산광역시 연제구 연산동 630-22,35.18628827,129.0849277,1층(실내),,051-665-5854,2025-07-28,3370000,부산광역시 연제구
연산3동행정복지센터,부산광역시,연제구,부산광역시 연제구 연수로218번길 4,부산광역시 연제구 연산동 1799-73,35.17334797,129.0942269,1층(실내),,051-665-5832,2025-07-28,3370000,부산광역시 연제구
연산2동행정복지센터,부산광역시,연제구,부산광역시 연제구 중앙대로1038번길 39,부산광역시 연제구 연산동 1597-12,35.17997379,129.0792948,1층(실내),,051-665-5821,2025-07-28,3370000,부산광역시 연제구
연산1동행정복지센터,부산광역시,연제구,부산광역시 연제구 연동로8번길 66,부산광역시 연제구 연산동 313-10,35.18998727,129.0904228,1층(실내),,051-665-5791,2025-07-28,3370000,부산광역시 연제구
거제4동행정복지센터,부산광역시,연제구,부산광역시 연제구 화지로52번길 33,부산광역시 연제구 거제동 760-6,35.18008102,129.0658872,1층(실내),,051-665-5774,2025-07-28,3370000,부산광역시 연제구
거제3동행정복지센터,부산광역시,연제구,부산광역시 연제구 거제대로 180,부산광역시 연제구 거제동 581-1,35.18428551,129.071201,1층(실내),,051-665-5754,2025-07-28,3370000,부산광역시 연제구
거제2동행정복지센터,부산광역시,연제구,부산광역시 연제구 아시아드대로22번길 19,부산광역시 연제구 거제동 1180-8,35.18776194,129.0702873,1층(실내),,051-665-5731,2025-07-28,3370000,부산광역시 연제구
거제1동행정복지센터,부산광역시,연제구,부산광역시 연제구 법원북로 88,부산광역시 연제구 거제동 1485-1,35.1918532,129.0756383,1층(실내),,051-665-5714,2025-07-28,3370000,부산광역시 연제구
거제국민체육센터,부산광역시,연제구,부산광역시 연제구 법원남로9번길 17,부산광역시 연제구 거제동 419-2,35.18951105,129.0742898,동해선거제역 2층(실내),,051-665-4434,2025-07-28,3370000,부산광역시 연제구
연제구국민체육센터,부산광역시,연제구,부산광역시 연제구 쌍미천로 132,부산광역시 연제구 연산동 799,35.18415343,129.0874854,1층(실내),,051-665-4434,2025-07-28,3370000,부산광역시 연제구
아이사랑뜰,부산광역시,연제구,부산광역시 연제구 안연로8번길 71,부산광역시 연제구 연산동 396-8,35.18861382,129.1049118,1층(실내),,051-665-4434,2025-07-28,3370000,부산광역시 연제구
연제도서관,부산광역시,연제구,부산광역시 연제구 황령산로 612,부산광역시 연제구 연산동 2302,35.17414529,129.0829701,1층(실내),,051-665-4434,2025-07-28,3370000,부산광역시 연제구
거제종합사회복지관,부산광역시,연제구,부산광역시 연제구 아시아드대로46번길 45,부산광역시 연제구 거제동 1179-4,35.1884749,129.0707003,1층(실내),,051-665-4434,2025-07-28,3370000,부산광역시 연제구
연산종합사회복지관,부산광역시,연제구,부산광역시 연제구 봉수로 17,부산광역시 연제구 연산동 2388,35.17272747,129.0889089,1층(실내),,051-665-4434,2025-07-28,3370000,부산광역시 연제구
대구광역시 북구,대구광역시,북구,대구광역시 북구 옥산로 65 (침산동),,35.88568334,128.5828459,1층 민원실,,053-665-2000,2025-07-23,3450000,대구광역시 북구
노인복지관,부산광역시,연제구,부산광역시 연제구 고분로 188,부산광역시 연제구 연산동 243-26,35.18536551,129.1027976,1층(실내),,051-665-4434,2025-07-28,3370000,부산광역시 연제구
거제건강생활지원센터,부산광역시,연제구,부산광역시 연제구 해맞이로 53,부산광역시 연제구 거제동 676-316,35.17914039,129.0678248,1층(실내),,051-665-4434,2025-07-28,3370000,부산광역시 연제구
치매안심센터,부산광역시,연제구,부산광역시 연제구 거제시장로22번길 70,부산광역시 연제구 거제동 558-3,35.18409405,129.0730734,1층(실내),,051-665-4434,2025-07-28,3370000,부산광역시 연제구
연제구보건소,부산광역시,연제구,부산광역시 연제구 연제로 2,부산광역시 연제구 연산동 1555,35.17621174,129.0797456,보건소 1층 민원실(실내),,051-665-5671,2025-07-28,3370000,부산광역시 연제구
연제구청,부산광역시,연제구,부산광역시 연제구 연제로 2,부산광역시 연제구 연산동 1555,35.17621174,129.0797456,1층 민원실(실내_세무2과옆),,051-665-4434,2025-07-28,3370000,부산광역시 연제구
청담약국,충청남도,금산군,충청남도 금산군 금산읍 인삼로 76,,36.1026457951,127.4898980122,,,,2025-07-28,4550000,충청남도 금산군
추부보건지소,충청남도,금산군,충청남도 금산군 추부면 하마전로 31,,36.1909936432,127.469959,,,,2025-07-28,4550000,충청남도 금산군
복수보건지소,충청남도,금산군,충청남도 금산군 복수면 복수로 152,,36.166826,127.3984124304,,,,2025-07-28,4550000,충청남도 금산군
진산보건지소,충청남도,금산군,충청남도 금산군 진산면 읍내로 69,,36.1442041541,127.370055,,,,2025-07-28,4550000,충청남도 금산군
남이보건지소,충청남도,금산군,충청남도 금산군 남이면 진악로 25,,36.047947,127.436349,,,,2025-07-28,4550000,충청남도 금산군
남일보건지소,충청남도,금산군,충청남도 금산군 남일면 봉황로 84,,36.0427942482,127.5047000252,,,,2025-07-28,4550000,충청남도 금산군
군북보건지소,충청남도,금산군,충청남도 금산군 군북면 군북로 699,,36.166276,127.5257051569,,,,2025-07-28,4550000,충청남도 금산군
부리보건지소,충청남도,금산군,충청남도 금산군 부리면 현내1길 37,,36.0607883012,127.5548962521,,,,2025-07-28,4550000,충청남도 금산군
제원보건지소,충청남도,금산군,충청남도 금산군 제원면 제원3길 3,,36.1125340889,127.546025,,,,2025-07-28,4550000,충청남도 금산군
금성보건지소,충청남도,금산군,충청남도 금산군 금성면 진산로 372,,36.130609,127.453616,,,,2025-07-28,4550000,충청남도 금산군
금산군보건소,충청남도,금산군,충청남도 금산군 금산읍 금산로 1559,,36.112083,127.4916387632,,,,2025-07-28,4550000,충청남도 금산군
성곡보건진료소,경상북도,영주시,경상북도 영주시 장수면 용주로 483,,36.7815823242,128.531734,,,,2025-07-24,5090000,경상북도 영주시
소룡보건진료소,경상북도,영주시,경상북도 영주시 장수면 옥계로 510,,36.7373333163,128.574900,,,,2025-07-24,5090000,경상북도 영주시
조제보건진료소,경상북도,영주시,경상북도 영주시 문수면 조제로 59,,36.7185572393,128.601084,,,,2025-07-24,5090000,경상북도 영주시
운곡보건진료소,경상북도,영주시,경상북도 영주시 평은면 북평로 1099,,36.7020898192,128.711863,,,,2025-07-24,5090000,경상북도 영주시
월림보건진료소,경상북도,영주시,경상북도 영주시 이산면 내림로 15,,36.8002170853,128.692464,,,,2025-07-24,5090000,경상북도 영주시
부석보건지소,경상북도,영주시,경상북도 영주시 부석면 부석로 49,,36.979125,128.6545697562,,,,2025-07-24,5090000,경상북도 영주시
단산보건지소,경상북도,영주시,경상북도 영주시 단산면 옥대로 32,,36.9510022837,128.6187302909,,,,2025-07-24,5090000,경상북도 영주시
순흥보건지소,경상북도,영주시,경상북도 영주시 순흥면 순흥로 67,,36.9160505461,128.574918126,,,,2025-07-24,5090000,경상북도 영주시
봉현보건지소,경상북도,영주시,경상북도 영주시 봉현면 오현로 27,,36.8612316802,128.5248831078,,,,2025-07-24,5090000,경상북도 영주시
안정보건지소,경상북도,영주시,경상북도 영주시 안정면 신재로 537,,36.84597889,128.5566913945,,,,2025-07-24,5090000,경상북도 영주시
장수보건지소,경상북도,영주시,경상북도 영주시 장수면 장수로 50,,36.7748328999,128.5787451,,,,2025-07-24,5090000,경상북도 영주시
문수보건지소,경상북도,영주시,경상북도 영주시 문수면 문수로1363번길 35,,36.772180,128.6304382734,,,,2025-07-24,5090000,경상북도 영주시
평은보건지소,경상북도,영주시,경상북도 영주시 평은면 신평로 29,,36.758423456,128.6885072048,,,,2025-07-24,5090000,경상북도 영주시
이산보건지소,경상북도,영주시,경상북도 영주시 이산면 이산로621번길 31,,36.8356653316,128.6968845187,,,,2025-07-24,5090000,경상북도 영주시
풍기보건지소,경상북도,영주시,경상북도 영주시 풍기읍 남원로70번길 14,,36.8673729852,128.5270439757,,,,2025-07-24,5090000,경상북도 영주시
영주시치매안심센터,경상북도,영주시,경상북도 영주시 영주로159번길 73,,36.8287629318,128.6159883477,,,,2025-07-24,5090000,경상북도 영주시
영주시보건소,경상북도,영주시,경상북도 영주시 시청로1번길 19,,36.8061245914,128.6216639436,,,,2025-07-24,5090000,경상북도 영주시
단산면행정복지센터,경상북도,영주시,경상북도 영주시 단산면 옥대로 36,,36.951503,128.6196111979,,,,2025-07-24,5090000,경상북도 영주시
순흥면행정복지센터,경상북도,영주시,경상북도 영주시 순흥면 순흥로 67,,36.9160505461,128.574918126,,,,2025-07-24,5090000,경상북도 영주시
고성동 행정복지센터,대구광역시,북구,대구광역시 북구 고성로31길 21 (고성동3가),,35.88191669,128.5836102,행정복지센터 내,,053-665-3404,2025-07-23,3450000,대구광역시 북구
봉현면행정복지센터,경상북도,영주시,경상북도 영주시 봉현면 오현로 27,,36.8612316802,128.5248831078,,,,2025-07-24,5090000,경상북도 영주시
안정면행정복지센터,경상북도,영주시,경상북도 영주시 안정면 신재로 537,,36.8459172691,128.5566913945,,,,2025-07-24,5090000,경상북도 영주시
장수면행정복지센터,경상북도,영주시,경상북도 영주시 장수면 장수로 50,,36.7748328999,128.578724,,,,2025-07-24,5090000,경상북도 영주시
문수면행정복지센터,경상북도,영주시,경상북도 영주시 문수면 문수로1363번길 35,,36.7721306584,128.630416,,,,2025-07-24,5090000,경상북도 영주시
평은면행정복지센터,경상북도,영주시,경상북도 영주시 평은면 신평로 29,,36.758423456,128.6885072048,,,,2025-07-24,5090000,경상북도 영주시
이산면행정복지센터,경상북도,영주시,경상북도 영주시 이산면 이산로 201,,36.8216118715,128.6559875475,,,,2025-07-24,5090000,경상북도 영주시
풍기읍행정복지센터,경상북도,영주시,경상북도 영주시 풍기읍 남원로 80,,36.8672814638,128.526237,,,,2025-07-24,5090000,경상북도 영주시
상석보건진료소,경상북도,영주시,경상북도 영주시 부석면 의상로 1322,,36.9393654342,128.649552,,,,2025-07-24,5090000,경상북도 영주시
임곡보건진료소,경상북도,영주시,경상북도 영주시 부석면 영부로106번길 9,,37.0016914962,128.6628739189,,,,2025-07-24,5090000,경상북도 영주시
구구보건진료소,경상북도,영주시,경상북도 영주시 단산면 구구로 22-17,,36.9001484015,128.603169,,,,2025-07-24,5090000,경상북도 영주시
배점보건진료소,경상북도,영주시,경상북도 영주시 순흥면 죽계로293번길 37,,36.9305776036,128.554500,,,,2025-07-24,5090000,경상북도 영주시
노좌보건진료소,경상북도,영주시,경상북도 영주시 봉현면 소백로 941,,36.7914934004,128.500890,,,,2025-07-24,5090000,경상북도 영주시
오계보건진료소,경상북도,영주시,경상북도 영주시 안정면 안정로 342,,36.8687643575,128.5794005684,,,,2025-07-24,5090000,경상북도 영주시
용산보건진료소,경상북도,영주시,경상북도 영주시 안정면 용주로 925,,36.8139935809,128.545089,,,,2025-07-24,5090000,경상북도 영주시
두전보건진료소,경상북도,영주시,경상북도 영주시 장수면 장안로 440-6,,36.8120415409,128.574258,,,,2025-07-24,5090000,경상북도 영주시
녹십자약국,경상북도,영주시,경상북도 영주시 대학로 325,,36.8244305179,128.6048154618,,,,2025-07-24,5090000,경상북도 영주시
열린약국,경상북도,영주시,경상북도 영주시 영주로 241,,36.8256342523,128.626228,,,,2025-07-24,5090000,경상북도 영주시
영주백세약국,경상북도,영주시,경상북도 영주시 지천로 166,,36.8149564156,128.619433,,,,2025-07-24,5090000,경상북도 영주시
선비약국,경상북도,영주시,경상북도 영주시 중앙로126번길 6,,36.8261520886,128.626141,,,,2025-07-24,5090000,경상북도 영주시
우리약국,경상북도,영주시,경상북도 영주시 영주로 203-2,,36.826159869,128.622163,,,,2025-07-24,5090000,경상북도 영주시
우리들약국,경상북도,영주시,경상북도 영주시 대학로 29,,36.8091442048,128.6212894032,,,,2025-07-24,5090000,경상북도 영주시
영주시자원봉사센터,경상북도,영주시,경상북도 영주시 원당로 76,,36.8202478754,128.6230187575,,,,2025-07-24,5090000,경상북도 영주시
가흥2동행정복지센터,경상북도,영주시,경상북도 영주시 가흥로 357,,36.8294138581,128.611794,,,,2025-07-24,5090000,경상북도 영주시
가흥1동행정복지센터,경상북도,영주시,경상북도 영주시 원당로19번길 29,,36.8188060998,128.6180933455,,,,2025-07-24,5090000,경상북도 영주시
휴천3동행정복지센터,경상북도,영주시,경상북도 영주시 구성로273번길 30,,36.8177854753,128.6258635229,,,,2025-07-24,5090000,경상북도 영주시
휴천2동행정복지센터,경상북도,영주시,경상북도 영주시 대학로 22,,36.8100874761,128.621778,,,,2025-07-24,5090000,경상북도 영주시
휴천1동행정복지센터,경상북도,영주시,경상북도 영주시 남간로 18,,36.8185116356,128.6299139396,,,,2025-07-24,5090000,경상북도 영주시
영주2동행정복지센터,경상북도,영주시,경상북도 영주시 선비로181번길 10,,36.8207647366,128.618719,,,,2025-07-24,5090000,경상북도 영주시
영주1동행정복지센터,경상북도,영주시,경상북도 영주시 광복로 47,,36.828252696,128.623753,,,,2025-07-24,5090000,경상북도 영주시
하망동행정복지센터,경상북도,영주시,경상북도 영주시 영주로280번길 21,,36.8238601959,128.6303009694,,,,2025-07-24,5090000,경상북도 영주시
상망동행정복지센터,경상북도,영주시,경상북도 영주시 광복로 87,,36.828105534,128.6283302437,,,,2025-07-24,5090000,경상북도 영주시
부석면행정복지센터,경상북도,영주시,경상북도 영주시 부석면 부석로 49,,36.979142,128.6545697562,,,,2025-07-24,5090000,경상북도 영주시
평화약국,경상북도,영주시,경상북도 영주시 봉화로 2,,36.838692,128.6519471538,,,,2025-07-24,5090000,경상북도 영주시
제2경북약국,경상북도,영주시,경상북도 영주시 중앙로 122,,36.8258994774,128.626041,,,,2025-07-24,5090000,경상북도 영주시
희망온누리약국,경상북도,영주시,경상북도 영주시 중앙로 126,,36.8263734356,128.626043,,,,2025-07-24,5090000,경상북도 영주시
태백산약국,경상북도,영주시,경상북도 영주시 구성로378번길 9,,36.8253934282,128.621353,,,,2025-07-24,5090000,경상북도 영주시
칠성동 행정복지센터,대구광역시,북구,대구광역시 북구 칠성로19길 4 (칠성동2가),,35.87922009,128.5998963,행정복지센터 내,,053-665-3429,2025-07-23,3450000,대구광역시 북구
정문임약국,경상북도,영주시,경상북도 영주시 번영로 176-1,,36.826619519,128.624867,,,,2025-07-24,5090000,경상북도 영주시
재경 약국,경상북도,영주시,경상북도 영주시 봉현면 오현로 58,,36.8637626123,128.5238094918,,,,2025-07-24,5090000,경상북도 영주시
동산약국,경상북도,영주시,경상북도 영주시 구성로350번길 2,,36.8231368727,128.623533,,,,2025-07-24,5090000,경상북도 영주시
명문약국,경상북도,영주시,경상북도 영주시 중앙로 138-1,,36.8274372883,128.626404,,,,2025-07-24,5090000,경상북도 영주시
드림약국,경상북도,영주시,경상북도 영주시 대학로 34,,36.8095969963,128.620787,,,,2025-07-24,5090000,경상북도 영주시
소백산약국,경상북도,영주시,경상북도 영주시 구성로 371-1,,36.8244363468,128.6212916202,,,,2025-07-24,5090000,경상북도 영주시
삽재한약국,경상북도,영주시,경상북도 영주시 봉화로 114-1,,36.8414662413,128.6662829566,,,,2025-07-24,5090000,경상북도 영주시
동원약국,경상북도,영주시,경상북도 영주시 풍기읍 기주로 88,,36.8700446434,128.526295,,,,2025-07-24,5090000,경상북도 영주시
풍기소백산약국,경상북도,영주시,경상북도 영주시 풍기읍 기주로 102,,36.8704948108,128.524865,,,,2025-07-24,5090000,경상북도 영주시
해맑은약국,경상북도,영주시,경상북도 영주시 대동로31번길 10,,36.8158544804,128.606078,,,,2025-07-24,5090000,경상북도 영주시
양지약국,경상북도,영주시,경상북도 영주시 선비로 65,,36.8107542366,128.6238231936,,,,2025-07-24,5090000,경상북도 영주시
김약국,경상북도,영주시,경상북도 영주시 중앙로 135,,36.8272647418,128.6258532983,,,,2025-07-24,5090000,경상북도 영주시
영주대학로약국,경상북도,영주시,경상북도 영주시 대학로 323,,36.8242895625,128.6048649686,,,,2025-07-24,5090000,경상북도 영주시
365약국,경상북도,영주시,경상북도 영주시 구성로 377,,36.8247450107,128.6209694167,,,,2025-07-24,5090000,경상북도 영주시
한성약국,경상북도,영주시,경상북도 영주시 번영로 133,,36.8234031601,128.626372,,,,2025-07-24,5090000,경상북도 영주시
태춘당약국,경상북도,영주시,경상북도 영주시 풍기읍 기주로 91,,36.8699255527,128.5257182373,,,,2025-07-24,5090000,경상북도 영주시
순창약국,경상북도,영주시,경상북도 영주시 영주로231번길 2,,36.8257806876,128.625251,,,,2025-07-24,5090000,경상북도 영주시
성모약국,경상북도,영주시,경상북도 영주시 구성로 340,,36.8225345496,128.624191,,,,2025-07-24,5090000,경상북도 영주시
유한약국,경상북도,영주시,경상북도 영주시 구성로 345,,36.8226265512,128.6234991347,,,,2025-07-24,5090000,경상북도 영주시
보건약국,경상북도,영주시,경상북도 영주시 구성로 355,,36.8233712815,128.622604,,,,2025-07-24,5090000,경상북도 영주시
파티마약국,경상북도,영주시,경상북도 영주시 구성로 342,,36.8226551286,128.624191,,,,2025-07-24,5090000,경상북도 영주시
신세계약국,경상북도,영주시,경상북도 영주시 꽃동산로 30-1,,36.8129535089,128.621202,,,,2025-07-24,5090000,경상북도 영주시
대흥약국,경상북도,영주시,경상북도 영주시 영주로231번길 20,,36.8265377141,128.6254979797,,,,2025-07-24,5090000,경상북도 영주시
장춘당약국,경상북도,영주시,경상북도 영주시 중앙로 95,,36.8239187769,128.625124,,,,2025-07-24,5090000,경상북도 영주시
한솔약국,경상북도,영주시,경상북도 영주시 중앙로 70,,36.8218062541,128.6239821996,,,,2025-07-24,5090000,경상북도 영주시
풍기신세계약국,경상북도,영주시,경상북도 영주시 풍기읍 동양대로 3,,36.8715528256,128.526766,,,,2025-07-24,5090000,경상북도 영주시
영주약국,경상북도,영주시,경상북도 영주시 중앙로 91,,36.8235730874,128.624913,,,,2025-07-24,5090000,경상북도 영주시
21세기약국,경상북도,영주시,경상북도 영주시 구성로 333,,36.8219166563,128.6244153346,,,,2025-07-24,5090000,경상북도 영주시
참사랑약국,경상북도,영주시,경상북도 영주시 구성로142번길 14,,36.8057972394,128.629764,,,,2025-07-24,5090000,경상북도 영주시
경희약국,경상북도,영주시,경상북도 영주시 영주로 236,,36.8255215086,128.625511,,,,2025-07-24,5090000,경상북도 영주시
경북약국,경상북도,영주시,경상북도 영주시 구성로 354,,36.8235040684,128.6230748742,,,,2025-07-24,5090000,경상북도 영주시
중앙약국,경상북도,영주시,경상북도 영주시 중앙로 118,,36.825699293,128.625915,,,,2025-07-24,5090000,경상북도 영주시
백운정,경상북도,영주시,"경상북도 영주시 동양대로20-15, 1층",,36.872269,128.528452,,,,2025-07-24,5090000,경상북도 영주시
토성,경상북도,영주시,경상북도 영주시 소백로1916번길69,,36.865465,128.540365,,,,2025-07-24,5090000,경상북도 영주시
동부4리,경상북도,영주시,경상북도 영주시 소백로1941,,36.870426,128.536625,,,,2025-07-24,5090000,경상북도 영주시
한양임대아파트,경상북도,영주시,"경상북도 영주시 동양대로72번길8, 관리사무소2층",,36.875311,128.532937,,,,2025-07-24,5090000,경상북도 영주시
동부2리,경상북도,영주시,경상북도 영주시 기주로60번길33,,36.869273,128.530784,,,,2025-07-24,5090000,경상북도 영주시
영주어머니,경상북도,영주시,경상북도 영주시 동성로70번길22,,36.871442,128.529086,,,,2025-07-24,5090000,경상북도 영주시
동부1리,경상북도,영주시,경상북도 영주시 기주로65번길5,,36.869001,128.528355,,,,2025-07-24,5090000,경상북도 영주시
강변아파트,경상북도,영주시,경상북도 영주시 남원로138,,36.870169,128.520755,,,,2025-07-24,5090000,경상북도 영주시
한솔아파트,경상북도,영주시,"경상북도 영주시 남원로152-21,2동109호(한솔맨션)",,36.871637,128.519323,,,,2025-07-24,5090000,경상북도 영주시
취운정,경상북도,영주시,경상북도 영주시 인삼로33(CU지하),,36.870846,128.523410,,,,2025-07-24,5090000,경상북도 영주시
성내4리,경상북도,영주시,경상북도 영주시 남원로112,,36.868863,128.522901,,,,2025-07-24,5090000,경상북도 영주시
성내3리,경상북도,영주시,경상북도 영주시 남원로70번길31-12,,36.868936,128.526892,,,,2025-07-24,5090000,경상북도 영주시
삼일,경상북도,영주시,경상북도 영주시 기주로124-2,,36.871904,128.522575,,,,2025-07-24,5090000,경상북도 영주시
만수,경상북도,영주시,"경상북도 영주시 기주로122, 1층",,36.871441,128.522686,,,,2025-07-24,5090000,경상북도 영주시
영주할인마트,경상북도,영주시,경상북도 영주시 구성로 376,,36.8249506341,128.6217082988,,,,2025-07-24,5090000,경상북도 영주시
홈마트신영주점,경상북도,영주시,경상북도 영주시 대학로 34,,36.8095969963,128.620797,,,,2025-07-24,5090000,경상북도 영주시
영주롯데슈퍼,경상북도,영주시,경상북도 영주시 구성로 256,,36.8160133723,128.6281350809,,,,2025-07-24,5090000,경상북도 영주시
백신1리,경상북도,영주시,경상북도 영주시 죽령로1182번길33,,36.882126,128.499755,,,,2025-07-24,5090000,경상북도 영주시
백2리,경상북도,영주시,경상북도 영주시 전구로30,,36.876175,128.505083,,,,2025-07-24,5090000,경상북도 영주시
백1리,경상북도,영주시,경상북도 영주시 백리길138번길30,,36.887057,128.507780,,,,2025-07-24,5090000,경상북도 영주시
서부3리,경상북도,영주시,경상북도 영주시 금계로39-4,,36.876097,128.525517,,,,2025-07-24,5090000,경상북도 영주시
풍기읍분회,경상북도,영주시,경상북도 영주시 인삼로10번길38-1,,36.873433,128.521608,,,,2025-07-24,5090000,경상북도 영주시
서부2리,경상북도,영주시,경상북도 영주시 인삼로4-10,,36.873545,128.523421,,,,2025-07-24,5090000,경상북도 영주시
서부1리,경상북도,영주시,경상북도 영주시 동성로94번길20-14,,36.872503,128.526848,,,,2025-07-24,5090000,경상북도 영주시
교촌2리,경상북도,영주시,경상북도 영주시 동양대로129번길162,,36.884731,128.527329,,,,2025-07-24,5090000,경상북도 영주시
향교마을,경상북도,영주시,경상북도 영주시 금계로64번길45,,36.881456,128.527769,,,,2025-07-24,5090000,경상북도 영주시
금계2리,경상북도,영주시,경상북도 영주시 금계로217,,36.891419,128.527108,,,,2025-07-24,5090000,경상북도 영주시
금계1리,경상북도,영주시,경상북도 영주시 무릉길42번길9,,36.884798,128.519862,,,,2025-07-24,5090000,경상북도 영주시
삼가리,경상북도,영주시,경상북도 영주시 삼가로434-1,,36.922145,128.507061,,,,2025-07-24,5090000,경상북도 영주시
미곡리,경상북도,영주시,경상북도 영주시 소백로2235번길70,,36.895941,128.539329,,,,2025-07-24,5090000,경상북도 영주시
안메끼실,경상북도,영주시,경상북도 영주시 소백로2273번길106,,36.901852,128.541816,,,,2025-07-24,5090000,경상북도 영주시
산법리,경상북도,영주시,경상북도 영주시 안풍로254번길60,,36.872448,128.545015,,,,2025-07-24,5090000,경상북도 영주시
사랑방모임,경상북도,영주시,경상북도 영주시 동양대로16번길8,,36.872114,128.527892,,,,2025-07-24,5090000,경상북도 영주시
동부6리,경상북도,영주시,"경상북도 영주시 동양대로20-15, 2층",,36.872269,128.528452,,,,2025-07-24,5090000,경상북도 영주시
천본2리,경상북도,영주시,경상북도 영주시 천상로 272,,36.774379,128.714244,,,,2025-07-24,5090000,경상북도 영주시
천본1리,경상북도,영주시,경상북도 영주시 천상로 515,,36.789107,128.719793,,,,2025-07-24,5090000,경상북도 영주시
새터,경상북도,영주시,경상북도 영주시 평은로76번길 15-1,,36.741236,128.714712,,,,2025-07-24,5090000,경상북도 영주시
오운2리,경상북도,영주시,경상북도 영주시 예봉로418번길 9,,36.759617,128.730568,,,,2025-07-24,5090000,경상북도 영주시
오동마을,경상북도,영주시,경상북도 영주시 경북대로2229번길 16-12,,36.717148,128.714489,,,,2025-07-24,5090000,경상북도 영주시
오운1리,경상북도,영주시,경상북도 영주시 예봉로23번길 48-6,,36.723101,128.717417,,,,2025-07-24,5090000,경상북도 영주시
지곡2리,경상북도,영주시,경상북도 영주시 녹지로119번길 9,,36.702600,128.725981,,,,2025-07-24,5090000,경상북도 영주시
지곡1리,경상북도,영주시,경상북도 영주시 북평로1071번길 17,,36.702326,128.708539,,,,2025-07-24,5090000,경상북도 영주시
금계(분회),경상북도,영주시,경상북도 영주시 강동로410번길 127,,36.713230,128.697497,,,,2025-07-24,5090000,경상북도 영주시
왕유,경상북도,영주시,경상북도 영주시 강동로298번길 144,,36.702626,128.684507,,,,2025-07-24,5090000,경상북도 영주시
신평,경상북도,영주시,경상북도 영주시 신평로 41,,36.758271,128.689259,,,,2025-07-24,5090000,경상북도 영주시
평은리,경상북도,영주시,경상북도 영주시 평은로962번길 13,,36.762585,128.697656,,,,2025-07-24,5090000,경상북도 영주시
옥동,경상북도,영주시,경상북도 영주시 옥동로152번길12,,36.873279,128.477589,,,,2025-07-24,5090000,경상북도 영주시
전구1리,경상북도,영주시,경상북도 영주시 전구로234,,36.873601,128.483732,,,,2025-07-24,5090000,경상북도 영주시
수철리,경상북도,영주시,경상북도 영주시 죽령로1513번길64,,36.895812,128.464637,,,,2025-07-24,5090000,경상북도 영주시
창락2리,경상북도,영주시,경상북도 영주시 죽령로1350번길40,,36.888571,128.483759,,,,2025-07-24,5090000,경상북도 영주시
창락1리,경상북도,영주시,경상북도 영주시 죽령로1356,,36.885945,128.481803,,,,2025-07-24,5090000,경상북도 영주시
백신2리,경상북도,영주시,경상북도 영주시 죽령로1284번길70,,36.888898,128.491342,,,,2025-07-24,5090000,경상북도 영주시
오현4리,경상북도,영주시,경상북도 영주시 오현로59번길 140,,36.855325,128.514096,,,,2025-07-24,5090000,경상북도 영주시
오현3리,경상북도,영주시,경상북도 영주시 오현로59번길 90,,36.858303,128.517579,,,,2025-07-24,5090000,경상북도 영주시
오현2리,경상북도,영주시,경상북도 영주시 신재로939번길 110,,36.859890,128.512459,,,,2025-07-24,5090000,경상북도 영주시
오현1리,경상북도,영주시,경상북도 영주시 오현로59번길 11,,36.863292,128.522912,,,,2025-07-24,5090000,경상북도 영주시
봉현면분회,경상북도,영주시,경상북도 영주시 신재로 921,,36.865405,128.522525,,,,2025-07-24,5090000,경상북도 영주시
두산3리,경상북도,영주시,경상북도 영주시 테라피로460번길 46-1,,36.864569,128.498187,,,,2025-07-24,5090000,경상북도 영주시
두산2리,경상북도,영주시,경상북도 영주시 테라피로 453,,36.867812,128.496157,,,,2025-07-24,5090000,경상북도 영주시
두산1리,경상북도,영주시,경상북도 영주시 테라피로281번길 6,,36.861917,128.479244,,,,2025-07-24,5090000,경상북도 영주시
대촌2리,경상북도,영주시,경상북도 영주시 소백로1623번길 263,,36.841202,128.499139,,,,2025-07-24,5090000,경상북도 영주시
대촌1리,경상북도,영주시,경상북도 영주시 소백로1623번길 32-11,,36.846988,128.522833,,,,2025-07-24,5090000,경상북도 영주시
노좌3리,경상북도,영주시,경상북도 영주시 노좌로29번길 373,,36.805701,128.481627,,,,2025-07-24,5090000,경상북도 영주시
노좌2리,경상북도,영주시,경상북도 영주시 노좌로45번길 42-10,,36.799364,128.497488,,,,2025-07-24,5090000,경상북도 영주시
노좌1리,경상북도,영주시,경상북도 영주시 노좌로29번길 24,,36.795739,128.498813,,,,2025-07-24,5090000,경상북도 영주시
천본1리마을회관,경상북도,영주시,경상북도 영주시 천상로500번길 130,,36.788066,128.730179,,,,2025-07-24,5090000,경상북도 영주시
녹동,경상북도,영주시,경상북도 영주시 문평로351번길 188,,36.738421,128.648236,,,,2025-07-24,5090000,경상북도 영주시
용혈2리,경상북도,영주시,경상북도 영주시 문평로961번길 99,,36.738053,128.653123,,,,2025-07-24,5090000,경상북도 영주시
용혈1리,경상북도,영주시,경상북도 영주시 문평로719번길 3-16,,36.719692,128.649376,,,,2025-07-24,5090000,경상북도 영주시
봉산,경상북도,영주시,경상북도 영주시 의상로35번길 21,,36.8403738849,128.6402883535,,,,2025-07-24,5090000,경상북도 영주시
갓골,경상북도,영주시,경상북도 영주시 조와로91번길 313-14,,36.8619067917,128.6218372738,,,,2025-07-24,5090000,경상북도 영주시
진우,경상북도,영주시,경상북도 영주시 의상로 365-6,,36.8674121409,128.636365,,,,2025-07-24,5090000,경상북도 영주시
사천2리,경상북도,영주시,경상북도 영주시 단산로285번길 149-10,,36.912854,128.593810,,,,2025-07-24,5090000,경상북도 영주시
병산1리,경상북도,영주시,경상북도 영주시 단산로559번길 6,,36.925241,128.608919,,,,2025-07-24,5090000,경상북도 영주시
단곡1리,경상북도,영주시,경상북도 영주시 단곡로 21번길 18,,36.949680,128.598382,,,,2025-07-24,5090000,경상북도 영주시
옥대3리,경상북도,영주시,경상북도 영주시 영단로70번길 8,,36.960341,128.620180,,,,2025-07-24,5090000,경상북도 영주시
옥대1리,경상북도,영주시,경상북도 영주시 보옥로 338,,36.950128,128.621599,,,,2025-07-24,5090000,경상북도 영주시
이목(구구3리),경상북도,영주시,경상북도 영주시 구구로 240,,36.906971,128.624087,,,,2025-07-24,5090000,경상북도 영주시
구구2리,경상북도,영주시,경상북도 영주시 구구로 105번길 19-2,,36.903884,128.610746,,,,2025-07-24,5090000,경상북도 영주시
한천리,경상북도,영주시,경상북도 영주시 소백로1411번길 32-1,,36.828919,128.511880,,,,2025-07-24,5090000,경상북도 영주시
하촌3리,경상북도,영주시,경상북도 영주시 소백로 680,,36.768639,128.501655,,,,2025-07-24,5090000,경상북도 영주시
해봄약국,인천광역시,서구,"인천광역시 서구 장고개로337번길 7, 103호 (가좌동)",,37.49277897,126.6860202,약국 내부,,032-718-0425,2025-07-11,3560000,인천광역시 서구
하촌2리,경상북도,영주시,경상북도 영주시 하촌로 163,,36.776874,128.497280,,,,2025-07-24,5090000,경상북도 영주시
하촌1리,경상북도,영주시,경상북도 영주시 하촌로48번길 25,,36.785798,128.495035,,,,2025-07-24,5090000,경상북도 영주시
지경터,경상북도,영주시,경상북도 영주시 테라피로 589,,36.872904,128.509125,,,,2025-07-24,5090000,경상북도 영주시
유전2리,경상북도,영주시,경상북도 영주시 소백로1036번길 108,,36.802837,128.512944,,,,2025-07-24,5090000,경상북도 영주시
유전1리,경상북도,영주시,경상북도 영주시 소백로1173번길 59-3,,36.811381,128.502654,,,,2025-07-24,5090000,경상북도 영주시
동산타운,경상북도,영주시,경상북도 영주시 남간로 38-16,,36.817907651,128.6318806493,,,,2025-07-24,5090000,경상북도 영주시
동부,경상북도,영주시,경상북도 영주시 남간로21번길 23-12,,36.8198093187,128.629728,,,,2025-07-24,5090000,경상북도 영주시
남간,경상북도,영주시,경상북도 영주시 남간로 50,,36.818518544,128.633244,,,,2025-07-24,5090000,경상북도 영주시
광승,경상북도,영주시,경상북도 영주시 번영로24번길 17-1,,36.8143857368,128.6292572856,,,,2025-07-24,5090000,경상북도 영주시
치바위,경상북도,영주시,경상북도 영주시 원당로211번길 7,,36.8291115402,128.633730,,,,2025-07-24,5090000,경상북도 영주시
아랫보름골,경상북도,영주시,경상북도 영주시 원당로275번길 42,,36.8343877941,128.6385841882,,,,2025-07-24,5090000,경상북도 영주시
보름골,경상북도,영주시,경상북도 영주시 원당로223번길 42-47,,36.8325975231,128.634026,,,,2025-07-24,5090000,경상북도 영주시
웃무리,경상북도,영주시,경상북도 영주시 웃무리로 26,,36.826017464,128.637650,,,,2025-07-24,5090000,경상북도 영주시
코아루아파트,경상북도,영주시,경상북도 영주시 원당로225번길 67,,36.8332170165,128.6350847229,,,,2025-07-24,5090000,경상북도 영주시
명성방산아파트,경상북도,영주시,경상북도 영주시 향교길 108-23,,36.8323964032,128.6321002165,,,,2025-07-24,5090000,경상북도 영주시
보름,경상북도,영주시,경상북도 영주시 원당로247번길 119,,36.8352546372,128.633194,,,,2025-07-24,5090000,경상북도 영주시
화성아파트,경상북도,영주시,경상북도 영주시 향교길 149,,36.833543,128.6318633437,,,,2025-07-24,5090000,경상북도 영주시
경일,경상북도,영주시,경상북도 영주시 웃무리로13번길 15,,36.8278604258,128.6382085726,,,,2025-07-24,5090000,경상북도 영주시
단운,경상북도,영주시,경상북도 영주시 원당로427번길 137,,36.8456239409,128.6544841,,,,2025-07-24,5090000,경상북도 영주시
사례,경상북도,영주시,경상북도 영주시 명륜길28번길 7,,36.8289633416,128.628309,,,,2025-07-24,5090000,경상북도 영주시
교동,경상북도,영주시,경상북도 영주시 향교길 42-11,,36.8294667279,128.6315729396,,,,2025-07-24,5090000,경상북도 영주시
영남동산아파트,경상북도,영주시,경상북도 영주시 원당로223번길 57,,36.8317558095,128.6331811186,,,,2025-07-24,5090000,경상북도 영주시
행복,경상북도,영주시,경상북도 영주시 선비로119번길 19-1,,36.815104981,128.621136,,,,2025-07-24,5090000,경상북도 영주시
한마음(분회),경상북도,영주시,경상북도 영주시 시청로 28-2,,36.8088570917,128.624699033,,,,2025-07-24,5090000,경상북도 영주시
학사,경상북도,영주시,경상북도 영주시 목민로67번길 5,,36.8094453624,128.617349,,,,2025-07-24,5090000,경상북도 영주시
철우,경상북도,영주시,경상북도 영주시 선비로 64,,36.8112104019,128.624878,,,,2025-07-24,5090000,경상북도 영주시
지천,경상북도,영주시,경상북도 영주시 지천로55번길 17-8,,36.8048235411,128.618177,,,,2025-07-24,5090000,경상북도 영주시
운봉,경상북도,영주시,경상북도 영주시 대학로21번길 36,,36.8081950046,128.622759,,,,2025-07-24,5090000,경상북도 영주시
신영주,경상북도,영주시,경상북도 영주시 꽃동산로21번길 20-11,,36.8123419678,128.620488,,,,2025-07-24,5090000,경상북도 영주시
송림맨션,경상북도,영주시,경상북도 영주시 지천로55번길 54,,36.806519,128.618494142,,,,2025-07-24,5090000,경상북도 영주시
사랑,경상북도,영주시,경상북도 영주시 지천로107번길 16,,36.8100184951,128.618290456,,,,2025-07-24,5090000,경상북도 영주시
뚝방,경상북도,영주시,경상북도 영주시 목민로 77,,36.8100748037,128.6163964722,,,,2025-07-24,5090000,경상북도 영주시
남부,경상북도,영주시,경상북도 영주시 대학로35번길 21,,36.8085914404,128.621333,,,,2025-07-24,5090000,경상북도 영주시
꽃동산,경상북도,영주시,경상북도 영주시 대동로134번길 11-10,,36.813578,128.617354,,,,2025-07-24,5090000,경상북도 영주시
가흥동로타리,경상북도,영주시,경상북도 영주시 지천로 143 (2층),,36.8130312102,128.618687,,,,2025-07-24,5090000,경상북도 영주시
강천,경상북도,영주시,경상북도 영주시 지천로115번길 58,,36.8114741708,128.6162168017,,,,2025-07-24,5090000,경상북도 영주시
기려자,경상북도,영주시,경상북도 영주시 번영로64번길 34-15,,36.817089,128.630420,,,,2025-07-24,5090000,경상북도 영주시
행복한약국,인천광역시,서구,인천광역시 서구 가정로 213 (석남동),,37.5038247577,126.6718783964,약국 내부,,032-718-0425,2025-07-11,3560000,인천광역시 서구
휴일,경상북도,영주시,경상북도 영주시 번영로 103-4,,36.821387789,128.628289,,,,2025-07-24,5090000,경상북도 영주시
세영첼시빌,경상북도,영주시,경상북도 영주시 남간로71번길 10,,36.8195963117,128.6363186378,,,,2025-07-24,5090000,경상북도 영주시
더리브아파트,경상북도,영주시,경상북도 영주시 대학로 324,,36.8234585639,128.606034,,,,2025-07-24,5090000,경상북도 영주시
주공4단지,경상북도,영주시,경상북도 영주시 가흥로 345-27,,36.8274140368,128.6098390942,,,,2025-07-24,5090000,경상북도 영주시
화성리버빌,경상북도,영주시,경상북도 영주시 신재로12번길 56,,36.8332314982,128.6115266622,,,,2025-07-24,5090000,경상북도 영주시
딱다레미,경상북도,영주시,경상북도 영주시 창진로 87,,36.8362930955,128.6075759795,,,,2025-07-24,5090000,경상북도 영주시
시영아파트,경상북도,영주시,경상북도 영주시 창진로 63,,36.8359556992,128.6102296426,,,,2025-07-24,5090000,경상북도 영주시
현대아파트,경상북도,영주시,경상북도 영주시 신재로12번길 67,,36.8339407312,128.6106986347,,,,2025-07-24,5090000,경상북도 영주시
서부,경상북도,영주시,경상북도 영주시 신재로12번길 37,,36.8327370942,128.611238,,,,2025-07-24,5090000,경상북도 영주시
가흥2동,경상북도,영주시,경상북도 영주시 반지미로 364,,36.8299500268,128.6048938915,,,,2025-07-24,5090000,경상북도 영주시
상고현,경상북도,영주시,경상북도 영주시 고현로 204,,36.8459324452,128.611413,,,,2025-07-24,5090000,경상북도 영주시
분회,경상북도,영주시,경상북도 영주시 구성로273번길 40-6,,36.8178974942,128.625619,,,,2025-07-24,5090000,경상북도 영주시
현대아파트제2,경상북도,영주시,경상북도 영주시 지천로 46 (현대1차APT내),,36.8044820003,128.6203062614,,,,2025-07-24,5090000,경상북도 영주시
현대아파트제1,경상북도,영주시,경상북도 영주시 지천로50번길 5 (현대1차APT내),,36.8056524741,128.6199115349,,,,2025-07-24,5090000,경상북도 영주시
현대2차아파트,경상북도,영주시,경상북도 영주시 지천로50번길 38 (현대2차APT내),,36.8055369709,128.6219532925,,,,2025-07-24,5090000,경상북도 영주시
대림약국,경상북도,포항시,경상북도 포항시 북구 흥해읍 흥해로 69,,36.11085764,129.3476552,,,054-270-4124,2025-07-30,5020000,경상북도 포항시
은광약국,경상북도,포항시,"경상북도 포항시 북구 흥해읍 흥해로 57, 1층",,36.10989905,129.3473441,,,054-270-4124,2025-07-30,5020000,경상북도 포항시
화성약국,경상북도,포항시,경상북도 포항시 북구 흥해읍 흥해로 56,,36.1096605,129.3475724,,,054-270-4124,2025-07-30,5020000,경상북도 포항시
고바우약국,경상북도,포항시,경상북도 포항시 북구 흥해읍 흥해로 26,,36.10785744,129.3451639,,,054-270-4124,2025-07-30,5020000,경상북도 포항시
나을약국,경상북도,포항시,경상북도 포항시 북구 흥해읍 흥해로 23,,36.10778947,129.3447882,,,054-270-4124,2025-07-30,5020000,경상북도 포항시
흥해우리약국,경상북도,포항시,경상북도 포항시 북구 흥해읍 한동로 42,,36.11036262,129.346006,,,054-270-4124,2025-07-30,5020000,경상북도 포항시
신세계열린약국,경상북도,포항시,경상북도 포항시 북구 흥해읍 한동로 36,,36.1105908,129.3454191,,,054-270-4124,2025-07-30,5020000,경상북도 포항시
행복약국,경상북도,포항시,경상북도 포항시 북구 흥해읍 한동로 29,,36.11096083,129.3448855,,,054-270-4124,2025-07-30,5020000,경상북도 포항시
하나로약국,경상북도,포항시,"경상북도 포항시 북구 흥해읍 초곡지구로71번길 6-3, (주)알마트",,36.09494823,129.340778,,,054-270-4124,2025-07-30,5020000,경상북도 포항시
아이앤유약국,경상북도,포항시,"경상북도 포항시 북구 흥해읍 초곡지구로58번길 36, 다온빌딩 102호",,36.09666362,129.3359972,,,054-270-4124,2025-07-30,5020000,경상북도 포항시
초원온누리약국,경상북도,포항시,"경상북도 포항시 북구 흥해읍 초곡지구로58번길 15, 101호",,36.09621373,129.3381365,,,054-270-4124,2025-07-30,5020000,경상북도 포항시
새봄약국,경상북도,포항시,"경상북도 포항시 북구 흥해읍 초곡지구로 69, 스마일빌딩 105.106호",,36.09534923,129.3403399,,,054-270-4124,2025-07-30,5020000,경상북도 포항시
초곡강민약국,경상북도,포항시,"경상북도 포항시 북구 흥해읍 초곡지구로 60, 114호",,36.09616231,129.3396475,,,054-270-4124,2025-07-30,5020000,경상북도 포항시
좋은이웃약국,경상북도,포항시,경상북도 포항시 북구 흥해읍 중성로32번길 25,,36.10624128,129.346942,,,054-270-4124,2025-07-30,5020000,경상북도 포항시
온누리건강약국,경상북도,포항시,경상북도 포항시 북구 흥해읍 중성로32번길 21,,36.10670475,129.3468914,,,054-270-4124,2025-07-30,5020000,경상북도 포항시
흥해읍보건지소,경상북도,포항시,경상북도 포항시 북구 흥해읍 중성로 69,,36.10919277,129.3507888,,,054-270-4124,2025-07-30,5020000,경상북도 포항시
굿모닝약국,경상북도,포항시,"경상북도 포항시 북구 흥해읍 중성로 62, 나동 1호 (대성빌라2차)",,36.10868358,129.3497677,,,054-270-4124,2025-07-30,5020000,경상북도 포항시
북구보건소,경상북도,포항시,경상북도 포항시 북구 흥해읍 한동로 1,,36.11197276,129.3419607,,,054-270-4124,2025-07-30,5020000,경상북도 포항시
흥해읍,경상북도,포항시,경상북도 포항시 북구 흥해읍 동해대로 1511,,36.10713061,129.3417247,,,054-270-4124,2025-07-30,5020000,경상북도 포항시
달전약국,경상북도,포항시,"경상북도 포항시 북구 흥해읍 도음로 991, 1층",,36.07907002,129.342225,,,054-270-4124,2025-07-30,5020000,경상북도 포항시
흥해거북이약국,경상북도,포항시,"경상북도 포항시 북구 흥해읍 남미질로 13, 1층 5호",,36.10515038,129.3444068,,,054-270-4124,2025-07-30,5020000,경상북도 포항시
햇살약국,경상북도,포항시,"경상북도 포항시 북구 해동로 303, 채움병원 1층 (동빈1가)",,36.04626036,129.3712176,,,054-270-4124,2025-07-30,5020000,경상북도 포항시
모아약국,경상북도,포항시,경상북도 포항시 북구 학전로111번길 43 (두호동),,36.06311769,129.3715381,,,054-270-4124,2025-07-30,5020000,경상북도 포항시
부흥약국,경상북도,포항시,경상북도 포항시 북구 학전로 24-2 (항구동),,36.05485372,129.3746473,,,054-270-4124,2025-07-30,5020000,경상북도 포항시
중앙동,경상북도,포항시,경상북도 포항시 북구 학산로 54,,36.04927987,129.3686743,,,054-270-4124,2025-07-30,5020000,경상북도 포항시
수연약국,경상북도,포항시,경상북도 포항시 북구 포스코대로 310(죽도동),,36.01903016,129.3575952,,,054-270-4124,2025-07-30,5020000,경상북도 포항시
하나약국,경상북도,포항시,"경상북도 포항시 북구 포스코대로 288, 1층 (죽도동)",,36.02000064,129.3553256,,,054-270-4124,2025-07-30,5020000,경상북도 포항시
수약국,경상북도,포항시,"경상북도 포항시 북구 포스코대로 271, 1층 (죽도동)",,36.02152523,129.3545544,,,054-270-4124,2025-07-30,5020000,경상북도 포항시
녹십자약국,경상북도,포항시,경상북도 포항시 북구 포스코대로 254 (죽도동),,36.02169178,129.3522117,,,054-270-4124,2025-07-30,5020000,경상북도 포항시
동국약국,경상북도,포항시,경상북도 포항시 북구 포스코대로 241 (죽도동),,36.02295705,129.3518164,,,054-270-4124,2025-07-30,5020000,경상북도 포항시
봄온누리약국,경상북도,포항시,"경상북도 포항시 북구 침촌마을길 12-9 (장성동, 바로정형외과내과의원)",,36.07900107,129.3796424,,,054-270-4124,2025-07-30,5020000,경상북도 포항시
성지대형약국,경상북도,포항시,경상북도 포항시 북구 칠성로 56-2 (남빈동),,36.03681862,129.3681109,,,054-270-4124,2025-07-30,5020000,경상북도 포항시
리드팜성신약국,경상북도,포항시,경상북도 포항시 북구 칠성로 34 (남빈동),,36.03622998,129.3655665,,,054-270-4124,2025-07-30,5020000,경상북도 포항시
청하면보건지소,경상북도,포항시,경상북도 포항시 북구 청하면 청하로217번길 22,,36.19956234,129.3379472,,,054-270-4124,2025-07-30,5020000,경상북도 포항시
청하면,경상북도,포항시,경상북도 포항시 북구 청하면 청하로217번길 22,,36.19956234,129.3379472,,,054-270-4124,2025-07-30,5020000,경상북도 포항시
온누리인해약국,경상북도,포항시,경상북도 포항시 북구 청하면 청하로 221,,36.19898236,129.3402983,,,054-270-4124,2025-07-30,5020000,경상북도 포항시
청하약국,경상북도,포항시,경상북도 포항시 북구 청하면 청하로 205,,36.19787979,129.3393517,,,054-270-4124,2025-07-30,5020000,경상북도 포항시
양덕바른약국,경상북도,포항시,"경상북도 포항시 북구 천마로 96, 1층 102호 (양덕동)",,36.08506318,129.3971353,,,054-270-4124,2025-07-30,5020000,경상북도 포항시
양덕건강한약국,경상북도,포항시,경상북도 포항시 북구 천마로 74 (양덕동),,36.08319301,129.3971357,,,054-270-4124,2025-07-30,5020000,경상북도 포항시
참기쁨약국,경상북도,포항시,경상북도 포항시 북구 천마로 55 (양덕동),,36.08149873,129.3965725,,,054-270-4124,2025-07-30,5020000,경상북도 포항시
건강백세약국,경상북도,포항시,경상북도 포항시 북구 창흥로 13 (창포동),,36.06193498,129.3689511,,,054-270-4124,2025-07-30,5020000,경상북도 포항시
옥약국,경상북도,포항시,경상북도 포항시 북구 중흥로241번길 8(죽도동),,36.02514259,129.358900,,,054-270-4124,2025-07-30,5020000,경상북도 포항시
백민약국,경상북도,포항시,경상북도 포항시 북구 중흥로191번길 20 (죽도동),,36.02201622,129.3546255,,,054-270-4124,2025-07-30,5020000,경상북도 포항시
미래약국,경상북도,포항시,경상북도 포항시 북구 중흥로 345 (죽도동),,36.03265017,129.3654479,,,054-270-4124,2025-07-30,5020000,경상북도 포항시
오거리약국,경상북도,포항시,경상북도 포항시 북구 중흥로 343 (죽도동),,36.03246439,129.3655568,,,054-270-4124,2025-07-30,5020000,경상북도 포항시
거북이약국,경상북도,포항시,경상북도 포항시 북구 중흥로 340 (죽도동),,36.03206951,129.365766,,,054-270-4124,2025-07-30,5020000,경상북도 포항시
성화약국,경상북도,포항시,경상북도 포항시 북구 중흥로 338 (죽도동),,36.03197375,129.3657101,,,054-270-4124,2025-07-30,5020000,경상북도 포항시
유창약국,경상북도,포항시,"경상북도 포항시 북구 중흥로 336, 굿모닝 타워 1층 106호 (죽도동)",,36.03156956,129.3655644,,,054-270-4124,2025-07-30,5020000,경상북도 포항시
진약국,경상북도,포항시,경상북도 포항시 북구 중흥로 331-1 (죽도동),,36.03170219,129.3648565,,,054-270-4124,2025-07-30,5020000,경상북도 포항시
지성약국,경상북도,포항시,경상북도 포항시 북구 중흥로 329 (죽도동),,36.03145222,129.3646667,,,054-270-4124,2025-07-30,5020000,경상북도 포항시
포항제일약국,경상북도,포항시,경상북도 포항시 북구 중흥로 325 (죽도동),,36.03129485,129.3644548,,,054-270-4124,2025-07-30,5020000,경상북도 포항시
헬스플러스약국,경상북도,포항시,"경상북도 포항시 북구 중흥로 319, 굿모닝메디칼센터 1층 (죽도동)",,36.03074945,129.3640819,,,054-270-4124,2025-07-30,5020000,경상북도 포항시
명강약국,경상북도,포항시,경상북도 포항시 북구 중흥로 306 (죽도동),,36.02941326,129.3637538,,,054-270-4124,2025-07-30,5020000,경상북도 포항시
늘푸른약국,경상북도,포항시,경상북도 포항시 북구 중흥로 299 (죽도동),,36.02915501,129.362741,,,054-270-4124,2025-07-30,5020000,경상북도 포항시
행복한약국,인천광역시,서구,"인천광역시 서구 승학로 497, 검암프라자 109호 (검암동)",,37.5655854226,126.6749819452,약국 내부,,032-718-0425,2025-07-11,3560000,인천광역시 서구
큰나무약국,경상북도,포항시,"경상북도 포항시 북구 중흥로 297, 1층 (죽도동)",,36.02901646,129.3626984,,,054-270-4124,2025-07-30,5020000,경상북도 포항시
세원약국,경상북도,포항시,경상북도 포항시 북구 중흥로 287 (죽도동),,36.02827278,129.3620589,,,054-270-4124,2025-07-30,5020000,경상북도 포항시
큰사랑약국,경상북도,포항시,경상북도 포항시 북구 중흥로 265 (죽도동),,36.02661175,129.3606484,,,054-270-4124,2025-07-30,5020000,경상북도 포항시
해송약국,경상북도,포항시,경상북도 포항시 북구 중흥로 256 (죽도동),,36.02559627,129.3606378,,,054-270-4124,2025-07-30,5020000,경상북도 포항시
스마일약국,경상북도,포항시,"경상북도 포항시 북구 중흥로 228, 1층 (죽도동, 이을빌딩)",,36.02350812,129.359018,,,054-270-4124,2025-07-30,5020000,경상북도 포항시
헤세드 온누리 약국,경상북도,포항시,경상북도 포항시 북구 중흥로 212 (죽도동),,36.02215185,129.3579745,,,054-270-4124,2025-07-30,5020000,경상북도 포항시
힘찬약국,경상북도,포항시,경상북도 포항시 북구 중흥로 171 (죽도동),,36.01948472,129.3550787,,,054-270-4124,2025-07-30,5020000,경상북도 포항시
대학약국,경상북도,포항시,경상북도 포항시 북구 중흥로 147 (죽도동),,36.01770738,129.3537046,,,054-270-4124,2025-07-30,5020000,경상북도 포항시
신국제약국,경상북도,포항시,경상북도 포항시 북구 중앙상가2길 21 (남빈동),,36.03626784,129.3644562,,,054-270-4124,2025-07-30,5020000,경상북도 포항시
우현열린약국,경상북도,포항시,경상북도 포항시 북구 중앙로 438 (우현동),,36.05112542,129.3622227,,,054-270-4124,2025-07-30,5020000,경상북도 포항시
진보약국,경상북도,포항시,경상북도 포항시 북구 중앙로 396-2(대신동),,36.04774104,129.3643695,,,054-270-4124,2025-07-30,5020000,경상북도 포항시
미리내약국,경상북도,포항시,경상북도 포항시 북구 중앙로 283-2 (상원동),,36.03822877,129.365510,,,054-270-4124,2025-07-30,5020000,경상북도 포항시
천우당온누리약국,경상북도,포항시,"경상북도 포항시 북구 중앙로 261, 1층 (남빈동)",,36.03643269,129.3647088,,,054-270-4124,2025-07-30,5020000,경상북도 포항시
포항세명약국,경상북도,포항시,경상북도 포항시 북구 중앙로 242 (죽도동),,36.03457679,129.3656744,,,054-270-4124,2025-07-30,5020000,경상북도 포항시
새경북약국,경상북도,포항시,경상북도 포항시 북구 중앙로 241 (죽도동),,36.03437439,129.3652378,,,054-270-4124,2025-07-30,5020000,경상북도 포항시
온누리대왕약국,경상북도,포항시,경상북도 포항시 북구 중앙로 237 (죽도동),,36.03403486,129.3653857,,,054-270-4124,2025-07-30,5020000,경상북도 포항시
장약국,경상북도,포항시,경상북도 포항시 북구 중앙로 228-1 (죽도동),,36.03341858,129.3660435,,,054-270-4124,2025-07-30,5020000,경상북도 포항시
한독약국,경상북도,포항시,경상북도 포항시 북구 중앙로 228 (죽도동),,36.03334112,129.3661105,,,054-270-4124,2025-07-30,5020000,경상북도 포항시
죽장면,경상북도,포항시,경상북도 포항시 북구 죽장면 새마을로 3604-11 포항북부소방서죽장119지역대,,36.02559627,129.3606378,,,054-270-4124,2025-07-30,5020000,경상북도 포항시
죽장면보건지소,경상북도,포항시,경상북도 포항시 북구 죽장면 새마을로 3604-11,,36.15987579,129.095171,,,054-270-4124,2025-07-30,5020000,경상북도 포항시
개풍약국,경상북도,포항시,경상북도 포항시 북구 죽도시장길 2 (죽도동),,36.03482467,129.3656869,,,054-270-4124,2025-07-30,5020000,경상북도 포항시
시장큰약국,경상북도,포항시,경상북도 포항시 북구 죽도시장길 1 (죽도동),,36.03504675,129.3656739,,,054-270-4124,2025-07-30,5020000,경상북도 포항시
죽도동,경상북도,포항시,경상북도 포항시 북구 죽도로40번길 28,,36.03121135,129.3632019,,,054-270-4124,2025-07-30,5020000,경상북도 포항시
독일약국,경상북도,포항시,경상북도 포항시 북구 죽도로 59 (죽도동),,36.03304326,129.3668539,,,054-270-4124,2025-07-30,5020000,경상북도 포항시
즐거운약국,경상북도,포항시,경상북도 포항시 북구 죽도로 55 (죽도동),,36.03301706,129.3664558,,,054-270-4124,2025-07-30,5020000,경상북도 포항시
백약국,경상북도,포항시,경상북도 포항시 북구 죽도로 48 (죽도동),,36.03278508,129.365341,,,054-270-4124,2025-07-30,5020000,경상북도 포항시
수퍼약국,경상북도,포항시,경상북도 포항시 북구 죽도로 27 (죽도동),,36.03415498,129.3641293,,,054-270-4124,2025-07-30,5020000,경상북도 포항시
천사온누리약국,경상북도,포항시,"경상북도 포항시 북구 장량중앙로 52, 양덕프라자 103층 (양덕동)",,36.08992952,129.3874969,,,054-270-4124,2025-07-30,5020000,경상북도 포항시
스타약국,경상북도,포항시,"경상북도 포항시 북구 장량로31번길 54, 102호 (장성동)",,36.0873658,129.3848146,,,054-270-4124,2025-07-30,5020000,경상북도 포항시
드림약국,경상북도,포항시,경상북도 포항시 북구 장량로 79 (양덕동),,36.08245604,129.3890986,,,054-270-4124,2025-07-30,5020000,경상북도 포항시
장량동,경상북도,포항시,경상북도 포항시 북구 장량로 50,,36.08196539,129.3859196,,,054-270-4124,2025-07-30,5020000,경상북도 포항시
영천온누리약국,경상북도,포항시,경상북도 포항시 북구 장량로 32 (장성동),,36.08243525,129.383666,,,054-270-4124,2025-07-30,5020000,경상북도 포항시
정성약국,경상북도,포항시,경상북도 포항시 북구 장량로 160 (양덕동),,36.08150926,129.3979461,,,054-270-4124,2025-07-30,5020000,경상북도 포항시
미르약국,경상북도,포항시,"경상북도 포항시 북구 우창동로55번길 19, 1층 (우현동)",,36.05579549,129.3626677,,,054-270-4124,2025-07-30,5020000,경상북도 포항시
사랑약국,경상북도,포항시,경상북도 포항시 북구 우창동로22번길 3-3 (우현동),,36.05480366,129.3619779,,,054-270-4124,2025-07-30,5020000,경상북도 포항시
우창동,경상북도,포항시,경상북도 포항시 북구 우창동로 24 우창동주민센터,,36.03304326,129.3668539,,,054-270-4124,2025-07-30,5020000,경상북도 포항시
포항약국,경상북도,포항시,경상북도 포항시 북구 용흥로 33 (용흥동),,36.03368361,129.3556537,,,054-270-4124,2025-07-30,5020000,경상북도 포항시
메디칼약국,경상북도,포항시,경상북도 포항시 북구 용흥로 30 (용흥동),,36.0336891,129.3561443,,,054-270-4124,2025-07-30,5020000,경상북도 포항시
용흥혜민약국,경상북도,포항시,경상북도 포항시 북구 용흥로 28 (용흥동),,36.03359147,129.3563031,,,054-270-4124,2025-07-30,5020000,경상북도 포항시
국민약국,경상북도,포항시,경상북도 포항시 북구 용두산길 43 (장성동),,36.06766574,129.3810471,,,054-270-4124,2025-07-30,5020000,경상북도 포항시
참좋은약국,경상북도,포항시,"경상북도 포항시 북구 용두산길 39 (장성동, 그린종합상가)",,36.06729427,129.3809605,,,054-270-4124,2025-07-30,5020000,경상북도 포항시
메디팜조아약국,경상북도,포항시,경상북도 포항시 북구 용두산길 35 (장성동),,36.06693207,129.3810515,,,054-270-4124,2025-07-30,5020000,경상북도 포항시
정약국,경상북도,포항시,"경상북도 포항시 북구 용당로 18, 1층 (용흥동)",,36.02998185,129.3571354,,,054-270-4124,2025-07-30,5020000,경상북도 포항시
양학동,경상북도,포항시,경상북도 포항시 북구 양학로17번길 4,,36.02529205,129.3503568,,,054-270-4124,2025-07-30,5020000,경상북도 포항시
정성프라자약국,경상북도,포항시,경상북도 포항시 북구 양학로 67 (학잠동),,36.02908566,129.3473236,,,054-270-4124,2025-07-30,5020000,경상북도 포항시
훈약국,경상북도,포항시,"경상북도 포항시 북구 양학로 61, 세븐스퀘어 112호 (득량동)",,36.02848128,129.3474841,,,054-270-4124,2025-07-30,5020000,경상북도 포항시
온새미로약국,경상북도,포항시,경상북도 포항시 북구 양학로 51 (득량동),,36.02785323,129.3484022,,,054-270-4124,2025-07-30,5020000,경상북도 포항시
신아약국,경상북도,포항시,경상북도 포항시 북구 양학로 47-1 (득량동),,36.02756983,129.3487858,,,054-270-4124,2025-07-30,5020000,경상북도 포항시
양학약국,경상북도,포항시,경상북도 포항시 북구 양학로 36 (학잠동),,36.02698678,129.3500324,,,054-270-4124,2025-07-30,5020000,경상북도 포항시
메디팜우호약국,경상북도,포항시,경상북도 포항시 북구 양학로 36,,36.02698678,129.3500324,,,054-270-4124,2025-07-30,5020000,경상북도 포항시
세종약국,경상북도,포항시,"경상북도 포항시 북구 양덕로 47, 1층 (양덕동)",,36.08286763,129.4017208,,,054-270-4124,2025-07-30,5020000,경상북도 포항시
다나온누리약국,경상북도,포항시,경상북도 포항시 북구 신덕로 248 (양덕동),,36.08775022,129.3890338,,,054-270-4124,2025-07-30,5020000,경상북도 포항시
삼성약국,경상북도,포항시,경상북도 포항시 북구 신덕로 243-2 (장성동),,36.0870316,129.3892325,,,054-270-4124,2025-07-30,5020000,경상북도 포항시
신광면,경상북도,포항시,경상북도 포항시 북구 신광면 토성길37번길 13 신광면사무소,,36.02908566,129.3473236,,,054-270-4124,2025-07-30,5020000,경상북도 포항시
신광면보건지소,경상북도,포항시,경상북도 포항시 북구 신광면 토성길37번길 13,,36.13014545,129.2629725,,,054-270-4124,2025-07-30,5020000,경상북도 포항시
청산약국,경상북도,포항시,경상북도 포항시 북구 신광면 토성길 43,,36.12840253,129.2634128,,,054-270-4124,2025-07-30,5020000,경상북도 포항시
송라면보건지소,경상북도,포항시,경상북도 포항시 북구 송라면 보경로 56,,36.22886842,129.3569701,,,054-270-4124,2025-07-30,5020000,경상북도 포항시
송라면,경상북도,포항시,경상북도 포항시 북구 송라면 보경로 56,,36.22886842,129.3569701,,,054-270-4124,2025-07-30,5020000,경상북도 포항시
아이파크약국,경상북도,포항시,경상북도 포항시 북구 새천년대로1076번길 21 (두호동),,36.06449139,129.3740282,,,054-270-4124,2025-07-30,5020000,경상북도 포항시
우리약국,경상북도,포항시,"경상북도 포항시 북구 새천년대로1075번길 1, 1층 (창포동)",,36.06457976,129.3711266,,,054-270-4124,2025-07-30,5020000,경상북도 포항시
정담온누리약국,경상북도,포항시,경상북도 포항시 북구 새천년대로 906 (우현동),,36.05300201,129.3613716,,,054-270-4124,2025-07-30,5020000,경상북도 포항시
솔솔약국,경상북도,포항시,"경상북도 포항시 북구 새천년대로 713, 1층 (대흥동)",,36.03690362,129.3591049,,,054-270-4124,2025-07-30,5020000,경상북도 포항시
조은약국,경상북도,포항시,경상북도 포항시 북구 새천년대로 529 (득량동),,36.02218565,129.3501154,,,054-270-4124,2025-07-30,5020000,경상북도 포항시
금강온누리약국,경상북도,포항시,경상북도 포항시 북구 새천년대로 1317(장성동),,36.07602828,129.3910397,,,054-270-4124,2025-07-30,5020000,경상북도 포항시
펭귄 온누리약국,경상북도,포항시,경상북도 포항시 북구 새천년대로 1222 (장성동),,36.0728308,129.3814866,,,054-270-4124,2025-07-30,5020000,경상북도 포항시
라라약국,경상북도,포항시,"경상북도 포항시 북구 새천년대로 1149, 스파밸리 1층 102호 (장성동)",,36.07140801,129.3732716,,,054-270-4124,2025-07-30,5020000,경상북도 포항시
제일온누리약국,경상북도,포항시,경상북도 포항시 북구 새천년대로 1126 (장성동),,36.06906646,129.3727114,,,054-270-4124,2025-07-30,5020000,경상북도 포항시
매일약국,경상북도,포항시,"경상북도 포항시 북구 새천년대로 1105, 창포빌딩 1층 101호 (창포동)",,36.06747175,129.3716949,,,054-270-4124,2025-07-30,5020000,경상북도 포항시
오렌지약국,경상북도,포항시,경상북도 포항시 북구 새천년대로 1053 (창포동),,36.06284754,129.3707344,,,054-270-4124,2025-07-30,5020000,경상북도 포항시
열린약국,경상북도,포항시,"경상북도 포항시 북구 새천년대로 1051, 1층 (창포동)",,36.06268786,129.3706399,,,054-270-4124,2025-07-30,5020000,경상북도 포항시
순화당약국,경상북도,포항시,"경상북도 포항시 북구 새천년대로 1041, 121호 (창포동, 쌍용상가)",,36.06175296,129.3704688,,,054-270-4124,2025-07-30,5020000,경상북도 포항시
용흥동,경상북도,포항시,경상북도 포항시 북구 새마을로 20,,36.03835927,129.3576625,,,054-270-4124,2025-07-30,5020000,경상북도 포항시
센텀약국,경상북도,포항시,"경상북도 포항시 북구 삼흥로233번길 1-16, 1층 (장성동)",,36.08217287,129.3795796,,,054-270-4124,2025-07-30,5020000,경상북도 포항시
동산약국,경상북도,포항시,경상북도 포항시 북구 삼흥로233번길 1-16 (장성동),,36.08217287,129.3795796,,,054-270-4124,2025-07-30,5020000,경상북도 포항시
굿모닝온누리약국,경상북도,포항시,경상북도 포항시 북구 삼흥로 18 (두호동),,36.06392105,129.3803455,,,054-270-4124,2025-07-30,5020000,경상북도 포항시
힐링약국,경상북도,포항시,"경상북도 포항시 북구 삼호로265번길 1, 라한호텔 포항 1층 1032호 (두호동)",,36.06154249,129.3796587,,,054-270-4124,2025-07-30,5020000,경상북도 포항시
환여동,경상북도,포항시,경상북도 포항시 북구 삼호로 400,,36.06825112,129.3918199,,,054-270-4124,2025-07-30,5020000,경상북도 포항시
유명당약국,경상북도,포항시,"경상북도 포항시 북구 삼호로 391, 208호 (환호동, 환호해맞이그린빌주상가)",,36.07082826,129.3917894,,,054-270-4124,2025-07-30,5020000,경상북도 포항시
늘봄약국,경상북도,포항시,"경상북도 포항시 북구 삼호로 287, 존메디칼병원 (두호동)",,36.06340712,129.3817421,,,054-270-4124,2025-07-30,5020000,경상북도 포항시
두호동,경상북도,포항시,경상북도 포항시 북구 삼호로 260,,36.06090557,129.3801083,,,054-270-4124,2025-07-30,5020000,경상북도 포항시
우리온누리약국,경상북도,포항시,경상북도 포항시 북구 삼호로 197 (항구동),,36.0562016,129.3767417,,,054-270-4124,2025-07-30,5020000,경상북도 포항시
항도약국,경상북도,포항시,경상북도 포항시 북구 삼호로 123-1 (학산동),,36.05150658,129.3718166,,,054-270-4124,2025-07-30,5020000,경상북도 포항시
두꺼비약국,경상북도,포항시,경상북도 포항시 북구 불종로 57 (상원동),,36.0384045,129.366138,,,054-270-4124,2025-07-30,5020000,경상북도 포항시
민생약국,경상북도,포항시,경상북도 포항시 북구 불종로 19 (신흥동),,36.03901678,129.3617913,,,054-270-4124,2025-07-30,5020000,경상북도 포항시
양덕미래약국,경상북도,포항시,"경상북도 포항시 북구 법원로 165, 105호 (양덕동)",,36.08964922,129.3874519,,,054-270-4124,2025-07-30,5020000,경상북도 포항시
튼튼약국,경상북도,포항시,경상북도 포항시 북구 법원로 157 (양덕동),,36.08900751,129.3872095,,,054-270-4124,2025-07-30,5020000,경상북도 포항시
윤약국,경상북도,포항시,"경상북도 포항시 북구 두호로 56, 1층 (두호동)",,36.060956,129.3724327,,,054-270-4124,2025-07-30,5020000,경상북도 포항시
늘사랑약국,경상북도,포항시,경상북도 포항시 북구 두호로 25 (두호동),,36.05979619,129.3754549,,,054-270-4124,2025-07-30,5020000,경상북도 포항시
오현당약국,경상북도,포항시,경상북도 포항시 북구 두호로 24 (두호동),,36.06006859,129.3760078,,,054-270-4124,2025-07-30,5020000,경상북도 포항시
엔젤약국,경상북도,포항시,경상북도 포항시 북구 두호로 21 (두호동),,36.05969842,129.3760874,,,054-270-4124,2025-07-30,5020000,경상북도 포항시
케어팜약국,경상북도,포항시,경상북도 포항시 북구 대이로 188 (득량동),,36.03177865,129.339042,,,054-270-4124,2025-07-30,5020000,경상북도 포항시
믿음약국,경상북도,포항시,"경상북도 포항시 북구 대안길 44, 5층 502호 (용흥동, 우방스포츠프라자)",,36.04118316,129.352867,,,054-270-4124,2025-07-30,5020000,경상북도 포항시
토마토약국,경상북도,포항시,경상북도 포항시 북구 대신로 46-1 (대신동),,36.04827621,129.3679431,,,054-270-4124,2025-07-30,5020000,경상북도 포항시
선린약국,경상북도,포항시,경상북도 포항시 북구 대신로 42 (대신동),,36.04793042,129.3679517,,,054-270-4124,2025-07-30,5020000,경상북도 포항시
한동약국,경상북도,포항시,경상북도 포항시 북구 대신로 41 (대신동),,36.04795012,129.3674472,,,054-270-4124,2025-07-30,5020000,경상북도 포항시
신광동약국,경상북도,포항시,경상북도 포항시 북구 대신로 38 (대신동),,36.04748151,129.367999,,,054-270-4124,2025-07-30,5020000,경상북도 포항시
기북면보건지소,경상북도,포항시,경상북도 포항시 북구 기북면 기북로472번길 1,,36.1306187,129.1686417,,,054-270-4124,2025-07-30,5020000,경상북도 포항시
기북면,경상북도,포항시,경상북도 포항시 북구 기북면 기북로 443 기북면사무소,,36.01486653,129.3407243,,,054-270-4124,2025-07-30,5020000,경상북도 포항시
효성약국,경상북도,포항시,경상북도 포항시 북구 기계면 기계로56번길 1,,36.07018224,129.2101869,,,054-270-4124,2025-07-30,5020000,경상북도 포항시
기계약국,경상북도,포항시,경상북도 포항시 북구 기계면 기계로 54,,36.0698709,129.2106235,,,054-270-4124,2025-07-30,5020000,경상북도 포항시
경북약국,경상북도,포항시,경상북도 포항시 북구 기계면 기계로 48-1,,36.06976454,129.2112555,,,054-270-4124,2025-07-30,5020000,경상북도 포항시
기계면,경상북도,포항시,경상북도 포항시 북구 기계면 근면길 14 기계면사무소. 기계면보건지소,,36.0353629,129.3319591,,,054-270-4124,2025-07-30,5020000,경상북도 포항시
기계면보건지소,경상북도,포항시,경상북도 포항시 북구 기계면 근면길 14,,36.07238906,129.2102624,,,054-270-4124,2025-07-30,5020000,경상북도 포항시
가까운 온누리 약국,경상북도,포항시,경상북도 포항시 남구 희망대로 614(대잠동),,36.0130488,129.340889,,,054-270-4024,2025-07-30,5020000,경상북도 포항시
민하약국,경상북도,포항시,경상북도 포항시 남구 희망대로 606 (대잠동),,36.01416269,129.3408618,,,054-270-4024,2025-07-30,5020000,경상북도 포항시
대잠약국,경상북도,포항시,경상북도 포항시 남구 희망대로 592-9 (대잠동),,36.01486653,129.3407243,,,054-270-4024,2025-07-30,5020000,경상북도 포항시
참평화약국,경상북도,포항시,경상북도 포항시 남구 희망대로 592-7 (대잠동),,36.01498205,129.3408392,,,054-270-4024,2025-07-30,5020000,경상북도 포항시
이동 큰 약국,경상북도,포항시,경상북도 포항시 남구 희망대로 360-9 (이동),,36.03439717,129.3319242,,,054-270-4024,2025-07-30,5020000,경상북도 포항시
봄약국,경상북도,포항시,경상북도 포항시 남구 희망대로 354(이동),,36.03505899,129.332195,,,054-270-4024,2025-07-30,5020000,경상북도 포항시
이동정문약국,경상북도,포항시,경상북도 포항시 남구 희망대로 348 (이동),,36.03543979,129.3319756,,,054-270-4024,2025-07-30,5020000,경상북도 포항시
효자한약국,경상북도,포항시,경상북도 포항시 남구 효자동길6번길 10 (효자동),,36.00824905,129.3310933,,,054-270-4024,2025-07-30,5020000,경상북도 포항시
메디팜이약국,경상북도,포항시,"경상북도 포항시 남구 효자동길10번길 6, A동 104호 (효자동, 효곡상가)",,36.00856718,129.3304541,,,054-270-4024,2025-07-30,5020000,경상북도 포항시
승리약국,경상북도,포항시,경상북도 포항시 남구 효자동길 5 (효자동),,36.00807871,129.329951,,,054-270-4024,2025-07-30,5020000,경상북도 포항시
효곡동,경상북도,포항시,경상북도 포항시 남구 효자동길 30,,36.01033349,129.3294117,,,054-270-4024,2025-07-30,5020000,경상북도 포항시
희약국,경상북도,포항시,경상북도 포항시 남구 효성로 54 (효자동),,36.00595564,129.3395994,,,054-270-4024,2025-07-30,5020000,경상북도 포항시
레몬약국,경상북도,포항시,"경상북도 포항시 남구 효성로 46, 1층 (효자동)",,36.00599705,129.3386867,,,054-270-4024,2025-07-30,5020000,경상북도 포항시
유일약국,경상북도,포항시,경상북도 포항시 남구 효성로 11 (효자동),,36.00667188,129.3350223,,,054-270-4024,2025-07-30,5020000,경상북도 포항시
호미곶면,경상북도,포항시,경상북도 포항시 남구 호미곶면 해맞이로 242,,36.0807788,129.5557881,,,054-270-4024,2025-07-30,5020000,경상북도 포항시
호미곶면보건지소,경상북도,포항시,경상북도 포항시 남구 호미곶면 해맞이로 200-1,,36.07920868,129.5598825,,,054-270-4024,2025-07-30,5020000,경상북도 포항시
새천년약국,경상북도,포항시,경상북도 포항시 남구 호미곶면 해맞이로 194-2,,36.07870978,129.5602764,,,054-270-4024,2025-07-30,5020000,경상북도 포항시
메디팜조약국,경상북도,포항시,경상북도 포항시 남구 해동로 57 (해도동),,36.02459913,129.3728028,,,054-270-4024,2025-07-30,5020000,경상북도 포항시
키다리약국,경상북도,포항시,경상북도 포항시 남구 포스코대로353번길 8-1 (대도동),,36.01773399,129.3627887,,,054-270-4024,2025-07-30,5020000,경상북도 포항시
이화약국,경상북도,포항시,경상북도 포항시 남구 포스코대로353번길 7 (대도동),,36.0178905,129.3625006,,,054-270-4024,2025-07-30,5020000,경상북도 포항시
양약국,경상북도,포항시,경상북도 포항시 남구 포스코대로353번길 10 (대도동),,36.01795142,129.3628927,,,054-270-4024,2025-07-30,5020000,경상북도 포항시
태영약국,경상북도,포항시,"경상북도 포항시 남구 포스코대로 55, 1층 (이동)",,36.02722173,129.3327893,,,054-270-4024,2025-07-30,5020000,경상북도 포항시
참사랑약국,경상북도,포항시,경상북도 포항시 남구 포스코대로 353 (대도동),,36.01740115,129.3620855,,,054-270-4024,2025-07-30,5020000,경상북도 포항시
정문약국,경상북도,포항시,경상북도 포항시 남구 포스코대로 353 (대도동),,36.01740115,129.3620855,,,054-270-4024,2025-07-30,5020000,경상북도 포항시
서진약국,경상북도,포항시,경상북도 포항시 남구 포스코대로 345 (대도동),,36.01768682,129.3614838,,,054-270-4024,2025-07-30,5020000,경상북도 포항시
온약국,경상북도,포항시,"경상북도 포항시 남구 포스코대로 333, 포항상공회의소 (상도동)",,36.01844922,129.360309,,,054-270-4024,2025-07-30,5020000,경상북도 포항시
청춘약국,경상북도,포항시,"경상북도 포항시 남구 포스코대로 324-6, 1층 (상도동)",,36.01828344,129.3586154,,,054-270-4024,2025-07-30,5020000,경상북도 포항시
이동약국,경상북도,포항시,경상북도 포항시 남구 포스코대로 144 (대잠동),,36.02552511,129.3414551,,,054-270-4024,2025-07-30,5020000,경상북도 포항시
새한빛약국,경상북도,포항시,경상북도 포항시 남구 포스코대로 141 (이동),,36.02601724,129.3414132,,,054-270-4024,2025-07-30,5020000,경상북도 포항시
행복한약국,경상북도,포항시,경상북도 포항시 남구 포스코대로 140 (대잠동),,36.02553012,129.3412537,,,054-270-4024,2025-07-30,5020000,경상북도 포항시
우리약국,경상북도,포항시,경상북도 포항시 남구 포스코대로 138 (대잠동),,36.0255491,129.340619,,,054-270-4024,2025-07-30,5020000,경상북도 포항시
민들레약국,경상북도,포항시,"경상북도 포항시 남구 포스코대로 123, 1층층 (이동)",,36.02589657,129.3392044,,,054-270-4024,2025-07-30,5020000,경상북도 포항시
드림약국,경상북도,포항시,경상북도 포항시 남구 축항로 74 (송도동),,36.02955261,129.3764672,,,054-270-4024,2025-07-30,5020000,경상북도 포항시
사랑약국,경상남도,합천군,경상남도 합천군 합천읍 대야로 894 1층,,35.56804281,128.163663,약국 내,,055-930-4043,2025-07-23,5480000,경상남도 합천군
온누리자모약국,경상북도,포항시,경상북도 포항시 남구 청림서길 11-1 (청림동),,35.99543941,129.4122389,,,054-270-4024,2025-07-30,5020000,경상북도 포항시
그린약국,경상북도,포항시,경상북도 포항시 남구 지곡로328번길 17 (지곡동),,36.03260752,129.3168531,,,054-270-4024,2025-07-30,5020000,경상북도 포항시
지곡약국,경상북도,포항시,"경상북도 포항시 남구 지곡로212번길 68 (지곡동, 주민공동시설내)",,36.03100824,129.3280639,,,054-270-4024,2025-07-30,5020000,경상북도 포항시
별 온누리약국,경상북도,포항시,"경상북도 포항시 남구 지곡로 253, 102동 126호 (지곡동)",,36.02897584,129.3240349,,,054-270-4024,2025-07-30,5020000,경상북도 포항시
평화온누리약국,경상북도,포항시,"경상북도 포항시 남구 중흥로 98, 1층 (상도동, 탑클리닉빌딩)",,36.01365401,129.3512144,,,054-270-4024,2025-07-30,5020000,경상북도 포항시
다온약국,경상북도,포항시,경상북도 포항시 남구 중흥로 96 (상도동),,36.01350683,129.3510243,,,054-270-4024,2025-07-30,5020000,경상북도 포항시
참약국,경상북도,포항시,경상북도 포항시 남구 중흥로 92 (상도동),,36.01322953,129.3507698,,,054-270-4024,2025-07-30,5020000,경상북도 포항시
한결약국,경상북도,포항시,경상북도 포항시 남구 중흥로 88 (상도동),,36.01295026,129.3507958,,,054-270-4024,2025-07-30,5020000,경상북도 포항시
중앙약국,경상북도,포항시,경상북도 포항시 남구 중흥로 84 (상도동),,36.0127551,129.3504051,,,054-270-4024,2025-07-30,5020000,경상북도 포항시
소망약국,경상북도,포항시,경상북도 포항시 남구 중흥로 82 (상도동),,36.01242051,129.3501275,,,054-270-4024,2025-07-30,5020000,경상북도 포항시
대성약국,경상북도,포항시,경상북도 포항시 남구 중앙로122번길 30 (해도동),,36.02435644,129.371540,,,054-270-4024,2025-07-30,5020000,경상북도 포항시
새동해약국,경상북도,포항시,경상북도 포항시 남구 중앙로122번길 29 (해도동),,36.02458115,129.3715128,,,054-270-4024,2025-07-30,5020000,경상북도 포항시
한솔약국,경상북도,포항시,경상북도 포항시 남구 중앙로 69 (해도동),,36.01930607,129.3692506,,,054-270-4024,2025-07-30,5020000,경상북도 포항시
새럭키약국,경상북도,포항시,경상북도 포항시 남구 중앙로 62 (해도동),,36.0188115,129.3699351,,,054-270-4024,2025-07-30,5020000,경상북도 포항시
보성약국,경상북도,포항시,경상북도 포항시 남구 중앙로 131 (해도동),,36.02484048,129.3678015,,,054-270-4024,2025-07-30,5020000,경상북도 포항시
성모약국,경상북도,포항시,경상북도 포항시 남구 중앙로 124 (해도동),,36.02423804,129.3685058,,,054-270-4024,2025-07-30,5020000,경상북도 포항시
인성약국,경상북도,포항시,경상북도 포항시 남구 중앙로 102 (해도동),,36.0223472,129.3689809,,,054-270-4024,2025-07-30,5020000,경상북도 포항시
장기면,경상북도,포항시,경상북도 포항시 남구 장기면 읍내길 99,,35.89568511,129.4919199,,,054-270-4024,2025-07-30,5020000,경상북도 포항시
장기보건지소,경상북도,포항시,경상북도 포항시 남구 장기면 읍내길 109,,35.89675004,129.4923593,,,054-270-4024,2025-07-30,5020000,경상북도 포항시
양포약국,경상북도,포항시,경상북도 포항시 남구 장기면 동해안로 3262-2,,35.8782729,129.517072,,,054-270-4024,2025-07-30,5020000,경상북도 포항시
제철동,경상북도,포항시,경상북도 포항시 남구 인덕로 79,,35.99231746,129.3971417,,,054-270-4024,2025-07-30,5020000,경상북도 포항시
보금당약국,경상북도,포항시,경상북도 포항시 남구 운하로36번길 7 (송도동),,36.02820448,129.3763118,,,054-270-4024,2025-07-30,5020000,경상북도 포항시
비타민약국,경상북도,포항시,경상북도 포항시 남구 오천읍 충무로 5,,35.97643516,129.4104604,,,054-270-4024,2025-07-30,5020000,경상북도 포항시
다솜약국,경상북도,포항시,경상북도 포항시 남구 오천읍 중원로 71-9,,35.97543266,129.4002306,,,054-270-4024,2025-07-30,5020000,경상북도 포항시
용덕약국,경상북도,포항시,경상북도 포항시 남구 오천읍 정몽주로616번길 2,,35.97289248,129.4152156,,,054-270-4024,2025-07-30,5020000,경상북도 포항시
아름다운약국,경상북도,포항시,경상북도 포항시 남구 오천읍 정몽주로 687,,35.97893303,129.4123078,,,054-270-4024,2025-07-30,5020000,경상북도 포항시
서문제일약국,경상북도,포항시,경상북도 포항시 남구 오천읍 정몽주로 651,,35.97598094,129.4135124,,,054-270-4024,2025-07-30,5020000,경상북도 포항시
다나약국,경상북도,포항시,경상북도 포항시 남구 오천읍 정몽주로 647,,35.97560916,129.4136843,,,054-270-4024,2025-07-30,5020000,경상북도 포항시
오천온누리약국,경상북도,포항시,경상북도 포항시 남구 오천읍 정몽주로 643,,35.97527842,129.4138628,,,054-270-4024,2025-07-30,5020000,경상북도 포항시
편한약국,경상북도,포항시,경상북도 포항시 남구 오천읍 정몽주로 619,,35.97321775,129.4147277,,,054-270-4024,2025-07-30,5020000,경상북도 포항시
메디팜 대흥약국,경상북도,포항시,경상북도 포항시 남구 오천읍 정몽주로 560,,35.96799566,129.4163269,,,054-270-4024,2025-07-30,5020000,경상북도 포항시
신세계옵티마약국,경상북도,포항시,경상북도 포항시 남구 오천읍 장기로 1694,,35.96627245,129.4162902,,,054-270-4024,2025-07-30,5020000,경상북도 포항시
대구약국,경상북도,포항시,경상북도 포항시 남구 오천읍 장기로 1691,,35.9659541,129.4162115,,,054-270-4024,2025-07-30,5020000,경상북도 포항시
오천약국,경상북도,포항시,"경상북도 포항시 남구 오천읍 원동로 87, 103호",,35.97075186,129.4022451,,,054-270-4024,2025-07-30,5020000,경상북도 포항시
강온누리약국,경상남도,합천군,경상남도 합천군 합천읍 대야로 889,,35.56780035,128.1630006,약국 내,,055-930-4043,2025-07-23,5480000,경상남도 합천군
원동약국,경상북도,포항시,"경상북도 포항시 남구 오천읍 원동로 75, 103호",,35.96972355,129.4023537,,,054-270-4024,2025-07-30,5020000,경상북도 포항시
사랑온누리약국,경상북도,포항시,경상북도 포항시 남구 오천읍 원동로 51,,35.96754901,129.4024885,,,054-270-4024,2025-07-30,5020000,경상북도 포항시
강민약국,경상북도,포항시,경상북도 포항시 남구 오천읍 원동로 47,,35.96730128,129.4025268,,,054-270-4024,2025-07-30,5020000,경상북도 포항시
미소약국,경상북도,포항시,"경상북도 포항시 남구 오천읍 원동로 4, 107호 (엠파이어상가)",,35.96340365,129.4034911,,,054-270-4024,2025-07-30,5020000,경상북도 포항시
윤호온누리약국,경상북도,포항시,"경상북도 포항시 남구 오천읍 원동로 32, 102호",,35.96578062,129.4031951,,,054-270-4024,2025-07-30,5020000,경상북도 포항시
문덕광제약국,경상북도,포항시,"경상북도 포항시 남구 오천읍 원동로 3, 108호 (메트로프라자)",,35.96346266,129.4026905,,,054-270-4024,2025-07-30,5020000,경상북도 포항시
둥지약국,경상북도,포항시,"경상북도 포항시 남구 오천읍 원동로 109, 102호",,35.97290361,129.4019299,,,054-270-4024,2025-07-30,5020000,경상북도 포항시
오천읍보건지소,경상북도,포항시,경상북도 포항시 남구 오천읍 세계길 5,,35.96316091,129.4147547,,,054-270-4024,2025-07-30,5020000,경상북도 포항시
오천읍,경상북도,포항시,경상북도 포항시 남구 오천읍 세계길 5,,35.96316091,129.4147547,,,054-270-4024,2025-07-30,5020000,경상북도 포항시
현대약국,경상북도,포항시,경상북도 포항시 남구 오천읍 세계길 46,,35.96620111,129.4160254,,,054-270-4024,2025-07-30,5020000,경상북도 포항시
행복약국,경상북도,포항시,경상북도 포항시 남구 오천읍 세계길 30,,35.96475696,129.4157595,,,054-270-4024,2025-07-30,5020000,경상북도 포항시
문덕365약국,경상북도,포항시,"경상북도 포항시 남구 오천읍 문덕로 3, 102호",,35.96228927,129.4032722,,,054-270-4024,2025-07-30,5020000,경상북도 포항시
더조은약국,경상북도,포항시,"경상북도 포항시 남구 오천읍 냉천로 306, 1층",,35.96744356,129.4093171,,,054-270-4024,2025-07-30,5020000,경상북도 포항시
부영약국,경상북도,포항시,경상북도 포항시 남구 오천읍 남원로 86-28,,35.97159537,129.4004541,,,054-270-4024,2025-07-30,5020000,경상북도 포항시
밝은약국,경상북도,포항시,경상북도 포항시 남구 오천읍 남원로 75,,35.97015807,129.4014866,,,054-270-4024,2025-07-30,5020000,경상북도 포항시
사거리약국,경상북도,포항시,경상북도 포항시 남구 연일읍 철강로25번길 52,,35.99622027,129.3461318,,,054-270-4024,2025-07-30,5020000,경상북도 포항시
연일읍,경상북도,포항시,경상북도 포항시 남구 연일읍 철강로 10 연일읍사무소. 연일읍보건지소,,35.98811369,129.4481434,,,054-270-4024,2025-07-30,5020000,경상북도 포항시
연일읍보건지소,경상북도,포항시,경상북도 포항시 남구 연일읍 철강로 10,,35.9916088,129.3441542,,,054-270-4024,2025-07-30,5020000,경상북도 포항시
은혜약국,경상북도,포항시,경상북도 포항시 남구 연일읍 유강길9번길 51,,36.00482814,129.3152375,,,054-270-4024,2025-07-30,5020000,경상북도 포항시
럭키약국,경상북도,포항시,경상북도 포항시 남구 연일읍 유강길17번길 9,,36.00443462,129.3183546,,,054-270-4024,2025-07-30,5020000,경상북도 포항시
유강약국,경상북도,포항시,경상북도 포항시 남구 연일읍 유강길 18-10,,36.00526236,129.3203906,,,054-270-4024,2025-07-30,5020000,경상북도 포항시
동산약국,경상북도,포항시,"경상북도 포항시 남구 연일읍 연일중앙로 19, 1층",,35.99764509,129.3463403,,,054-270-4024,2025-07-30,5020000,경상북도 포항시
신세계약국,경상북도,포항시,"경상북도 포항시 남구 연일읍 연일로159번길 53, 1층",,35.9966642,129.3495315,,,054-270-4024,2025-07-30,5020000,경상북도 포항시
새동아약국,경상북도,포항시,경상북도 포항시 남구 연일읍 연일로 123,,35.9994731,129.3449507,,,054-270-4024,2025-07-30,5020000,경상북도 포항시
청림동,경상북도,포항시,경상북도 포항시 남구 신항로 10,,35.99736604,129.405712,,,054-270-4124,2025-07-30,5020000,경상북도 포항시
희망약국,경상북도,포항시,경상북도 포항시 남구 시청로 7 (대잠동),,36.01804708,129.341761,,,054-270-4024,2025-07-30,5020000,경상북도 포항시
미래건강약국,경상북도,포항시,경상북도 포항시 남구 시청로 5 (대잠동),,36.01815536,129.341997,,,054-270-4124,2025-07-30,5020000,경상북도 포항시
스카이약국,경상북도,포항시,"경상북도 포항시 남구 시청로 18, 1층 (대잠동)",,36.01814236,129.3403857,,,054-270-4024,2025-07-30,5020000,경상북도 포항시
온누리신그린약국,경상북도,포항시,경상북도 포항시 남구 송림로 36-1 (송도동),,36.03299686,129.3758243,,,054-270-4124,2025-07-30,5020000,경상북도 포항시
임초약국,경상북도,포항시,경상북도 포항시 남구 송림로 29 (송도동),,36.03241978,129.3755149,,,054-270-4124,2025-07-30,5020000,경상북도 포항시
송도동,경상북도,포항시,경상북도 포항시 남구 송림로 25,,36.03189275,129.3755447,,,054-270-4124,2025-07-30,5020000,경상북도 포항시
안동약국,경상북도,포항시,경상북도 포항시 남구 송도로 10 (송도동),,36.03373923,129.3720376,,,054-270-4124,2025-07-30,5020000,경상북도 포항시
상도 프라자 약국,경상북도,포항시,"경상북도 포항시 남구 상도남로34번길 15, 1층 (상도동)",,36.00679867,129.3447662,,,054-270-4124,2025-07-30,5020000,경상북도 포항시
상대동,경상북도,포항시,경상북도 포항시 남구 상대로 98,,36.01395528,129.3570101,,,054-270-4124,2025-07-30,5020000,경상북도 포항시
쌍사약국,경상북도,포항시,"경상북도 포항시 남구 상대로 79, 1층 (상도동)",,36.01523533,129.3557264,,,054-270-4124,2025-07-30,5020000,경상북도 포항시
대해약국,경상북도,포항시,"경상북도 포항시 남구 상공로 51, 삼상빌딩 (상도동)",,36.0131372,129.3567939,,,054-270-4124,2025-07-30,5020000,경상북도 포항시
남부제일약국,경상북도,포항시,"경상북도 포항시 남구 상공로 43, 105, 106호 (상도동, 남부시장)",,36.01262688,129.3561426,,,054-270-4124,2025-07-30,5020000,경상북도 포항시
남부시장약국,경상북도,포항시,경상북도 포항시 남구 상공로 43 (상도동),,36.01262688,129.3561426,,,054-270-4124,2025-07-30,5020000,경상북도 포항시
해도동,경상북도,포항시,경상북도 포항시 남구 상공로 235 해도동 주민센터,,36.0722997,129.210281,,,054-270-4124,2025-07-30,5020000,경상북도 포항시
대구약국,경상북도,포항시,경상북도 포항시 남구 상공로 153 (대도동),,36.02094867,129.3628192,,,054-270-4124,2025-07-30,5020000,경상북도 포항시
서독약국,경상북도,포항시,경상북도 포항시 남구 상공로 131 (대도동),,36.01931983,129.3614309,,,054-270-4124,2025-07-30,5020000,경상북도 포항시
우아 온누리약국,경상북도,포항시,경상북도 포항시 남구 상공로 126 (대도동),,36.01863978,129.3616037,,,054-270-4124,2025-07-30,5020000,경상북도 포항시
남구보건소,경상북도,포항시,경상북도 포항시 남구 동해안로 6119 남구보건소,,36.10713061,129.3417247,,,054-270-4124,2025-07-30,5020000,경상북도 포항시
동해면,경상북도,포항시,경상북도 포항시 남구 동해면 일월로 66 동해면사무소. 동해보건지소,,36.0172519,129.342984,,,054-270-4024,2025-07-30,5020000,경상북도 포항시
도구제일약국,경상북도,포항시,경상북도 포항시 남구 동해면 일월로 140-1,,35.98764087,129.4483721,,,054-270-4024,2025-07-30,5020000,경상북도 포항시
동부약국,경상북도,포항시,경상북도 포항시 남구 동해면 일월로 127,,35.98799913,129.4469315,,,054-270-4024,2025-07-30,5020000,경상북도 포항시
대이동,경상북도,포항시,경상북도 포항시 남구 대이로 17 대이동주민센터,,35.99736604,129.405712,,,054-270-4024,2025-07-30,5020000,경상북도 포항시
제일연합약국,경상북도,포항시,"경상북도 포항시 남구 대이로 109, 비전그랜드빌딩 106호 (대잠동)",,36.02495278,129.3407364,,,054-270-4024,2025-07-30,5020000,경상북도 포항시
대송면보건지소,경상북도,포항시,경상북도 포항시 남구 대송면 제내길53번길 9,,35.98167389,129.3636132,,,054-270-4024,2025-07-30,5020000,경상북도 포항시
에덴약국,경상북도,포항시,경상북도 포항시 남구 대송면 제내길47번길 2,,35.98200266,129.3627673,,,054-270-4024,2025-07-30,5020000,경상북도 포항시
대송면,경상북도,포항시,경상북도 포항시 남구 대송면 장동홍계길 19,,35.96851467,129.3599417,,,054-270-4024,2025-07-30,5020000,경상북도 포항시
포항마더스약국,경상북도,포항시,"경상북도 포항시 남구 냉천로 10 (인덕동, 이마트)",,35.99247528,129.397630,,,054-270-4024,2025-07-30,5020000,경상북도 포항시
구룡포용약국,경상북도,포항시,"경상북도 포항시 남구 구룡포읍 호미로 225, 구룡포여의주타워",,35.99038129,129.5550334,,,054-270-4024,2025-07-30,5020000,경상북도 포항시
구룡포읍,경상북도,포항시,경상북도 포항시 남구 구룡포읍 호미로 133,,35.98508341,129.5461386,,,054-270-4024,2025-07-30,5020000,경상북도 포항시
한미약국,경상북도,포항시,경상북도 포항시 남구 구룡포읍 구룡포길 71,,35.99042809,129.5537886,,,054-270-4024,2025-07-30,5020000,경상북도 포항시
일선약국,경상북도,포항시,경상북도 포항시 남구 구룡포읍 구룡포길 67,,35.99024596,129.5534352,,,054-270-4024,2025-07-30,5020000,경상북도 포항시
동해면보건지소,경상북도,포항시,경상북도 포항시  남구 동해면 일월로 62,,35.98859731,129.4398698,,,054-270-4024,2025-07-30,5020000,경상북도 포항시
래미안서초스위트아파트,서울특별시,서초구,서울특별시 서초구 서운로 221 (서초4동),,37.50209720,127.01986900,,,,2025-07-31,3210000,서울특별시 서초구
방배3차현대홈타운,서울특별시,서초구,서울특별시 서초구 방배중앙로21길 55 (방배본동),,37.49182300,126.98408570,,,,2025-07-31,3210000,서울특별시 서초구
양재우성아파트,서울특별시,서초구,서울특별시 서초구 바우뫼로 91 (양재1동),,37.47504050,127.03179900,,,,2025-07-31,3210000,서울특별시 서초구
반포한신타워아파트,서울특별시,서초구,서울특별시 서초구 잠원로3길 8 (반포3동),,37.51119290,127.00615790,,,,2025-07-31,3210000,서울특별시 서초구
서초자이아파트,서울특별시,서초구,서울특별시 서초구 효령로68길 81 (서초1동),,37.48518640,127.02067310,,,,2025-07-31,3210000,서울특별시 서초구
서초힐스아파트,서울특별시,서초구,서울특별시 서초구 양재대로2길 90 (우면동),,37.45760530,127.01757050,,,,2025-07-31,3210000,서울특별시 서초구
롯데캐슬파크,서울특별시,서초구,서울특별시 서초구 방배로18길 91 (방배1동),,37.48632470,126.99979650,,,,2025-07-31,3210000,서울특별시 서초구
방배자이아파트,서울특별시,서초구,서울특별시 서초구 방배로18길 67 (방배1동),,37.48596620,126.99896280,,,,2025-07-31,3210000,서울특별시 서초구
방배서리풀그랑블아파트,서울특별시,서초구,서울특별시 서초구 서초대로34가길 52 (방배1동),,37.48633290,126.99785660,,,,2025-07-31,3210000,서울특별시 서초구
신반포7차아파트,서울특별시,서초구,서울특별시 서초구 잠원로 88 (반포3동),,37.51224890,127.00822610,,,,2025-07-31,3210000,서울특별시 서초구
잠원동아아파트,서울특별시,서초구,서울특별시 서초구 신반포로33길 15 (반포3동),,37.50904430,127.00952450,,,,2025-07-31,3210000,서울특별시 서초구
용산1동행정복지센터,대구광역시,달서구,대구광역시 달서구 용산로 212-7,대구광역시 달서구 용산동 934-6,35.85666477,128.5312252,,,053-667-4272,2025-07-02,3470000,대구광역시 달서구
장기동행정복지센터,대구광역시,달서구,대구광역시 달서구 장기로 277,대구광역시 달서구 장기동 817-2,35.84334947,128.5299748,,,053-667-4247,2025-07-02,3470000,대구광역시 달서구
죽전동행정복지센터,대구광역시,달서구,대구광역시 달서구 와룡로56길 26,대구광역시 달서구 죽전동 202-13,35.85657358,128.5390732,,,053-667-4217,2025-07-02,3470000,대구광역시 달서구
감삼동행정복지센터,대구광역시,달서구,대구광역시 달서구 감삼북길 119-10,대구광역시 달서구 감삼동 136-2,35.85104554,128.5421797,,,053-667-4183,2025-07-02,3470000,대구광역시 달서구
본리동행정복지센터,대구광역시,달서구,대구광역시 달서구 당산로 37-14,대구광역시 달서구 본리동 110-4,35.84101447,128.5431667,,,053-667-4144,2025-07-02,3470000,대구광역시 달서구
두류3동행정복지센터,대구광역시,달서구,대구광역시 달서구 야외음악당로39길 24,대구광역시 달서구 두류동 484-17,35.85370536,128.5554753,,,053-667-4114,2025-07-02,3470000,대구광역시 달서구
두류1·2동행정복지센터,대구광역시,달서구,대구광역시 달서구 두류길 141-8,대구광역시 달서구 두류동 833-7,35.8577732,128.5672785,,,053-667-4062,2025-07-02,3470000,대구광역시 달서구
본동행정복지센터,대구광역시,달서구,대구광역시 달서구 구마로26길 62,대구광역시 달서구 본동 867-3,35.83444747,128.5410828,,,053-667-4782,2025-07-02,3470000,대구광역시 달서구
송현2동행정복지센터,대구광역시,달서구,대구광역시 달서구 월배로83길 120-14,대구광역시 달서구 송현동 528-3,36.56989056,128.6936332,,,053-667-4755,2025-07-02,3470000,대구광역시 달서구
송현1동행정복지센터,대구광역시,달서구,대구광역시 달서구 중흥로8길 41,대구광역시 달서구 송현동 1995,35.82923394,128.5547159,,,053-667-4737,2025-07-02,3470000,대구광역시 달서구
도원동행정복지센터,대구광역시,달서구,대구광역시 달서구 한실로 53,대구광역시 달서구 동인동 1429-5,35.80748249,128.532189,,,053-667-4692,2025-07-02,3470000,대구광역시 달서구
상인3동행정복지센터,대구광역시,달서구,대구광역시 달서구 월곡로26안길 3,대구광역시 달서구 상인동 1583-5,35.80884107,128.5507256,,,053-667-4669,2025-07-02,3470000,대구광역시 달서구
성당동행정복지센터,대구광역시,달서구,대구광역시 달서구 야외음악당로 38,대구광역시 달서구 성당동 434-4,35.84061406,128.5531486,,,053-667-4015,2025-07-02,3470000,대구광역시 달서구
상인2동행정복지센터,대구광역시,달서구,대구광역시 달서구 상원로 27,대구광역시 달서구 상인동 1453-7,35.81255398,128.5362595,,,053-667-4632,2025-07-02,3470000,대구광역시 달서구
상인1동행정복지센터,대구광역시,달서구,대구광역시 달서구 상인서로 40,대구광역시 달서구 상인동 1528,35.8142644,128.5450099,,,053-667-4604,2025-07-02,3470000,대구광역시 달서구
유천동행정복지센터,대구광역시,달서구,대구광역시 달서구 조암로 175,대구광역시 달서구 유천동 606,35.81725362,128.5139391,,,053-667-4094,2025-07-02,3470000,대구광역시 달서구
진천동행정복지센터,대구광역시,달서구,대구광역시 달서구 진천로9길 33,대구광역시 달서구 진천동 626-39,35.81222285,128.5228086,,,053-667-4472,2025-07-02,3470000,대구광역시 달서구
월성2동행정복지센터,대구광역시,달서구,대구광역시 달서구 월성로 65,대구광역시 달서구 월성동 86-3,35.83095019,128.5282752,,,053-667-4464,2025-07-02,3470000,대구광역시 달서구
월성1동행정복지센터,대구광역시,달서구,대구광역시 달서구 조암남로 97,대구광역시 달서구 월성동 1396-3,35.81951486,128.5228369,,,053-667-4412,2025-07-02,3470000,대구광역시 달서구
신당동행정복지센터,대구광역시,달서구,대구광역시 달서구 선원로 60,대구광역시 달서구 신당동 1749-1,35.85896844,128.4988327,,,053-667-4384,2025-07-02,3470000,대구광역시 달서구
이곡2동행정복지센터,대구광역시,달서구,대구광역시 달서구 계대동문로 77,대구광역시 달서구 이곡동 1191-3,35.85573941,128.5007244,,,053-667-4355,2025-07-02,3470000,대구광역시 달서구
이곡1동행정복지센터,대구광역시,달서구,대구광역시 달서구 달구벌대로 1309,대구광역시 달서구 이곡동 672-2,35.81951486,128.5228369,,,053-667-4325,2025-07-02,3470000,대구광역시 달서구
용산2동행정복지센터,대구광역시,달서구,대구광역시 달서구 선원로 278,대구광역시 달서구 용산동 499-7,35.85843152,128.5229922,,,053-667-4304,2025-07-02,3470000,대구광역시 달서구
동삼3동 행정복지센터 폐의약품 수거함,부산광역시,부산광역시 영도구,부산광역시 영도구 상리로 39,부산광역시 영도구 동삼동 1123-9,35.0846634,129.0686514,청사 내,,051-419-5761,2025-07-03,3280000,부산광역시 영도구
동삼2동 행정복지센터 폐의약품 수거함,부산광역시,부산광역시 영도구,부산광역시 영도구 동삼오션로 27,부산광역시 영도구 동삼동 1179-5,35.06839162,129.0830208,청사 내,,051-419-5741,2025-07-03,3280000,부산광역시 영도구
동삼1동 행정복지센터 폐의약품 수거함,부산광역시,부산광역시 영도구,부산광역시 영도구 중리로 44-1,부산광역시 영도구 동삼동 510-23,35.0749124,129.0684034,청사 내,,051-419-5721,2025-07-03,3280000,부산광역시 영도구
청학2동 행정복지센터 폐의약품 수거함,부산광역시,부산광역시 영도구,부산광역시 영도구 태종로 394,부산광역시 영도구 청학동 52-1,35.09190928,129.0657411,청사 내,,051-419-5701,2025-07-03,3280000,부산광역시 영도구
청학1동 행정복지센터 폐의약품 수거함,부산광역시,부산광역시 영도구,부산광역시 영도구 청학서로 78,부산광역시 영도구 청학동 360-27,35.09687775,129.0583478,청사 내,,051-419-5681,2025-07-03,3280000,부산광역시 영도구
신선동 행정복지센터 폐의약품 수거함,부산광역시,부산광역시 영도구,부산광역시 영도구 하나길 317,부산광역시 영도구 신선동3가 84-3,35.08338113,129.0451567,청사 내,,051-419-5601,2025-07-03,3280000,부산광역시 영도구
미리내약국,충청북도,청주시 서원구,"충청북도 청주시 서원구 1순환로 702, 102호 (사창동)",충청북도 청주시 서원구 사창동 532,36.63095169,127.4612528,약국 내,,043-212-0561,2025-06-25,5710000,충청북도 청주시
영도구청 폐의약품 수거함,부산광역시,부산광역시 영도구,부산광역시 영도구 태종로 423,부산광역시 영도구 청학동 48-3,35.09121408,129.0679144,영도구청 1층,,051-419-4000,2025-07-03,3280000,부산광역시 영도구
신중앙약국,충청북도,청주시 서원구,충청북도 청주시 서원구 사직대로 275 ( 사직동),충청북도 청주시 서원구 사직동 265-30,36.6360949,127.4779604,약국 내,,043-223-0228,2025-06-25,5710000,충청북도 청주시
흥덕약국,충청북도,청주시 서원구,충청북도 청주시 서원구 흥덕로 70 (사직동),충청북도 청주시 서원구 사직동 766,36.64163535,127.4725968,약국 내,,043-262-7907,2025-06-25,5710000,충청북도 청주시
햇살약국,충청북도,청주시 서원구,충청북도 청주시 서원구 신화로 50 (성화동),충청북도 청주시 서원구 성화동 449,36.61915659,127.4554724,약국 내,,043-232-1960,2025-06-25,5710000,충청북도 청주시
해솔약국,충청북도,청주시 서원구,충청북도 청주시 서원구 산남로 38 (산남동),충청북도 청주시 서원구 산남동 503,36.61155046,127.4698012,약국 내,,,2025-06-25,5710000,충청북도 청주시
해바라기약국,충청북도,청주시 서원구,"충청북도 청주시 서원구 1순환로1107번길 20,  115호 (분평동,해피존)",충청북도 청주시 서원구 분평동 1370,36.60725699,127.4898805,약국 내,,043-296-4771,2025-06-25,5710000,충청북도 청주시
해맑은약국,충청북도,청주시 서원구,충청북도 청주시 서원구 서부로1465번길 6 (개신동),충청북도 청주시 서원구 개신동 98-8,36.62164791,127.4598225,약국 내,,043-271-0122,2025-06-25,5710000,충청북도 청주시
한별약국,충청북도,청주시 서원구,"충청북도 청주시 서원구 구룡산로 386, 1층 (수곡동)",충청북도 청주시 서원구 수곡동 79-7,36.61812097,127.4871265,약국 내,,043-284-7706,2025-06-25,5710000,충청북도 청주시
한미르약국,충청북도,청주시 서원구,"충청북도 청주시 서원구 청남로 2002, 1층 (분평동)",충청북도 청주시 서원구 분평동 1229,36.61080869,127.4849736,약국 내,,043-296-2961,2025-06-25,5710000,충청북도 청주시
하트약국,충청북도,청주시 서원구,"충청북도 청주시 서원구 사직대로 160, 두진 하트리움에덴 1층 118호 (사창동)",충청북도 청주시 서원구 사창동 304-1,36.63481578,127.4650436,약국 내,,043-266-0113,2025-06-25,5710000,충청북도 청주시
하나로약국,충청북도,청주시 서원구,충청북도 청주시 서원구 모충로 1 (개신동),충청북도 청주시 서원구 개신동 52-3,36.62495089,127.4640827,약국 내,,043-272-3635,2025-06-25,5710000,충청북도 청주시
푸른샘약국,충청북도,청주시 서원구,"충청북도 청주시 서원구 1순환로 767, 1층 (개신동)",충청북도 청주시 서원구 개신동 50-5,36.62547723,127.4638294,약국 내,,043-277-0277,2025-06-25,5710000,충청북도 청주시
청주상당약국,충청북도,청주시 서원구,충청북도 청주시 서원구 사직대로 132 (사창동),충청북도 청주시 서원구 사창동 259-7,36.63476557,127.4618501,약국 내,,043-275-7432,2025-06-25,5710000,충청북도 청주시
청안약국,충청북도,청주시 서원구,"충청북도 청주시 서원구 사직대로 88, 1층 (사창동)",충청북도 청주시 서원구 사창동 149-11,36.63439207,127.4571482,약국 내,,,2025-06-25,5710000,충청북도 청주시
청명약국,충청북도,청주시 서원구,"충청북도 청주시 서원구 서부로1465번길 6, 가동 (개신동)",충청북도 청주시 서원구 개신동 98-8,36.62164791,127.4598225,약국 내,,043-260-8835,2025-06-25,5710000,충청북도 청주시
참사랑약국,충청북도,청주시 서원구,충청북도 청주시 서원구 사직대로265번길 3 (사직동),충청북도 청주시 서원구 사직동 267-13,36.63591732,127.4769178,약국 내,,043-266-3845,2025-06-25,5710000,충청북도 청주시
참가까운약국,충청북도,청주시 서원구,충청북도 청주시 서원구 모충로104번길 5 (모충동),충청북도 청주시 서원구 모충동 448-15,36.62807041,127.4748578,약국 내,,043-274-8045,2025-06-25,5710000,충청북도 청주시
진성약국,충청북도,청주시 서원구,"충청북도 청주시 서원구 월평로 7, 105호 약국 (분평동)",충청북도 청주시 서원구 분평동 1224,36.61133577,127.4858557,약국 내,,043-288-3470,2025-06-25,5710000,충청북도 청주시
지혜약국,충청북도,청주시 서원구,충청북도 청주시 서원구 서원남로 24 (모충동),충청북도 청주시 서원구 모충동 129-36,36.62232022,127.4852106,약국 내,,043-284-2881,2025-06-25,5710000,충청북도 청주시
정문약국,충청북도,청주시 서원구,충청북도 청주시 서원구 1순환로 771 (개신동),충청북도 청주시 서원구 개신동 52-8,36.62519332,127.4638683,약국 내,,043-277-8333,2025-06-25,5710000,충청북도 청주시
재미슨약국,충청북도,청주시 서원구,충청북도 청주시 서원구 사직대로 115 (사창동),충청북도 청주시 서원구 사창동 222-7,36.63521308,127.4604041,약국 내,,043-275-3355,2025-06-25,5710000,충청북도 청주시
인화약국,충청북도,청주시 서원구,"충청북도 청주시 서원구 모충로12번길 9-13, 1층 5호 (개신동, 한사랑아파트)",충청북도 청주시 서원구 개신동 447-36,36.62472242,127.4663978,약국 내,,043-263-3770,2025-06-25,5710000,충청북도 청주시
유향약국,충청북도,청주시 서원구,충청북도 청주시 서원구 모충로25번길 3 (개신동),충청북도 청주시 서원구 개신동 2-49,36.62512856,127.4665371,약국 내,,043-274-2598,2025-06-25,5710000,충청북도 청주시
우리약국,충청북도,청주시 서원구,"충청북도 청주시 서원구 1순환로1137번길 102, 1층 (분평동)",충청북도 청주시 서원구 분평동 1261-1,36.61086533,127.4933268,약국 내,,043-298-1002,2025-06-25,5710000,충청북도 청주시
옵티마 안민약국,충청북도,청주시 서원구,충청북도 청주시 서원구 구룡산로 235 (수곡동),충청북도 청주시 서원구 수곡동 901,36.6160235,127.4713305,약국 내,,043-288-5858,2025-06-25,5710000,충청북도 청주시
온누리대청약국,충청북도,청주시 서원구,충청북도 청주시 서원구 내수동로 154 (사창동),충청북도 청주시 서원구 사창동 262-5,36.63412371,127.4642578,약국 내,,043-266-0346,2025-06-25,5710000,충청북도 청주시
예인약국,충청북도,청주시 서원구,"충청북도 청주시 서원구 산남로 85, 104호 (산남동, 원흥빌딩)",충청북도 청주시 서원구 산남동 690,36.6107921,127.464691,약국 내,,043-296-1032,2025-06-25,5710000,충청북도 청주시
에덴약국,충청북도,청주시 서원구,충청북도 청주시 서원구 구룡산로 321  (수곡동),충청북도 청주시 서원구 수곡동 334,36.61868269,127.4801666,약국 내,,043-295-1034,2025-06-25,5710000,충청북도 청주시
신아주약국,충청북도,청주시 서원구,충청북도 청주시 서원구 경신로 31-1 (개신동),충청북도 청주시 서원구 개신동 624,36.62062319,127.445361,약국 내,,043-234-7629,2025-06-25,5710000,충청북도 청주시
신세계약국,충청북도,청주시 서원구,충청북도 청주시 서원구 1순환로1107번길 39 (분평동),충청북도 청주시 서원구 분평동 1379,36.60811589,127.4893707,약국 내,,043-292-5523,2025-06-25,5710000,충청북도 청주시
영도구 보건소 폐의약품 수거함,부산광역시,부산광역시 영도구,부산광역시 영도구 태종로 423,부산광역시 영도구 청학동 48-3,35.09121408,129.0679144,보건소 1층,,051-419-4000,2025-07-03,3280000,부산광역시 영도구
수곡큰사랑약국,충청북도,청주시 서원구,충청북도 청주시 서원구 수곡로 49 (수곡동),충청북도 청주시 서원구 수곡동 909,36.61629268,127.4727137,약국 내,,043-292-3995,2025-06-25,5710000,충청북도 청주시
수곡제일약국,충청북도,청주시 서원구,충청북도 청주시 서원구 수영로 4 (수곡동),충청북도 청주시 서원구 수곡동 76-21,36.61480638,127.4864554,약국 내,,043-288-8750,2025-06-25,5710000,충청북도 청주시
수곡우리약국,충청북도,청주시 서원구,"충청북도 청주시 서원구 구룡산로 246, 2층 (수곡동)",충청북도 청주시 서원구 수곡동 908,36.61621492,127.4725319,약국 내,,043-288-5626,2025-06-25,5710000,충청북도 청주시
수곡동약국,충청북도,청주시 서원구,충청북도 청주시 서원구 구룡산로 317 (수곡동),충청북도 청주시 서원구 수곡동 333,36.61869529,127.4797673,약국 내,,043-285-4041,2025-06-25,5710000,충청북도 청주시
세종약국,충청북도,청주시 서원구,"충청북도 청주시 서원구 서부로1465번길 6-1, 1층 (개신동)",충청북도 청주시 서원구 개신동 98-8,36.6217431,127.4600955,약국 내,,043-263-1058,2025-06-25,5710000,충청북도 청주시
세계로약국,충청북도,청주시 서원구,"충청북도 청주시 서원구 모충로 18, 1층 3호 (개신동)",충청북도 청주시 서원구 개신동 447-30,36.62475994,127.4660455,약국 내,,043-265-7582,2025-06-25,5710000,충청북도 청주시
성화우리약국,충청북도,청주시 서원구,"충청북도 청주시 서원구 신화로 34, 101호 (성화동, 성화빌딩)",충청북도 청주시 서원구 성화동 470,36.61768342,127.4556844,약국 내,,043-234-9486,2025-06-25,5710000,충청북도 청주시
성화열린약국,충청북도,청주시 서원구,충청북도 청주시 서원구 서부로 1350 (성화동),충청북도 청주시 서원구 성화동 717,36.61748819,127.4483079,약국 내,,043-233-8207,2025-06-25,5710000,충청북도 청주시
서청주약국,충청북도,청주시 서원구,충청북도 청주시 서원구 사직대로112번길 3 (사창동),충청북도 청주시 서원구 사창동 155-1,36.6346218,127.4596225,약국 내,,043-265-6442,2025-06-25,5710000,충청북도 청주시
서울약국,충청북도,청주시 서원구,충청북도 청주시 서원구 사직대로 279-1 (사직동),충청북도 청주시 서원구 사직동 265-32,36.63613929,127.4783066,약국 내,,043-262-8215,2025-06-25,5710000,충청북도 청주시
새열린약국,충청북도,청주시 서원구,충청북도 청주시 서원구 장전로6번길 34 (성화동),충청북도 청주시 서원구 성화동 723,36.6168408,127.447519,약국 내,,043-234-1024,2025-06-25,5710000,충청북도 청주시
새소망약국,충청북도,청주시 서원구,"충청북도 청주시 서원구 청남로 1994, 1층 (분평동)",충청북도 청주시 서원구 분평동 1232,36.6102541,127.484540,약국 내,,043-285-8417,2025-06-25,5710000,충청북도 청주시
새롬약국,충청북도,청주시 서원구,충청북도 청주시 서원구 사직대로 99 (사창동),충청북도 청주시 서원구 사창동 140-11,36.63509118,127.4583185,약국 내,,043-273-6996,2025-06-25,5710000,충청북도 청주시
새녹십자약국,충청북도,청주시 서원구,충청북도 청주시 서원구 사직대로 292 (사직동),충청북도 청주시 서원구 사직동 170-29,36.63581137,127.4798305,약국 내,,043-274-0848,2025-06-25,5710000,충청북도 청주시
상록약국,충청북도,청주시 서원구,충청북도 청주시 서원구 호국로123번길 42 (사직동),충청북도 청주시 서원구 사직동 825-2,36.6388663,127.4735889,약국 내,,043-265-7769,2025-06-25,5710000,충청북도 청주시
상록수약국,충청북도,청주시 서원구,충청북도 청주시 서원구 청남로 2109 (수곡동),충청북도 청주시 서원구 수곡동 82-1,36.62044707,127.4871902,약국 내,,043-285-5454,2025-06-25,5710000,충청북도 청주시
산남프라자약국,충청북도,청주시 서원구,"충청북도 청주시 서원구 수곡로 55 (수곡동, 혜화당한의원)",충청북도 청주시 서원구 수곡동 894,36.61673184,127.4724083,약국 내,,043-293-9734,2025-06-25,5710000,충청북도 청주시
산남조은약국,충청북도,청주시 서원구,"충청북도 청주시 서원구 산남로 18, 올리브타워 (산남동)",충청북도 청주시 서원구 산남동 494,36.61187633,127.4718951,약국 내,,043-288-2278,2025-06-25,5710000,충청북도 청주시
산남열린약국,충청북도,청주시 서원구,"충청북도 청주시 서원구 산남로70번길 3, 산남메디프라자 107호 (산남동)",충청북도 청주시 서원구 산남동 660,36.61132537,127.4659879,약국 내,,043-286-7895,2025-06-25,5710000,충청북도 청주시
사직피보약국,충청북도,청주시 서원구,충청북도 청주시 서원구 사운로 137 (사직동),충청북도 청주시 서원구 사직동 245-14,36.64143307,127.4789993,약국 내,,043-274-9734,2025-06-25,5710000,충청북도 청주시
사랑약국,충청북도,청주시 서원구,"충청북도 청주시 서원구 사직대로 101 (사창동, 민병열산부인과)",충청북도 청주시 서원구 사창동 143-2,36.63522007,127.4587794,약국 내,,043-276-9101,2025-06-25,5710000,충청북도 청주시
뿌리약국,충청북도,청주시 서원구,"충청북도 청주시 서원구 산남로 56, 102,103호 (산남동, 에버프라자)",충청북도 청주시 서원구 산남동 655,36.61143251,127.4678514,약국 내,,043-298-9848,2025-06-25,5710000,충청북도 청주시
비타민약국,충청북도,청주시 서원구,"충청북도 청주시 서원구 산남로 48 (산남동, 대운프라자 101호)",충청북도 청주시 서원구 산남동 650,36.61147433,127.4688816,약국 내,,043-283-1197,2025-06-25,5710000,충청북도 청주시
분평푸른약국,충청북도,청주시 서원구,"충청북도 청주시 서원구 1순환로1107번길 42 (분평동, 대상테마빌딩)",충청북도 청주시 서원구 분평동 1377,36.60830301,127.4899736,약국 내,,043-262-6277,2025-06-25,5710000,충청북도 청주시
분평 우리들약국,충청북도,청주시 서원구,충청북도 청주시 서원구  1순환로  1037 (분평동),충청북도 청주시 서원구 분평동 1430,36.60728353,127.4825139,약국 내,,043-288-3008,2025-06-25,5710000,충청북도 청주시
봄약국,충청북도,청주시 서원구,"충청북도 청주시 서원구 신화로 33 (성화동, 111호~112호)",충청북도 청주시 서원구 성화동 439,36.61757016,127.4553043,약국 내,,043-237-2300,2025-06-25,5710000,충청북도 청주시
봄빛약국,충청북도,청주시 서원구,"충청북도 청주시 서원구 복대로 5, 1층 (개신동)",충청북도 청주시 서원구 개신동 702,36.61763104,127.4460695,약국 내,,043-284-0888,2025-06-25,5710000,충청북도 청주시
보명약국,충청북도,청주시 서원구,충청북도 청주시 서원구 분평로 36 (분평동),충청북도 청주시 서원구 분평동 1378,36.60832389,127.4893436,약국 내,,043-293-5757,2025-06-25,5710000,충청북도 청주시
보나약국,충청북도,청주시 서원구,"충청북도 청주시 서원구 모충로 93, 1층 (모충동)",충청북도 청주시 서원구 모충동 443-3,36.62777427,127.4734373,약국 내,,043-275-1551,2025-06-25,5710000,충청북도 청주시
남항동 행정복지센터 폐의약품 수거함,부산광역시,부산광역시 영도구,부산광역시 영도구 남항로9번길 1,부산광역시 영도구 남항동1가 59-1,35.08997204,129.037630,청사 내,,051-419-5501,2025-07-03,3280000,부산광역시 영도구
백제약국,충청북도,청주시 서원구,충청북도 청주시 서원구 청남로 2114 (모충동),충청북도 청주시 서원구 모충동 101-15,36.62080786,127.4878795,약국 내,,043-283-8212,2025-06-25,5710000,충청북도 청주시
모아약국,충청북도,청주시 서원구,"충청북도 청주시 서원구 복대로17번길 57, 1층 (개신동)",충청북도 청주시 서원구 개신동 716,36.61686394,127.4451681,약국 내,,043-233-7733,2025-06-25,5710000,충청북도 청주시
명품캐슬약국,충청북도,청주시 서원구,"충청북도 청주시 서원구 예체로 55, 112호 (사직동, 상가)",충청북도 청주시 서원구 사직동 929,36.63114116,127.4683993,약국 내,,043-906-4010,2025-06-25,5710000,충청북도 청주시
메디팜평화약국,충청북도,청주시 서원구,"충청북도 청주시 서원구 산미로 156, 1층 (산남동)",충청북도 청주시 서원구 산남동 1219,36.6096229,127.4769115,약국 내,,043-252-7771,2025-06-25,5710000,충청북도 청주시
메디팜다정약국,충청북도,청주시 서원구,충청북도 청주시 서원구 서부로 1346 (성화동),충청북도 청주시 서원구 성화동 720,36.61728739,127.4478354,약국 내,,043-263-6060,2025-06-25,5710000,충청북도 청주시
메디컬다정약국,충청북도,청주시 서원구,충청북도 청주시 서원구 사직대로 95 (사창동),충청북도 청주시 서원구 사창동 140-9,36.63507023,127.458073,약국 내,,043-262-0915,2025-06-25,5710000,충청북도 청주시
더 행복한 약국,충청북도,청주시 서원구,"충청북도 청주시 서원구 사직대로 108, 하나로상호저축은행 (사창동)",충청북도 청주시 서원구 사창동 153-2,36.63457246,127.4591929,약국 내,,043-276-1000,2025-06-25,5710000,충청북도 청주시
대학약국,충청북도,청주시 서원구,충청북도 청주시 서원구 서부로 1510 (개신동),충청북도 청주시 서원구 개신동 452-5,36.62394335,127.4638652,약국 내,,043-271-3030,2025-06-25,5710000,충청북도 청주시
대창약국,충청북도,청주시 서원구,"충청북도 청주시 서원구 사직대로 147, 1층 (사창동)",충청북도 청주시 서원구 사창동 236-10,36.63537181,127.4638559,약국 내,,043-267-2485,2025-06-25,5710000,충청북도 청주시
대유약국,충청북도,청주시 서원구,충청북도 청주시 서원구 청남로 2147 (모충동),충청북도 청주시 서원구 모충동 119-66,36.62381336,127.4881522,약국 내,,043-298-7373,2025-06-25,5710000,충청북도 청주시
대웅약국,충청북도,청주시 서원구,충청북도 청주시 서원구 월평로 69  (분평동),충청북도 청주시 서원구 분평동 1202-2,36.61142085,127.4926791,약국 내,,043-295-3227,2025-06-25,5710000,충청북도 청주시
대상약국,충청북도,청주시 서원구,충청북도 청주시 서원구 월평로 4 (분평동),충청북도 청주시 서원구 분평동 1226,36.6110024,127.4852933,약국 내,,043-283-5341,2025-06-25,5710000,충청북도 청주시
다사랑약국,충청북도,청주시 서원구,"충청북도 청주시 서원구 모충로 91, 102호 (모충동, 크리스탈빌딩)",충청북도 청주시 서원구 모충동 443-2,36.62776539,127.4732015,약국 내,,043-271-5753,2025-06-25,5710000,충청북도 청주시
늘푸른약국,충청북도,청주시 서원구,충청북도 청주시 서원구 성봉로 230-1 (개신동),충청북도 청주시 서원구 개신동 278-2,36.62562357,127.4499915,약국 내,,043-268-2159,2025-06-25,5710000,충청북도 청주시
늘사랑약국,충청북도,청주시 서원구,충청북도 청주시 서원구 청남로 2024 (수곡동),충청북도 청주시 서원구 수곡동 74-43,36.61278316,127.4855944,약국 내,,043-294-8788,2025-06-25,5710000,충청북도 청주시
늘봄약국,충청북도,청주시 서원구,"충청북도 청주시 서원구 사직대로 248, 1층 (사직동)",충청북도 청주시 서원구 사직동 593-6,36.63523549,127.4750093,약국 내,,,2025-06-25,5710000,충청북도 청주시
녹지약국,충청북도,청주시 서원구,충청북도 청주시 서원구 구룡산로 238  (수곡동),충청북도 청주시 서원구 수곡동 903,36.61577743,127.4718003,약국 내,,043-285-8688,2025-06-25,5710000,충청북도 청주시
녹십자약국,충청북도,청주시 서원구,충청북도 청주시 서원구 사직대로 273 (사직동),충청북도 청주시 서원구 사직동 265-28,36.63606231,127.4776384,약국 내,,043-274-0848,2025-06-25,5710000,충청북도 청주시
고마운약국,충청북도,청주시 서원구,"충청북도 청주시 서원구 분평로 86, 105호 (분평동, 로또빌딩)",충청북도 청주시 서원구 분평동 1360-1,36.60815543,127.4949392,약국 내,,043-287-7433,2025-06-25,5710000,충청북도 청주시
건강하나로약국,충청북도,청주시 서원구,충청북도 청주시 서원구 사직대로 90 (사창동),충청북도 청주시 서원구 사창동 151-63,36.63446069,127.4574909,약국 내,,043-272-3635,2025-06-25,5710000,충청북도 청주시
개신하나약국,충청북도,청주시 서원구,"충청북도 청주시 서원구 복대로 34,  103호 (개신동)",충청북도 청주시 서원구 개신동 625,36.62030046,127.4455393,약국 내,,043-231-3199,2025-06-25,5710000,충청북도 청주시
강남약국,충청북도,청주시 서원구,"충청북도 청주시 서원구 사직대로 128, 해인빌딩 (사창동)",충청북도 청주시 서원구 사창동 259-3,36.63475305,127.4615926,약국 내,,,2025-06-25,5710000,충청북도 청주시
현도면행정복지센터,충청북도,청주시 서원구,충청북도 청주시 서원구 현도면 선동1길 9,충청북도 청주시 서원구 현도면 선동리 499-3,36.48654832,127.4242068,1층 민원실,,043-201-6593,2025-06-25,5710000,충청북도 청주시
수곡2동행정복지센터,충청북도,청주시 서원구,충청북도 청주시 서원구 수곡로 61,충청북도 청주시 서원구 수곡동 845,36.61736059,127.4720139,1층 민원실,,043-201-6834,2025-06-25,5710000,충청북도 청주시
수곡1동행정복지센터,충청북도,청주시 서원구,충청북도 청주시 서원구 구룡산로 322,충청북도 청주시 서원구 수곡동 338,36.61829018,127.4799376,1층 민원실,,043-201-6788,2025-06-25,5710000,충청북도 청주시
성화개신죽림동행정복지센터,충청북도,청주시 서원구,충청북도 청주시 서원구 성봉로 128,충청북도 청주시 서원구 성화동 626,36.61702447,127.4531651,1층 민원실,,043-201-6864,2025-06-25,5710000,충청북도 청주시
산남동행정복지센터,충청북도,청주시 서원구,충청북도 청주시 서원구 안뜸로12번길 42,충청북도 청주시 서원구 분평동 291-6,36.61034546,127.4785881,1층 민원실,,043-201-6739,2025-06-25,5710000,충청북도 청주시
사창동행정복지센터,충청북도,청주시 서원구,충청북도 청주시 서원구 내수동로 108,충청북도 청주시 서원구 사창동 409,36.63359417,127.4588944,1층 민원실,,043-201-6675,2025-06-25,5710000,충청북도 청주시
사직2동행정복지센터,충청북도,청주시 서원구,충청북도 청주시 서원구 충렬로53번길 31,충청북도 청주시 서원구 사직동 641-41,36.63163574,127.4737454,1층 민원실,,043-201-6640,2025-06-25,5710000,충청북도 청주시
사직1동행정복지센터,충청북도,청주시 서원구,충청북도 청주시 서원구 대원로 45,충청북도 청주시 서원구 사직동 219-24,36.64019163,127.4811336,1층 민원실,,043-201-6603,2025-06-25,5710000,충청북도 청주시
분평동행정복지센터,충청북도,청주시 서원구,충청북도 청주시 서원구 분평로 35,충청북도 청주시 서원구 분평동 1252,36.60869284,127.4891401,1층 민원실,,043-201-6775,2025-06-25,5710000,충청북도 청주시
모충동행정복지센터,충청북도,청주시 서원구,충청북도 청주시 서원구 모충로124번길 25,충청북도 청주시 서원구 모충동 404,36.62765156,127.4767767,1층 민원실,,043-201-6703,2025-06-25,5710000,충청북도 청주시
남이면행정복지센터,충청북도,청주시 서원구,충청북도 청주시 서원구 남이면 척산길 7,충청북도 청주시 서원구 남이면 척산리 608-1,36.56046384,127.434052,1층 민원실,,043-201-6505,2025-06-25,5710000,충청북도 청주시
치매안심센터,충청북도,청주시 서원구,"충청북도 청주시 서원구 구룡산로 235, 3층",충청북도 청주시 서원구 수곡동 901,36.6160235,127.4713305,1층 대기실,,043-201-3711,2025-06-25,5710000,충청북도 청주시
하석보건진료소,충청북도,청주시 서원구,충청북도 청주시 서원구 현도면 하석길 7,충청북도 청주시 서원구 현도면 하석리 414-4,36.45875934,127.4599869,1층 대기실,,043-201-3693,2025-06-25,5710000,충청북도 청주시
구미보건진료소,충청북도,청주시 서원구,충청북도 청주시 서원구 남이면 저산척북로 300-19,충청북도 청주시 서원구 남이면 구미리 185-3,36.56610744,127.3913505,1층 대기실,,043-201-3692,2025-06-25,5710000,충청북도 청주시
현도보건지소,충청북도,청주시 서원구,충청북도 청주시 서원구 현도면 선동1길 10,충청북도 청주시 서원구 현도면 선동리 484,36.48609387,127.4242554,1층 대기실,,043-201-3572,2025-06-25,5710000,충청북도 청주시
남이보건지소,충청북도,청주시 서원구,충청북도 청주시 서원구 남이면 척산길 7,충청북도 청주시 서원구 남이면 척산리 608-1,36.56046384,127.434052,1층 대기실,,043-201-3560,2025-06-25,5710000,충청북도 청주시
서원보건소,충청북도,청주시 서원구,충청북도 청주시 서원구 현도면 하석길 7,충청북도 청주시 서원구 현도면 하석리 414-4,36.45875934,127.4599869,1층 민원실,,043-201-3232,2025-06-25,5710000,충청북도 청주시
일오약국,충청북도,청주시 청원구,충청북도 청주시 청원구 직지대로 878,충청북도 청주시 청원구 우암동 323-23,36.65070498,127.4873203,약국 내,,043-256-1515,2025-06-25,5710000,충청북도 청주시
아빠약국,충청북도,청주시 청원구,충청북도 청주시 청원구 향군로31번가길 1-7,충청북도 청주시 청원구 우암동 346-10,36.64816055,127.4858673,약국 내,,043-223-0974,2025-06-25,5710000,충청북도 청주시
모범약국,충청북도,청주시 청원구,"충청북도 청주시 청원구 직지대로 848, 1층",충청북도 청주시 청원구 우암동 350-6,36.6489199,127.4850803,약국 내,,043-259-5944,2025-06-25,5710000,충청북도 청주시
스타약국,충청북도,청주시 청원구,충청북도 청주시 청원구 상당로 295-3,충청북도 청주시 청원구 내덕동 217-10,36.65472321,127.4881743,약국 내,,043-258-5566,2025-06-25,5710000,충청북도 청주시
대영약국,충청북도,청주시 청원구,충청북도 청주시 청원구 상당로 301-1,충청북도 청주시 청원구 내덕동 215-3,36.65532621,127.4883153,약국 내,,043-256-0722,2025-06-25,5710000,충청북도 청주시
동원약국,충청북도,청주시 청원구,"충청북도 청주시 청원구 충청대로 53, 1층",충청북도 청주시 청원구 내덕동 413-2,36.6618808,127.4912099,약국 내,,043-214-9855,2025-06-25,5710000,충청북도 청주시
오성약국,충청북도,청주시 청원구,충청북도 청주시 청원구 오창읍 팔결로 705,충청북도 청주시 청원구 오창읍 장대리 290,36.74109392,127.4560807,약국 내,,043-217-2025,2025-06-25,5710000,충청북도 청주시
고은약국,충청북도,청주시 청원구,충청북도 청주시 청원구 충청대로 121,충청북도 청주시 청원구 율량동 1043-1,36.6674112,127.4934052,약국 내,,043-211-6644,2025-06-25,5710000,충청북도 청주시
진화약국,충청북도,청주시 청원구,충청북도 청주시 청원구 율봉로 217-2,충청북도 청주시 청원구 율량동 867,36.6681361,127.4933322,약국 내,,043-211-3990,2025-06-25,5710000,충청북도 청주시
원동약국,충청북도,청주시 청원구,충청북도 청주시 청원구 안덕벌로 40,충청북도 청주시 청원구 내덕동 109-19,36.65759529,127.4930073,약국 내,,043-213-6457,2025-06-25,5710000,충청북도 청주시
동의보민약국,충청북도,청주시 청원구,충청북도 청주시 청원구 내수읍 내수로 725-1,충청북도 청주시 청원구 내수읍 내수리 36-19,36.72646877,127.5356497,약국 내,,043-214-7324,2025-06-25,5710000,충청북도 청주시
새한약국,충청북도,청주시 청원구,충청북도 청주시 청원구 향군로 129,충청북도 청주시 청원구 내덕동 651-6,36.65580899,127.4804358,약국 내,,043-250-0557,2025-06-25,5710000,충청북도 청주시
율량신세계약국,충청북도,청주시 청원구,충청북도 청주시 청원구 사뜸로 59,충청북도 청주시 청원구 율량동 1290,36.66716841,127.4804312,약국 내,,043-213-2005,2025-06-25,5710000,충청북도 청주시
열린온누리약국,충청북도,청주시 청원구,충청북도 청주시 청원구 오창읍 오창중앙로 123-2,충청북도 청주시 청원구 오창읍 각리 649-1,36.70952849,127.416665,약국 내,,043-213-7877,2025-06-25,5710000,충청북도 청주시
태평양약국,충청북도,청주시 청원구,충청북도 청주시 청원구 오창읍 두릉유리로 1136,충청북도 청주시 청원구 오창읍 장대리 315-2,36.74145998,127.4551327,약국 내,,043-217-1505,2025-06-25,5710000,충청북도 청주시
정약국,충청북도,청주시 청원구,충청북도 청주시 청원구 율봉로 141,충청북도 청주시 청원구 율량동 1248,36.66840326,127.4846457,약국 내,,043-218-9922,2025-06-25,5710000,충청북도 청주시
광제당약국,충청북도,청주시 청원구,충청북도 청주시 청원구 내수읍 내수로 729-1,충청북도 청주시 청원구 내수읍 내수리 36-16,36.72664735,127.5360526,약국 내,,043-214-4172,2025-06-25,5710000,충청북도 청주시
참조은약국,충청북도,청주시 청원구,"충청북도 청주시 청원구 공항로 162-2, 1층",충청북도 청주시 청원구 율량동 768,36.67109614,127.4838354,약국 내,,043-218-8275,2025-06-25,5710000,충청북도 청주시
보생약국,충청북도,청주시 청원구,충청북도 청주시 청원구 율봉로 50,충청북도 청주시 청원구 사천동 233-207,36.66417477,127.4759454,약국 내,,043-216-1255,2025-06-25,5710000,충청북도 청주시
하늘약국,충청북도,청주시 청원구,"충청북도 청주시 청원구 오창읍 오창중앙로 47-16, 205호",충청북도 청주시 청원구 오창읍 각리 646-1,36.70625669,127.4249303,약국 내,,043-216-8575,2025-06-25,5710000,충청북도 청주시
샘약국,충청북도,청주시 청원구,충청북도 청주시 청원구 사뜸로 37,충청북도 청주시 청원구 율량동 1466,36.66559647,127.4818862,약국 내,,043-212-1233,2025-06-25,5710000,충청북도 청주시
세종약국,충청북도,청주시 청원구,"충청북도 청주시 청원구 오창읍 과학산업3로 202-7, 1층 102~103호",충청북도 청주시 청원구 오창읍 각리 640-4,36.7070692,127.4293585,약국 내,,043-213-0068,2025-06-25,5710000,충청북도 청주시
우리약국,충청북도,청주시 청원구,충청북도 청주시 청원구 율봉로 97,충청북도 청주시 청원구 율량동 1283,36.666907,127.4800945,약국 내,,043-216-8777,2025-06-25,5710000,충청북도 청주시
오창메디칼약국,충청북도,청주시 청원구,충청북도 청주시 청원구 오창읍 중부로 683,충청북도 청주시 청원구 오창읍 각리 639-9,36.70681312,127.4296767,약국 내,,043-213-5757,2025-06-25,5710000,충청북도 청주시
오창신세계약국,충청북도,청주시 청원구,"충청북도 청주시 청원구 오창읍 중심상업로 17, 105호",충청북도 청주시 청원구 오창읍 양청리 819-4,36.71244368,127.4292747,약국 내,,043-241-0105,2025-06-25,5710000,충청북도 청주시
오창약국,충청북도,청주시 청원구,충청북도 청주시 청원구 오창읍 오창중앙로 119,충청북도 청주시 청원구 오창읍 각리 648-2,36.70914557,127.4172411,약국 내,,043-216-7004,2025-06-25,5710000,충청북도 청주시
다인약국,충청북도,청주시 청원구,"충청북도 청주시 청원구 충청대로 175, 1층",충청북도 청주시 청원구 주중동 1062,36.67183238,127.4957498,약국 내,,043-211-9574,2025-06-25,5710000,충청북도 청주시
하나약국,충청북도,청주시 청원구,충청북도 청주시 청원구 내수읍 내수로 643,충청북도 청주시 청원구 내수읍 내수리 231-4,36.72080138,127.5306644,약국 내,,043-218-7582,2025-06-25,5710000,충청북도 청주시
새로운약국,충청북도,청주시 청원구,충청북도 청주시 청원구 율량로3번길 36,충청북도 청주시 청원구 주중동 850,36.67268836,127.4859095,약국 내,,043-211-0354,2025-06-25,5710000,충청북도 청주시
주성건강약국,충청북도,청주시 청원구,"충청북도 청주시 청원구 상당로 307, 1층",충청북도 청주시 청원구 내덕동 194-6,36.65586054,127.4882363,약국 내,,043-223-9771,2025-06-25,5710000,충청북도 청주시
내덕사랑약국,충청북도,청주시 청원구,충청북도 청주시 청원구 새터로 3,충청북도 청주시 청원구 내덕동 226-22,36.65403992,127.488232,약국 내,,043-256-8522,2025-06-25,5710000,충청북도 청주시
안일약국,충청북도,청주시 청원구,충청북도 청주시 청원구 상당로 295-1,충청북도 청주시 청원구 내덕동 217-3,36.65478076,127.4883805,약국 내,,043-253-8999,2025-06-25,5710000,충청북도 청주시
삼성약국,충청북도,청주시 청원구,충청북도 청주시 청원구 중앙로 213,충청북도 청주시 청원구 내덕동 292-3,36.65622774,127.4879744,약국 내,,043-256-2540,2025-06-25,5710000,충청북도 청주시
청담약국,충청북도,청주시 청원구,충청북도 청주시 청원구 율봉로 142,충청북도 청주시 청원구 율량동 1318,36.66801793,127.484761,약국 내,,043-213-1165,2025-06-25,5710000,충청북도 청주시
행복한 약국,충청북도,청주시 청원구,"충청북도 청주시 청원구 공항로 126, 102호",충청북도 청주시 청원구 율량동 894,36.66849078,127.4854832,약국 내,,043-241-7575,2025-06-25,5710000,충청북도 청주시
제일약국,충청북도,청주시 청원구,충청북도 청주시 청원구 율량로3번길 40,충청북도 청주시 청원구 주중동 849,36.6726542,127.4855572,약국 내,,043-241-8825,2025-06-25,5710000,충청북도 청주시
미소약국,충청북도,청주시 청원구,충청북도 청주시 청원구 내수읍 마산5길 15-16,충청북도 청주시 청원구 내수읍 마산리 166-17,36.72555009,127.5358081,약국 내,,043-211-9978,2025-06-25,5710000,충청북도 청주시
건강약국,충청북도,청주시 청원구,"충청북도 청주시 청원구 오창읍 중심상업로 31-4, 109,110호",충청북도 청주시 청원구 오창읍 양청리 792-5,36.71390485,127.4291002,약국 내,,043-218-2892,2025-06-25,5710000,충청북도 청주시
도담약국,충청북도,청주시 청원구,"충청북도 청주시 청원구 충청대로 179, 1층",충청북도 청주시 청원구 주중동 1063,36.67222211,127.4957736,약국 내,,043-218-9295,2025-06-25,5710000,충청북도 청주시
탄탄약국,충청북도,청주시 청원구,"충청북도 청주시 청원구 충청대로 168, 102호",충청북도 청주시 청원구 주성동 346,36.67101241,127.496365,약국 내,,043-217-7251,2025-06-25,5710000,충청북도 청주시
아이약국,충청북도,청주시 청원구,충청북도 청주시 청원구 주성로 273,충청북도 청주시 청원구 주성동 349,36.67061187,127.4967085,약국 내,,043-221-8275,2025-06-25,5710000,충청북도 청주시
큰희망약국,충청북도,청주시 청원구,충청북도 청주시 청원구 상당로 291,충청북도 청주시 청원구 내덕동 217-9,36.65453483,127.4883386,약국 내,,043-222-9114,2025-06-25,5710000,충청북도 청주시
가까운약국,충청북도,청주시 청원구,충청북도 청주시 청원구 주성로 172,충청북도 청주시 청원구 율량동 713-2,36.67184794,127.4853867,약국 내,,043-213-8861,2025-06-25,5710000,충청북도 청주시
아이사랑약국,충청북도,청주시 청원구,충청북도 청주시 청원구 오창읍 오창대로 315,충청북도 청주시 청원구 오창읍 양청리 821-2,36.71149267,127.4277644,약국 내,,043-217-4521,2025-06-25,5710000,충청북도 청주시
오창제일약국,충청북도,청주시 청원구,충청북도 청주시 청원구 오창읍 2산단로 142,충청북도 청주시 청원구 오창읍 주성리 582,36.73395542,127.4516281,약국 내,,043-213-1166,2025-06-25,5710000,충청북도 청주시
꿈꾸는 기린 약국,충청북도,청주시 청원구,"충청북도 청주시 청원구 오창읍 2산단로 140, 103호",충청북도 청주시 청원구 오창읍 주성리 581,36.73375724,127.4514681,약국 내,,043-214-8901,2025-06-25,5710000,충청북도 청주시
나무약국,충청북도,청주시 청원구,충청북도 청주시 청원구 내덕로 56,충청북도 청주시 청원구 내덕동 306-5,36.65686613,127.4867119,약국 내,,043-222-3442,2025-06-25,5710000,충청북도 청주시
빛나약국,충청북도,청주시 청원구,충청북도 청주시 청원구 사뜸로 54,충청북도 청주시 청원구 율량동 1299,36.66689602,127.4811854,약국 내,,043-241-4601,2025-06-25,5710000,충청북도 청주시
한길약국,충청북도,청주시 청원구,"충청북도 청주시 청원구 충청대로 98, 105호",충청북도 청주시 청원구 율량동 2016,36.66487017,127.4936331,약국 내,,043-214-1536,2025-06-25,5710000,충청북도 청주시
율량하나로약국,충청북도,청주시 청원구,충청북도 청주시 청원구 충청대로 176,충청북도 청주시 청원구 주성동 342,36.67186404,127.4965206,약국 내,,043-216-0055,2025-06-25,5710000,충청북도 청주시
참약국,충청북도,청주시 청원구,충청북도 청주시 청원구 오창읍 2산단로 132,충청북도 청주시 청원구 오창읍 주성리 577,36.7330416,127.4507738,약국 내,,043-213-4282,2025-06-25,5710000,충청북도 청주시
시영약국,충청북도,청주시 청원구,충청북도 청주시 청원구 1순환로330번길 6,충청북도 청주시 청원구 내덕동 721-15,36.65938566,127.4778119,약국 내,,043-221-7712,2025-06-25,5710000,충청북도 청주시
오창성모약국,충청북도,청주시 청원구,충청북도 청주시 청원구 오창읍 중심상업로 7,충청북도 청주시 청원구 오창읍 양청리 821-4,36.71136493,127.4286822,약국 내,,043-241-0008,2025-06-25,5710000,충청북도 청주시
좋은약국,충청북도,청주시 청원구,"충청북도 청주시 청원구 율량로3번길 40, 102호",충청북도 청주시 청원구 주중동 849,36.6726542,127.4855572,약국 내,,043-216-7227,2025-06-25,5710000,충청북도 청주시
율량큰사랑약국,충청북도,청주시 청원구,충청북도 청주시 청원구 율봉로 179,충청북도 청주시 청원구 율량동 882-1,36.66894668,127.4887167,약국 내,,043-211-0926,2025-06-25,5710000,충청북도 청주시
하율약국,충청북도,청주시 청원구,충청북도 청주시 청원구 충청대로 174,충청북도 청주시 청원구 주성동 343,36.67166078,127.4965128,약국 내,,043-216-2122,2025-06-25,5710000,충청북도 청주시
국민약국,충청북도,청주시 청원구,충청북도 청주시 청원구 율량로202번길 60,충청북도 청주시 청원구 율량동 2029,36.66515038,127.4952928,약국 내,,043-237-4987,2025-06-25,5710000,충청북도 청주시
하임약국,충청북도,청주시 청원구,충청북도 청주시 청원구 오창읍 중부로 760,충청북도 청주시 청원구 오창읍 양청리 810-2,36.7115571,127.4370936,약국 내,,043-298-8845,2025-06-25,5710000,충청북도 청주시
내수다나약국,충청북도,청주시 청원구,충청북도 청주시 청원구 내수읍 은곡묵방길 28,충청북도 청주시 청원구 내수읍 은곡리 301,36.70930389,127.5256644,약국 내,,043-214-2876,2025-06-25,5710000,충청북도 청주시
새터미널약국,충청북도,청주시 청원구,충청북도 청주시 청원구 직지대로 874-2,충청북도 청주시 청원구 우암동 323-21,36.65042746,127.4869844,약국 내,,043-222-9022,2025-06-25,5710000,충청북도 청주시
새터온누리약국,충청북도,청주시 청원구,충청북도 청주시 청원구 새터로 172,충청북도 청주시 청원구 사천동 436-6,36.66254377,127.4733812,약국 내,,043-241-1201,2025-06-25,5710000,충청북도 청주시
하늘샘약국,충청북도,청주시 청원구,충청북도 청주시 청원구 오창읍 과학산업2로 385,충청북도 청주시 청원구 오창읍 양청리 752-1,36.71649526,127.4232709,약국 내,,,2025-06-25,5710000,충청북도 청주시
바른약국,충청북도,청주시 청원구,충청북도 청주시 청원구 오창읍 중심상업1로 8-11,충청북도 청주시 청원구 오창읍 양청리 820,36.71302181,127.4282072,약국 내,,070-7576-2750,2025-06-25,5710000,충청북도 청주시
우암메디칼약국,충청북도,청주시 청원구,충청북도 청주시 청원구 향군로 118,충청북도 청주시 청원구 우암동 372-1,36.65524984,127.481686,약국 내,,043-225-7040,2025-06-25,5710000,충청북도 청주시
유유약국,충청북도,청주시 청원구,충청북도 청주시 청원구 충청대로 114,충청북도 청주시 청원구 율량동 500-3,36.6665608,127.4944953,약국 내,,043-714-3013,2025-06-25,5710000,충청북도 청주시
정다운약국,충청북도,청주시 청원구,충청북도 청주시 청원구 오창읍 중심상업1로 8-9,충청북도 청주시 청원구 오창읍 양청리 820-1,36.7122601,127.4286082,약국 내,,043-215-0085,2025-06-25,5710000,충청북도 청주시
편한약국,충청북도,청주시 청원구,충청북도 청주시 청원구 주성로 263,충청북도 청주시 청원구 주중동 1057,36.67089517,127.4954794,약국 내,,043-715-1782,2025-06-25,5710000,충청북도 청주시
율량세종약국,충청북도,청주시 청원구,충청북도 청주시 청원구 율중로79번길 34,충청북도 청주시 청원구 율량동 2372,36.66029521,127.509269,약국 내,,043-213-1055,2025-06-25,5710000,충청북도 청주시
오창중앙약국,충청북도,청주시 청원구,충청북도 청주시 청원구 오창읍 중심상업1로 50,충청북도 청주시 청원구 오창읍 양청리 787-5,36.71431409,127.4278614,약국 내,,043-218-9952,2025-06-25,5710000,충청북도 청주시
미소드림약국,충청북도,청주시 청원구,충청북도 청주시 청원구 주성로 269,충청북도 청주시 청원구 주성동 348,36.67072629,127.4963021,약국 내,,043-215-0425,2025-06-25,5710000,충청북도 청주시
율량약국,충청북도,청주시 청원구,충청북도 청주시 청원구 율량로 96,충청북도 청주시 청원구 주성동 340,36.67216285,127.4966073,약국 내,,043-212-0805,2025-06-25,5710000,충청북도 청주시
하모니약국,충청북도,청주시 청원구,충청북도 청주시 청원구 향군로 132,충청북도 청주시 청원구 내덕동 650-11,36.65623272,127.480743,약국 내,,043-225-5697,2025-06-25,5710000,충청북도 청주시
조아약국,충청북도,청주시 청원구,충청북도 청주시 청원구 충청대로 95,충청북도 청주시 청원구 율량동 1075,36.6650976,127.4929852,약국 내,,043-211-7963,2025-06-25,5710000,충청북도 청주시
오근장동 행정복지센터,충청북도,청주시 청원구,충청북도 청주시 청원구 팔결로 121,충청북도 청주시 청원구 오동동 53-8,36.69412741,127.4811556,1층 민원실,,043-201-8938,2025-06-25,5710000,충청북도 청주시
율량사천동 행정복지센터,충청북도,청주시 청원구,충청북도 청주시 청원구 충청대로107번길 52,충청북도 청주시 청원구 율량동 991,36.66656642,127.4904564,1층 민원실,,043-201-8915,2025-06-25,5710000,충청북도 청주시
우암동 행정복지센터,충청북도,청주시 청원구,충청북도 청주시 청원구 향군로 34,충청북도 청주시 청원구 우암동 348-11,36.64915768,127.4869192,1층 민원실,,043-201-8717,2025-06-25,5710000,충청북도 청주시
오창읍 행정복지센터,충청북도,청주시 청원구,충청북도 청주시 청원구 오창읍 두릉유리로 1137-1,충청북도 청주시 청원구 오창읍 장대리 324-6,36.74225103,127.454104,1층 민원실,,043-201-8622,2025-06-25,5710000,충청북도 청주시
북이면 행정복지센터,충청북도,청주시 청원구,충청북도 청주시 청원구 북이면 신대석성로 10,충청북도 청주시 청원구 북이면 신대리 4-8,36.7394902,127.5422734,1층 민원실,,043-201-8652,2025-06-25,5710000,충청북도 청주시
내수읍 행정복지센터,충청북도,청주시 청원구,충청북도 청주시 청원구 내수읍 마산3길 49,충청북도 청주시 청원구 내수읍 마산리 149-2,36.72391493,127.534927,1층 민원실,,043-201-8553,2025-06-25,5710000,충청북도 청주시
내덕2동 행정복지센터,충청북도,청주시 청원구,충청북도 청주시 청원구 충청대로 28,충청북도 청주시 청원구 내덕동 161-4,36.65954609,127.4908565,1층 민원실,,043-201-8776,2025-06-25,5710000,충청북도 청주시
영선1동 행정복지센터 폐의약품 수거함,부산광역시,부산광역시 영도구,부산광역시 영도구 꿈나무길 25,부산광역시 영도구 영선동1가 97-3,35.09024452,129.044729,청사 내,,051-419-5521,2025-07-03,3280000,부산광역시 영도구
내덕1동 행정복지센터,충청북도,청주시 청원구,충청북도 청주시 청원구 새터로 71,충청북도 청주시 청원구 내덕동 644-1,36.65836046,127.4826598,1층 민원실,,043-201-8744,2025-06-25,5710000,충청북도 청주시
오근장보건진료소,충청북도,청주시 청원구,충청북도 청주시 청원구 팔결로 121-1,충청북도 청주시 청원구 오동동 53-8,36.69409708,127.4808334,1층 민원실,,043-201-3699,2025-06-25,5710000,충청북도 청주시
가좌보건진료소,충청북도,청주시 청원구,충청북도 청주시 청원구 오창읍 오창가좌1길 47,충청북도 청주시 청원구 오창읍 가좌리 140-2,36.73380342,127.369378,1층 민원실,,043-201-3701,2025-06-25,5710000,충청북도 청주시
추학보건진료소,충청북도,청주시 청원구,충청북도 청주시 청원구 북이면 용계내추로 362,충청북도 청주시 청원구 북이면 추학리 473-3,36.76459664,127.543355,1층 민원실,,043-201-3705,2025-06-25,5710000,충청북도 청주시
영하보건진료소,충청북도,청주시 청원구,충청북도 청주시 청원구 북이면 영하길 5,충청북도 청주시 청원구 북이면 영하리 288-1,36.71946975,127.578912,1층 민원실,,043-201-3704,2025-06-25,5710000,충청북도 청주시
석성보건진료소,충청북도,청주시 청원구,충청북도 청주시 청원구 북이면 용계1길 77,충청북도 청주시 청원구 북이면 용계리 504-15,36.7503301,127.5156564,1층 민원실,,043-201-3703,2025-06-25,5710000,충청북도 청주시
유리보건진료소,충청북도,청주시 청원구,충청북도 청주시 청원구 오창읍 일신길 9,충청북도 청주시 청원구 오창읍 일신리 215-5,36.75374319,127.4724809,1층 민원실,,043-201-3702,2025-06-25,5710000,충청북도 청주시
탑리보건진료소,충청북도,청주시 청원구,충청북도 청주시 청원구 오창읍 탑리길 21-4,충청북도 청주시 청원구 오창읍 탑리 266-2,36.7086556,127.4484287,1층 민원실,,043-201-3700,2025-06-25,5710000,충청북도 청주시
북이보건지소,충청북도,청주시 청원구,충청북도 청주시 청원구 북이면 신대석성로 10,충청북도 청주시 청원구 북이면 신대리 4-8,36.7394902,127.5422734,1층 민원실,,043-201-3670,2025-06-25,5710000,충청북도 청주시
오창보건지소,충청북도,청주시 청원구,충청북도 청주시 청원구 오창읍 두릉유리로 1137-1,충청북도 청주시 청원구 오창읍 장대리 324-6,36.74225103,127.454104,1층 민원실,,043-201-3651,2025-06-25,5710000,충청북도 청주시
내수보건지소,충청북도,청주시 청원구,충청북도 청주시 청원구 내수읍 마산3길 49,충청북도 청주시 청원구 내수읍 마산리 149-2,36.72391493,127.534927,1층 민원실,,043-201-3641,2025-06-25,5710000,충청북도 청주시
청원보건소,충청북도,청주시 청원구,충청북도 청주시 청원구 오창읍 과학산업3로 238,충청북도 청주시 청원구 오창읍 각리 639-1,36.71040635,127.4304713,2층 의약관리팀,,043-201-3434,2025-06-25,5710000,충청북도 청주시
효성약국,충청북도,청주시 흥덕구,"충청북도 청주시 흥덕구 가경로 9-19, 106호 (가경동)",충청북도 청주시 흥덕구 가경동 1697,36.61617315,127.4430597,약국 내,,043-201-3333,2025-06-25,5710000,충청북도 청주시
홈플러스준약국,충청북도,청주시 흥덕구,"충청북도 청주시 흥덕구 서부로 1291, 1층 (가경동, 홈플러스)",충청북도 청주시 흥덕구 가경동 1696,36.61543439,127.4422384,약국 내,,043-201-3333,2025-06-25,5710000,충청북도 청주시
혜민약국,충청북도,청주시 흥덕구,충청북도 청주시 흥덕구 풍산로 42 (가경동),충청북도 청주시 흥덕구 가경동 1453-5,36.62676132,127.4353458,약국 내,,043-201-3333,2025-06-25,5710000,충청북도 청주시
행복미소약국,충청북도,청주시 흥덕구,충청북도 청주시 흥덕구 송화로150번길 21 (송절동),충청북도 청주시 흥덕구 송절동 720,36.66457804,127.4512394,약국 내,,043-201-3333,2025-06-25,5710000,충청북도 청주시
해든약국,충청북도,청주시 흥덕구,"충청북도 청주시 흥덕구 강서로 122, 103호 (강서동)",충청북도 청주시 흥덕구 강서동 493,36.62486208,127.4300646,약국 내,,043-201-3333,2025-06-25,5710000,충청북도 청주시
한서약국,충청북도,청주시 흥덕구,충청북도 청주시 흥덕구 내수동로 38-1 (복대동),충청북도 청주시 흥덕구 복대동 1622,36.63259199,127.4517347,약국 내,,043-201-3333,2025-06-25,5710000,충청북도 청주시
한빛약국,충청북도,청주시 흥덕구,"충청북도 청주시 흥덕구 비하로 1, 1층 (비하동)",충청북도 청주시 흥덕구 비하동 60-3,36.62741145,127.4256542,약국 내,,043-201-3333,2025-06-25,5710000,충청북도 청주시
한결약국,충청북도,청주시 흥덕구,"충청북도 청주시 흥덕구 증안로 24, 102호 (복대동)",충청북도 청주시 흥덕구 복대동 2577,36.63633636,127.4260516,약국 내,,043-201-3333,2025-06-25,5710000,충청북도 청주시
튼튼약국,충청북도,청주시 흥덕구,"충청북도 청주시 흥덕구 짐대로72번길 41, 1층 107호 (복대동)",충청북도 청주시 흥덕구 복대동 2838,36.63094853,127.4275781,약국 내,,043-201-3333,2025-06-25,5710000,충청북도 청주시
코끼리약국,충청북도,청주시 흥덕구,충청북도 청주시 흥덕구 2순환로1050번길 13-1 (비하동),충청북도 청주시 흥덕구 비하동 314-3,36.64086643,127.421544,약국 내,,043-201-3333,2025-06-25,5710000,충청북도 청주시
청주플러스약국,충청북도,청주시 흥덕구,충청북도 청주시 흥덕구 풍년로 162 (가경동),충청북도 청주시 흥덕구 가경동 1411,36.62677804,127.4328093,약국 내,,043-201-3333,2025-06-25,5710000,충청북도 청주시
청주열린약국,충청북도,청주시 흥덕구,충청북도 청주시 흥덕구 증안로 54 (복대동),충청북도 청주시 흥덕구 복대동 2462,36.63633167,127.4293917,약국 내,,043-201-3333,2025-06-25,5710000,충청북도 청주시
청주삼성약국,충청북도,청주시 흥덕구,충청북도 청주시 흥덕구 사운로 240  (운천동),충청북도 청주시 흥덕구 운천동 1368,36.64949787,127.4752464,약국 내,,043-201-3333,2025-06-25,5710000,충청북도 청주시
청주명문약국,충청북도,청주시 흥덕구,충청북도 청주시 흥덕구 장구봉로 68 (가경동),충청북도 청주시 흥덕구 가경동 1516,36.62260103,127.4412108,약국 내,,043-201-3333,2025-06-25,5710000,충청북도 청주시
청주대왕약국,충청북도,청주시 흥덕구,"충청북도 청주시 흥덕구 대농로 48, 1층 108호 (복대동)","충청북도 청주시 흥덕구 복대동 288-17, 1층 108호",36.64157664,127.4275796,약국 내,,043-201-3333,2025-06-25,5710000,충청북도 청주시
청신약국,충청북도,청주시 흥덕구,충청북도 청주시 흥덕구 복대로 202 (복대동),충청북도 청주시 흥덕구 복대동 17-4,36.63447994,127.441010,약국 내,,043-201-3333,2025-06-25,5710000,충청북도 청주시
지웰온누리약국,충청북도,청주시 흥덕구,충청북도 청주시 흥덕구 대농로 39 (복대동),충청북도 청주시 흥덕구 복대동 288-124,36.64233742,127.4269132,약국 내,,043-201-3333,2025-06-25,5710000,충청북도 청주시
지웰약국,충청북도,청주시 흥덕구,"충청북도 청주시 흥덕구 대농로 43, 104호 (복대동, 신영지웰시티1차 상업시설)","충청북도 청주시 흥덕구 복대동 3379, 104호",36.6432691,127.4266848,약국 내,,043-201-3333,2025-06-25,5710000,충청북도 청주시
지웰비타민약국,충청북도,청주시 흥덕구,"충청북도 청주시 흥덕구 대농로 43, 1차상업시설 상업시설동 3층 320일부호 (복대동, 신영지웰시티)",충청북도 청주시 흥덕구 복대동 3379,36.6432691,127.4266848,약국 내,,043-201-3333,2025-06-25,5710000,충청북도 청주시
지웰스타약국,충청북도,청주시 흥덕구,"충청북도 청주시 흥덕구 대농로 62, 101호 (복대동)","충청북도 청주시 흥덕구 복대동 288-21, 101호",36.64155012,127.4292407,약국 내,,043-201-3333,2025-06-25,5710000,충청북도 청주시
지웰 행복한 약국,충청북도,청주시 흥덕구,"충청북도 청주시 흥덕구 대농로 56 (복대동, 지이오피스텔)",충청북도 청주시 흥덕구 복대동 288-119,36.64158664,127.4284325,약국 내,,043-201-3333,2025-06-25,5710000,충청북도 청주시
중앙약국,충청북도,청주시 흥덕구,"충청북도 청주시 흥덕구 오송읍 오송생명로 206, 백천빌딩 101호","충청북도 청주시 흥덕구 오송읍 만수리 524, 백천빌딩 101호",36.63041712,127.3316166,약국 내,,043-201-3333,2025-06-25,5710000,충청북도 청주시
조은약국,충청북도,청주시 흥덕구,충청북도 청주시 흥덕구 강내면 태성탑연로 457-4,충청북도 청주시 흥덕구 강내면 탑연리 275-10,36.62334259,127.3584097,약국 내,,043-201-3333,2025-06-25,5710000,충청북도 청주시
조은약국,충청북도,청주시 흥덕구,"충청북도 청주시 흥덕구 대농로 66, 1층 103호 (복대동)",충청북도 청주시 흥덕구 복대동 288-117,36.64151772,127.4295037,약국 내,,043-201-3333,2025-06-25,5710000,충청북도 청주시
정다운 약국,충청북도,청주시 흥덕구,충청북도 청주시 흥덕구 1순환로 511-1 (봉명동),충청북도 청주시 흥덕구 봉명동 463,36.64670143,127.4653331,약국 내,,043-201-3333,2025-06-25,5710000,충청북도 청주시
장수약국,충청북도,청주시 흥덕구,"충청북도 청주시 흥덕구 2순환로 1258, 102호 (가경동)",충청북도 청주시 흥덕구 가경동 383-7,36.62391169,127.4312775,약국 내,,043-201-3333,2025-06-25,5710000,충청북도 청주시
자이약국,충청북도,청주시 흥덕구,"충청북도 청주시 흥덕구 서현로 32, 120호 (가경동)",충청북도 청주시 흥덕구 가경동 2256,36.617056,127.4266098,약국 내,,043-201-3333,2025-06-25,5710000,충청북도 청주시
인재당온누리약국,충청북도,청주시 흥덕구,충청북도 청주시 흥덕구 가경로 163 (가경동),충청북도 청주시 흥덕구 가경동 1183,36.62931704,127.4363004,약국 내,,043-201-3333,2025-06-25,5710000,충청북도 청주시
이화약국,충청북도,청주시 흥덕구,"충청북도 청주시 흥덕구 2순환로 1254 (강서동, DS빌딩)",충청북도 청주시 흥덕구 강서동 526,36.62425396,127.4309711,약국 내,,043-201-3333,2025-06-25,5710000,충청북도 청주시
윤약국,충청북도,청주시 흥덕구,충청북도 청주시 흥덕구 사직대로 7 (복대동),충청북도 청주시 흥덕구 복대동 625-6,36.63441999,127.4481653,약국 내,,043-201-3333,2025-06-25,5710000,충청북도 청주시
유성약국,충청북도,청주시 흥덕구,충청북도 청주시 흥덕구 사운로 204 (운천동),충청북도 청주시 흥덕구 운천동 1571,36.64696507,127.4774097,약국 내,,043-201-3333,2025-06-25,5710000,충청북도 청주시
웰빙약국,충청북도,청주시 흥덕구,"충청북도 청주시 흥덕구 대농로 43, 1차 상업시설동 412호 (복대동, 신영지웰시티)",충청북도 청주시 흥덕구 복대동 3379,36.6432691,127.4266848,약국 내,,043-201-3333,2025-06-25,5710000,충청북도 청주시
운천약국,충청북도,청주시 흥덕구,충청북도 청주시 흥덕구 1순환로 503 (봉명동),충청북도 청주시 흥덕구 봉명동 459,36.64742362,127.4658563,약국 내,,043-201-3333,2025-06-25,5710000,충청북도 청주시
우리팜약국,충청북도,청주시 흥덕구,"충청북도 청주시 흥덕구 가경로 10, 1층 (가경동)",충청북도 청주시 흥덕구 가경동 1555,36.61702097,127.4439931,약국 내,,043-201-3333,2025-06-25,5710000,충청북도 청주시
우리윤약국,충청북도,청주시 흥덕구,"충청북도 청주시 흥덕구 가로수로 1317 (복대동, 서울아동병원)",충청북도 청주시 흥덕구 복대동 40-16,36.63303504,127.4398974,약국 내,,043-201-3333,2025-06-25,5710000,충청북도 청주시
우리들약국,충청북도,청주시 흥덕구,충청북도 청주시 흥덕구 서현중로 66 (강서동),충청북도 청주시 흥덕구 강서동 487,36.62428728,127.4282806,약국 내,,043-201-3333,2025-06-25,5710000,충청북도 청주시
온누리현대약국,충청북도,청주시 흥덕구,충청북도 청주시 흥덕구 비하로 59 (비하동),충청북도 청주시 흥덕구 비하동 195-13,36.63270282,127.4246379,약국 내,,043-201-3333,2025-06-25,5710000,충청북도 청주시
온누리상수약국,충청북도,청주시 흥덕구,충청북도 청주시 흥덕구 직지대로 573 (봉명동),충청북도 청주시 흥덕구 봉명동 1612-1,36.64350643,127.4566146,약국 내,,043-201-3333,2025-06-25,5710000,충청북도 청주시
온누리복대약국,충청북도,청주시 흥덕구,충청북도 청주시 흥덕구 사직대로 12 (복대동),충청북도 청주시 흥덕구 복대동 849-3,36.63397814,127.4486032,약국 내,,043-201-3333,2025-06-25,5710000,충청북도 청주시
옥산약국,충청북도,청주시 흥덕구,충청북도 청주시 흥덕구 옥산면 옥산시내1길 30-1,충청북도 청주시 흥덕구 옥산면 오산리 545-6,36.66358005,127.3747301,약국 내,,043-201-3333,2025-06-25,5710000,충청북도 청주시
옥산삼화당약국,충청북도,청주시 흥덕구,충청북도 청주시 흥덕구 옥산면 청주역로 646,충청북도 청주시 흥덕구 옥산면 가락리 754-7,36.66500224,127.3750648,약국 내,,043-201-3333,2025-06-25,5710000,충청북도 청주시
오송프라자약국,충청북도,청주시 흥덕구,"충청북도 청주시 흥덕구 오송읍 오송생명로 186, 109호 (오송프라자)",충청북도 청주시 흥덕구 오송읍 연제리 715,36.63111501,127.3296159,약국 내,,043-201-3333,2025-06-25,5710000,충청북도 청주시
오송이화약국,충청북도,청주시 흥덕구,"충청북도 청주시 흥덕구 오송읍 오송생명로 168, 101호",충청북도 청주시 흥덕구 오송읍 연제리 707,36.63177872,127.3277791,약국 내,,043-201-3333,2025-06-25,5710000,충청북도 청주시
오송온누리약국,충청북도,청주시 흥덕구,충청북도 청주시 흥덕구 오송읍 오송생명로 208-8,충청북도 청주시 흥덕구 오송읍 만수리 539,36.62992127,127.3318903,약국 내,,043-201-3333,2025-06-25,5710000,충청북도 청주시
오송약국,충청북도,청주시 흥덕구,충청북도 청주시 흥덕구 오송읍 오송1길 4,충청북도 청주시 흥덕구 오송읍 오송리 246-11,36.61025534,127.3263768,약국 내,,043-201-3333,2025-06-25,5710000,충청북도 청주시
예진당약국,충청북도,청주시 흥덕구,"충청북도 청주시 흥덕구 백봉로223번길 3, 1층 (봉명동)",충청북도 청주시 흥덕구 봉명동 2713-1,36.64959839,127.4602028,약국 내,,043-201-3333,2025-06-25,5710000,충청북도 청주시
영선2동 행정복지센터 폐의약품 수거함,부산광역시,부산광역시 영도구,부산광역시 영도구 영선대로 65,부산광역시 영도구 영선동3가 35-1,35.08700168,129.0413319,청사 내,,051-419-5541,2025-07-03,3280000,부산광역시 영도구
열린약국,충청북도,청주시 흥덕구,충청북도 청주시 흥덕구 오송읍 오송생명로 194 (오송랜드 103호),충청북도 청주시 흥덕구 오송읍 만수리 519,36.63082116,127.3304915,약국 내,,043-201-3333,2025-06-25,5710000,충청북도 청주시
아이미소약국,충청북도,청주시 흥덕구,"충청북도 청주시 흥덕구 직지대로 749, 1층 (운천동)",충청북도 청주시 흥덕구 운천동 966,36.64416428,127.4758108,약국 내,,043-201-3333,2025-06-25,5710000,충청북도 청주시
신청주약국,충청북도,청주시 흥덕구,"충청북도 청주시 흥덕구 2순환로 1262, 102호 (가경동)",충청북도 청주시 흥덕구 가경동 566,36.62352578,127.4309399,약국 내,,043-201-3333,2025-06-25,5710000,충청북도 청주시
신안온누리약국,충청북도,청주시 흥덕구,충청북도 청주시 흥덕구 강내면 탑연월곡길 80,충청북도 청주시 흥덕구 강내면 월곡리 299-14,36.62385218,127.3645291,약국 내,,043-201-3333,2025-06-25,5710000,충청북도 청주시
수약국,충청북도,청주시 흥덕구,"충청북도 청주시 흥덕구 대신로73번길 41, 1층 (복대동)","충청북도 청주시 흥덕구 복대동 3265, 1층",36.63946112,127.4329264,약국 내,,043-201-3333,2025-06-25,5710000,충청북도 청주시
송화동약국,충청북도,청주시 흥덕구,충청북도 청주시 흥덕구 사운로 292 (운천동),충청북도 청주시 흥덕구 운천동 555-10,36.65348807,127.4719342,약국 내,,043-201-3333,2025-06-25,5710000,충청북도 청주시
송절약국,충청북도,청주시 흥덕구,"충청북도 청주시 흥덕구 송화로 172, 1층 (송절동)",충청북도 청주시 흥덕구 송절동 807,36.66696253,127.4518054,약국 내,,043-201-3333,2025-06-25,5710000,충청북도 청주시
솔밭약국,충청북도,청주시 흥덕구,"충청북도 청주시 흥덕구 대농로 47, 4층 410호 (복대동)","충청북도 청주시 흥덕구 복대동 288-15, 4층 410호",36.64233941,127.4276149,약국 내,,043-201-3333,2025-06-25,5710000,충청북도 청주시
소망한약국,충청북도,청주시 흥덕구,충청북도 청주시 흥덕구 가경로161번길 8-2 (가경동),충청북도 청주시 흥덕구 가경동 1181,36.62908308,127.436185,약국 내,,043-201-3333,2025-06-25,5710000,충청북도 청주시
소리약국,충청북도,청주시 흥덕구,"충청북도 청주시 흥덕구 가경로 8 (가경동, 104호)",충청북도 청주시 흥덕구 가경동 1553,36.61663275,127.4442151,약국 내,,043-201-3333,2025-06-25,5710000,충청북도 청주시
성지한약국,충청북도,청주시 흥덕구,충청북도 청주시 흥덕구 진재로47번길 18-6 (복대동),충청북도 청주시 흥덕구 복대동 2481,36.63563752,127.4285185,약국 내,,043-201-3333,2025-06-25,5710000,충청북도 청주시
성가약국,충청북도,청주시 흥덕구,"충청북도 청주시 흥덕구 가경로 9-2, 1층 (가경동)",충청북도 청주시 흥덕구 가경동 1672,36.61698033,127.4435109,약국 내,,043-201-3333,2025-06-25,5710000,충청북도 청주시
선일약국,충청북도,청주시 흥덕구,충청북도 청주시 흥덕구 복대로 177 (복대동),충청북도 청주시 흥덕구 복대동 49-8,36.6322703,127.4406134,약국 내,,043-201-3333,2025-06-25,5710000,충청북도 청주시
서현약국,충청북도,청주시 흥덕구,충청북도 청주시 흥덕구 서현북로 64 (가경동),충청북도 청주시 흥덕구 가경동 1987,36.62184063,127.4295281,약국 내,,043-201-3333,2025-06-25,5710000,충청북도 청주시
서진온누리약국,충청북도,청주시 흥덕구,충청북도 청주시 흥덕구 내수동로 2 (복대동),충청북도 청주시 흥덕구 복대동 162-1,36.63383043,127.4477428,약국 내,,043-201-3333,2025-06-25,5710000,충청북도 청주시
서경약국,충청북도,청주시 흥덕구,"충청북도 청주시 흥덕구 풍년로 26, 115,116호 (가경동, 명인투플러스)","충청북도 청주시 흥덕구 가경동 1685, 115,116호",36.61621292,127.4408392,약국 내,,043-201-3333,2025-06-25,5710000,충청북도 청주시
새희망약국,충청북도,청주시 흥덕구,충청북도 청주시 흥덕구 사직대로 68  (복대동),충청북도 청주시 흥덕구 복대동 879-3,36.63432453,127.4549969,약국 내,,043-201-3333,2025-06-25,5710000,충청북도 청주시
새일신약국,충청북도,청주시 흥덕구,충청북도 청주시 흥덕구 증안로 58 (복대동),충청북도 청주시 흥덕구 복대동 2926,36.63630844,127.4297607,약국 내,,043-201-3333,2025-06-25,5710000,충청북도 청주시
새생명약국,충청북도,청주시 흥덕구,"충청북도 청주시 흥덕구 복대로 143, 1층 (복대동)",충청북도 청주시 흥덕구 복대동 993,36.62929254,127.4407295,약국 내,,043-201-3333,2025-06-25,5710000,충청북도 청주시
새빛약국,충청북도,청주시 흥덕구,충청북도 청주시 흥덕구 복대로 186 (복대동),충청북도 청주시 흥덕구 복대동 42-5,36.63311563,127.4410573,약국 내,,043-201-3333,2025-06-25,5710000,충청북도 청주시
새봄약국,충청북도,청주시 흥덕구,"충청북도 청주시 흥덕구 가경로 9-12, 1층 105호 (가경동)","충청북도 청주시 흥덕구 가경동 1675, 1층 105호",36.61666644,127.4430079,약국 내,,043-201-3333,2025-06-25,5710000,충청북도 청주시
새롬약국,충청북도,청주시 흥덕구,"충청북도 청주시 흥덕구 2순환로 1004, 롯데아울렛 청주점 1층 (비하동)",충청북도 청주시 흥덕구 비하동 811,36.64517411,127.4216434,약국 내,,043-201-3333,2025-06-25,5710000,충청북도 청주시
봉명피보약국,충청북도,청주시 흥덕구,"충청북도 청주시 흥덕구 직지대로667번길 1, 1층 (봉명동)",충청북도 청주시 흥덕구 봉명동 747,36.64313945,127.4669463,약국 내,,043-201-3333,2025-06-25,5710000,충청북도 청주시
밝은약국,충청북도,청주시 흥덕구,"충청북도 청주시 흥덕구 사운로 254, 1층 (운천동, 손범수내과소아과의원)",충청북도 청주시 흥덕구 운천동 1212,36.65071902,127.4742874,약국 내,,043-201-3333,2025-06-25,5710000,충청북도 청주시
밝은미래약국,충청북도,청주시 흥덕구,충청북도 청주시 흥덕구 옥산면 청주역로 637,충청북도 청주시 흥덕구 옥산면 오산리 537-2,36.664388,127.3751043,약국 내,,043-201-3333,2025-06-25,5710000,충청북도 청주시
반달약국,충청북도,청주시 흥덕구,"충청북도 청주시 흥덕구 백봉로223번길 2, 1층 (봉명동)",충청북도 청주시 흥덕구 봉명동 2689,36.64952862,127.4605341,약국 내,,043-201-3333,2025-06-25,5710000,충청북도 청주시
바른약국,충청북도,청주시 흥덕구,"충청북도 청주시 흥덕구 사직대로 30, 1층 (복대동)",충청북도 청주시 흥덕구 복대동 853-1,36.63404102,127.4507573,약국 내,,043-201-3333,2025-06-25,5710000,충청북도 청주시
민들레 한약국,충청북도,청주시 흥덕구,충청북도 청주시 흥덕구 덕암로 45 (봉명동),충청북도 청주시 흥덕구 봉명동 2476,36.65317759,127.4591724,약국 내,,043-201-3333,2025-06-25,5710000,충청북도 청주시
메디포스약국,충청북도,청주시 흥덕구,"충청북도 청주시 흥덕구 복대로 179, 1층 (복대동)",충청북도 청주시 흥덕구 복대동 49-4,36.63245514,127.4405619,약국 내,,043-201-3333,2025-06-25,5710000,충청북도 청주시
봉래1동 행정복지센터 폐의약품 수거함,부산광역시,부산광역시 영도구,부산광역시 영도구 대교로6번길 5,부산광역시 영도구 봉래동3가 115-1,35.0935021,129.0443209,청사 내,,051-419-5621,2025-07-03,3280000,부산광역시 영도구
메디팜제일약국,충청북도,청주시 흥덕구,"충청북도 청주시 흥덕구 2순환로 1240, 102호 (강서동, MK타워)",충청북도 청주시 흥덕구 강서동 477,36.62546293,127.4300703,약국 내,,043-201-3333,2025-06-25,5710000,충청북도 청주시
롯데마트열린약국,충청북도,청주시 흥덕구,"충청북도 청주시 흥덕구 풍산로 15, 대우 메가폴리스 지하층 (가경동)",충청북도 청주시 흥덕구 가경동 1416-2,36.62678415,127.4319939,약국 내,,043-201-3333,2025-06-25,5710000,충청북도 청주시
라라약국,충청북도,청주시 흥덕구,"충청북도 청주시 흥덕구 대농로 47-2, 108호 (복대동)",충청북도 청주시 흥덕구 복대동 288-126,36.64424855,127.4277631,약국 내,,043-201-3333,2025-06-25,5710000,충청북도 청주시
두리약국,충청북도,청주시 흥덕구,"충청북도 청주시 흥덕구 풍산로 18, 101-B호 (가경동, 터미널타워)",충청북도 청주시 흥덕구 가경동 1449-3,36.62581105,127.432861,약국 내,,043-201-3333,2025-06-25,5710000,충청북도 청주시
동인한약국,충청북도,청주시 흥덕구,"충청북도 청주시 흥덕구 청향로 3, 1층 (비하동)",충청북도 청주시 흥덕구 비하동 672-16,36.63765936,127.4223434,약국 내,,043-201-3333,2025-06-25,5710000,충청북도 청주시
동산약국,충청북도,청주시 흥덕구,충청북도 청주시 흥덕구 가로수로 1340-1 (복대동),충청북도 청주시 흥덕구 복대동 119-1,36.63296391,127.4425094,약국 내,,043-201-3333,2025-06-25,5710000,충청북도 청주시
동보옵티마약국,충청북도,청주시 흥덕구,충청북도 청주시 흥덕구 옥산면 청주역로 632,충청북도 청주시 흥덕구 옥산면 오산리 543-4,36.66390746,127.3757518,약국 내,,043-201-3333,2025-06-25,5710000,충청북도 청주시
동그라미약국,충청북도,청주시 흥덕구,"충청북도 청주시 흥덕구 대농로 33, 131호 (복대동)",충청북도 청주시 흥덕구 복대동 288-6,36.64245219,127.4259156,약국 내,,043-201-3333,2025-06-25,5710000,충청북도 청주시
더푸른약국,충청북도,청주시 흥덕구,"충청북도 청주시 흥덕구 1순환로549번길 1, 1층 (봉명동)",충청북도 청주시 흥덕구 봉명동 643-2,36.64376374,127.4633718,약국 내,,043-201-3333,2025-06-25,5710000,충청북도 청주시
대한약국,충청북도,청주시 흥덕구,"충청북도 청주시 흥덕구 풍산로 26  (가경동,1층)",충청북도 청주시 흥덕구 가경동 1450-1,36.62606744,127.4333962,약국 내,,043-201-3333,2025-06-25,5710000,충청북도 청주시
대자연약국,충청북도,청주시 흥덕구,"충청북도 청주시 흥덕구 풍산로48번길 6, 103호 (가경동, 가경프라자)",충청북도 청주시 흥덕구 가경동 1453-6,36.62684014,127.4355516,약국 내,,043-201-3333,2025-06-25,5710000,충청북도 청주시
대우당약국,충청북도,청주시 흥덕구,충청북도 청주시 흥덕구 1순환로 508 (봉명동),충청북도 청주시 흥덕구 봉명동 2245,36.64724005,127.4650299,약국 내,,043-201-3333,2025-06-25,5710000,충청북도 청주시
대학동주민센터,서울특별시,관악구,서울특별시 관악구 신림로 111,,37.47059604,126.9369573,,서울특별시 관악구청,,2025-11-12,3200000,서울특별시 관악구
삼성동주민센터,서울특별시,관악구,서울특별시 관악구 호암로 589,,37.4701073,126.9329623,,서울특별시 관악구청,,2025-11-12,3200000,서울특별시 관악구
서림동주민센터,서울특별시,관악구,서울특별시 관악구 신림로29길 6,,37.47499588,126.9349996,,서울특별시 관악구청,,2025-11-12,3200000,서울특별시 관악구
신원동주민센터,서울특별시,관악구,서울특별시 관악구 신원로3길 13,,37.4816131,126.9274129,,서울특별시 관악구청,,2025-11-12,3200000,서울특별시 관악구
서원동주민센터,서울특별시,관악구,서울특별시 관악구 신림로 282,,37.47976918,126.9313747,,서울특별시 관악구청,,2025-11-12,3200000,서울특별시 관악구
난향동주민센터,서울특별시,관악구,서울특별시 관악구 난곡로 67,,37.46151944,126.9187965,,서울특별시 관악구청,,2025-11-12,3200000,서울특별시 관악구
난곡동주민센터,서울특별시,관악구,서울특별시 관악구 난곡로30길 40,,37.47102189,126.9216418,,서울특별시 관악구청,,2025-11-12,3200000,서울특별시 관악구
미성동주민센터,서울특별시,관악구,서울특별시 관악구 난곡로 249,,37.47617498,126.9155517,,서울특별시 관악구청,,2025-11-12,3200000,서울특별시 관악구
조원동주민센터,서울특별시,관악구,서울특별시 관악구 조원로12길 25,,37.48256328,126.9077947,,서울특별시 관악구청,,2025-11-12,3200000,서울특별시 관악구
신사동주민센터,서울특별시,관악구,서울특별시 관악구 조원로 142,,37.48540905,126.9180954,,서울특별시 관악구청,,2025-11-12,3200000,서울특별시 관악구
신림동주민센터,서울특별시,관악구,서울특별시 관악구 신림동길 14,,37.487396,126.9271139,,서울특별시 관악구청,,2025-11-12,3200000,서울특별시 관악구
남현동주민센터,서울특별시,관악구,서울특별시 관악구 남현1가길 29,,37.47468786,126.9778753,,서울특별시 관악구청,,2025-11-12,3200000,서울특별시 관악구
인헌동주민센터,서울특별시,관악구,서울특별시 관악구 남부순환로246가길 20,,37.47509931,126.9653243,,서울특별시 관악구청,,2025-11-12,3200000,서울특별시 관악구
낙성대동주민센터,서울특별시,관악구,서울특별시 관악구 낙성대로4가길 5,,37.47629595,126.9583876,,서울특별시 관악구청,,2025-11-12,3200000,서울특별시 관악구
청룡동주민센터,서울특별시,관악구,서울특별시 관악구 쑥고개로 44,,37.4791175,126.9416407,,서울특별시 관악구청,,2025-11-12,3200000,서울특별시 관악구
행운동주민센터,서울특별시,관악구,서울특별시 관악구 행운1길 43,,37.48064257,126.9570309,,서울특별시 관악구청,,2025-11-12,3200000,서울특별시 관악구
청림동주민센터,서울특별시,관악구,서울특별시 관악구 관악로 40길 39,,37.49184717,126.9586277,,서울특별시 관악구청,,2025-11-12,3200000,서울특별시 관악구
중앙동주민센터,서울특별시,관악구,서울특별시 관악구 양녕로6다길 7,,37.48419282,126.9497511,,서울특별시 관악구청,,2025-11-12,3200000,서울특별시 관악구
성현동주민센터,서울특별시,관악구,서울특별시 관악구 구암길 38,,37.48952989,126.9481596,,서울특별시 관악구청,,2025-11-12,3200000,서울특별시 관악구
은천동주민센터,서울특별시,관악구,서울특별시 관악구 봉천로33나길 30,,37.48530456,126.9424095,,서울특별시 관악구청,,2025-11-12,3200000,서울특별시 관악구
보라매동주민센터,서울특별시,관악구,서울특별시 관악구 봉천로 279-8,,37.48817576,126.932778,,서울특별시 관악구청,,2025-11-12,3200000,서울특별시 관악구
동부건강생활지원센터,경기도,양주시,경기도 양주시 화합로1426번길 90,경기도 양주시 덕정동 206,37.8381418,127.068036,센터내 5층,보건행정과,031-8082-7133,2025-09-11,5590000,경기도 양주시
매곡보건진료소,경기도,양주시,경기도 양주시 남면 휴암로443번길 29-4,경기도 양주시 남면 매곡리 305,37.8934682,126.9583418,보건진료소내,보건행정과,031-8082-7133,2025-09-11,5590000,경기도 양주시
봉암보건진료소,경기도,양주시,경기도 양주시 은현면 봉암14길 6,경기도 양주시 은현면 봉암리 184-5,37.9077876,127.007542,보건진료소내,보건행정과,031-8082-7133,2025-09-11,5590000,경기도 양주시
철원군보건소,강원특별자치도,철원군,강원특별자치도 철원군 갈말읍 군탄로 16,강원특별자치도 철원군 갈말읍 군탄리 960-2,38.1481381985,127.3025601991,철원군보건소,,033-450-5335,2024-12-06,4301000,강원특별자치도 철원군
백석읍 행정복지센터,경기도,양주시,경기도 양주시 백석읍 중앙로223번길 46,,37.7947803,126.9852909,행정복지센터내,보건행정과,031-8082-7133,2025-09-11,5590000,경기도 양주시
성모약국,경기도,양주시,경기도 양주시 독바위로 5,,37.8409228,127.0629131,약국내,보건행정과,031-8082-7133,2025-09-11,5590000,경기도 양주시
선우약국,경기도,양주시,경기도 양주시 회정로 101,,37.837574,127.0643517,약국내,보건행정과,031-8082-7133,2025-09-11,5590000,경기도 양주시
프라자약국,경기도,양주시,경기도 양주시 고암길 306-77,,37.8367545,127.0685776,약국내,보건행정과,031-8082-7133,2025-09-11,5590000,경기도 양주시
자이프라자약국,경기도,양주시,경기도 양주시 삼숭로38번길 80 (삼숭동),,37.7960689,127.1058678,약국내,보건행정과,031-8082-7133,2025-09-11,5590000,경기도 양주시
온누리약국,경기도,양주시,경기도 양주시 남면 개나리11길 2,,37.8963662,126.9746608,약국내,보건행정과,031-8082-7133,2025-09-11,5590000,경기도 양주시
평화약국,경기도,양주시,경기도 양주시 평화로 1440 (덕계동),,37.8191132,127.047070,약국내,보건행정과,031-8082-7133,2025-09-11,5590000,경기도 양주시
세종약국,경기도,양주시,경기도 양주시 회정로 107 (덕정동),,37.8376775,127.0650881,약국내,보건행정과,031-8082-7133,2025-09-11,5590000,경기도 양주시
태양약국,경기도,양주시,경기도 양주시 삼숭로38번길 80 (삼숭동),,37.7960689,127.1058678,약국내,보건행정과,031-8082-7133,2025-09-11,5590000,경기도 양주시
광적약국,경기도,양주시,경기도 양주시 광적면 가래비길 98,,37.8245033,126.984360,약국내,보건행정과,031-8082-7133,2025-09-11,5590000,경기도 양주시
양주수약국,경기도,양주시,경기도 양주시 고읍남로 1 (광사동),,37.7956286,127.0810021,약국내,보건행정과,031-8082-7133,2025-09-11,5590000,경기도 양주시
초록온누리약국,경기도,양주시,경기도 양주시 고읍로 76 (광사동),,37.7964106,127.0797591,약국내,보건행정과,031-8082-7133,2025-09-11,5590000,경기도 양주시
가래비태평양약국,경기도,양주시,경기도 양주시 광적면 광적로 4,,37.820020,126.9852759,약국내,보건행정과,031-8082-7133,2025-09-11,5590000,경기도 양주시
아침향기약국,경기도,양주시,경기도 양주시 광적면 가래비길 148,,37.8267073,126.9832819,약국내,보건행정과,031-8082-7133,2025-09-11,5590000,경기도 양주시
녹십자약국,경기도,양주시,경기도 양주시 백석읍 양주산성로 548,,37.7867712,126.993314,약국내,보건행정과,031-8082-7133,2025-09-11,5590000,경기도 양주시
덕계약국,경기도,양주시,경기도 양주시 평화로 1435 (덕계동),,37.819041,127.0460107,약국내,보건행정과,031-8082-7133,2025-09-11,5590000,경기도 양주시
사랑약국,경기도,양주시,"경기도 양주시 고읍로 10, 세진빌딩 103호 (고읍동)",,37.8019278,127.0787542,약국내,보건행정과,031-8082-7133,2025-09-11,5590000,경기도 양주시
중앙약국,경기도,양주시,경기도 양주시  회정로  134 (덕정동),,37.8371682,127.0683363,약국내,보건행정과,031-8082-7133,2025-09-11,5590000,경기도 양주시
늘푸른약국,경기도,양주시,"경기도 양주시 회정로 134, 두리테크 덕정타운 4층 (덕정동)",,37.8371682,127.0683363,약국내,보건행정과,031-8082-7133,2025-09-11,5590000,경기도 양주시
수약국,경기도,양주시,"경기도 양주시 회정로 132, 403호 (덕정동, 파르코프라자)",,37.8371991,127.0679188,약국내,보건행정과,031-8082-7133,2025-09-11,5590000,경기도 양주시
다나약국,경기도,양주시,"경기도 양주시 회정로 134, 4층 405호 (덕정동, 두리테크 덕정타운)",,37.8371682,127.0683363,약국내,보건행정과,031-8082-7133,2025-09-11,5590000,경기도 양주시
가족약국,경기도,양주시,경기도 양주시 평화로 1426 (덕계동),,37.8181094,127.046270,약국내,보건행정과,031-8082-7133,2025-09-11,5590000,경기도 양주시
하나로약국,경기도,양주시,경기도 양주시 고덕로 280 (고읍동),,37.8006130126,127.0715406481,약국내,보건행정과,031-8082-7133,2025-09-11,5590000,경기도 양주시
다모아약국,경기도,양주시,"경기도 양주시 옥정로 196, 111호 (옥정동)",,37.8189407,127.0921494,약국내,보건행정과,031-8082-7133,2025-09-11,5590000,경기도 양주시
우리약국,경기도,양주시,"경기도 양주시 회정로 114, 금강프라자 112호 (덕정동)",,37.837266,127.0659336,약국내,보건행정과,031-8082-7133,2025-09-11,5590000,경기도 양주시
모범약국,경기도,양주시,경기도 양주시 평화로 1420 (덕계동),,37.8176936,127.0462593,약국내,보건행정과,031-8082-7133,2025-09-11,5590000,경기도 양주시
옥정온누리약국,경기도,양주시,"경기도 양주시 옥정로 222, 옥정스카이 1층 108호 (옥정동)",,37.8214014,127.0921542,약국내,보건행정과,031-8082-7133,2025-09-11,5590000,경기도 양주시
옥정제일약국,경기도,양주시,"경기도 양주시 회천남로 92, 1층 106,107호 (옥정동)",,37.818580,127.0922087,약국내,보건행정과,031-8082-7133,2025-09-11,5590000,경기도 양주시
행복한약국,경기도,양주시,"경기도 양주시 회정로 134, 두리테크 덕정타운 111호 (덕정동)",,37.8371682,127.0683363,약국내,보건행정과,031-8082-7133,2025-09-11,5590000,경기도 양주시
태평양약국,경기도,양주시,"경기도 양주시 은현면 은현로 515, 15,16호",,37.9073478,127.005181887,약국내,보건행정과,031-8082-7133,2025-09-11,5590000,경기도 양주시
초록약국,경기도,양주시,"경기도 양주시 고삼로 11, 1층 (만송동)",,37.8000169,127.0856051,약국내,보건행정과,031-8082-7133,2025-09-11,5590000,경기도 양주시
큰종로온누리약국,경기도,양주시,경기도 양주시 백석읍 양주산성로 540,,37.7868771,126.9941691,약국내,보건행정과,031-8082-7133,2025-09-11,5590000,경기도 양주시
예사랑약국,경기도,양주시,"경기도 양주시 평화로 1440, 1층 105호 (덕계동)",,37.8191132,127.047070,약국내,보건행정과,031-8082-7133,2025-09-11,5590000,경기도 양주시
참약사양주큰사랑약국,경기도,양주시,"경기도 양주시 화합로 1481, 1층 일부 (고암동)",,37.8382247,127.071760,약국내,보건행정과,031-8082-7133,2025-09-11,5590000,경기도 양주시
서부치매안심센터,경기도,양주시,경기도 양주시 광적면 부흥로618번길 303,경기도 양주시 광적면 광석리 132,37.8124953,126.9723071622,센터내 1층,보건행정과,031-8082-7133,2025-09-11,5590000,경기도 양주시
오산시보건소,경기도,오산시,경기도 오산시 경기동로 59,경기도 오산시 오산동 25번지,37.15937066,127.077834,,경기도 오산시청,,2025-12-01,4000000,경기도 오산시
옥정2동 행정복지센터,경기도,양주시,경기도 양주시 옥정동로7가길 4 파스텔시티Ⅱ,,37.8213828,127.0943274,행정복지센터내,보건행정과,031-8082-7133,2025-09-11,5590000,경기도 양주시
옥정1동 행정복지센터,경기도,양주시,경기도 양주시 옥정로 397-7 회천4동 행정복지센터,,37.837243,127.0900776,행정복지센터내,보건행정과,031-8082-7133,2025-09-11,5590000,경기도 양주시
회천3동 행정복지센터,경기도,양주시,경기도 양주시 회정로 143 회천3동 주민센터,,37.8378281,127.0689248,행정복지센터내,보건행정과,031-8082-7133,2025-09-11,5590000,경기도 양주시
회천2동 행정복지센터,경기도,양주시,경기도 양주시 평화로1475번길 39,,37.8216617,127.0467604,행정복지센터내,보건행정과,031-8082-7133,2025-09-11,5590000,경기도 양주시
회천1동 행정복지센터,경기도,양주시,경기도 양주시 화합로1327번길 39,,37.8470596,127.0646529,행정복지센터내,보건행정과,031-8082-7133,2025-09-11,5590000,경기도 양주시
양주2동 행정복지센터,경기도,양주시,경기도 양주시 고읍로 77,,37.7968946,127.0803438,행정복지센터내,보건행정과,031-8082-7133,2025-09-11,5590000,경기도 양주시
양주1동 행정복지센터,경기도,양주시,경기도 양주시 외미로64번길 45 양주1동 행정복지센터,,37.7733594,127.0440705,행정복지센터내,보건행정과,031-8082-7133,2025-09-11,5590000,경기도 양주시
광적면 행정복지센터,경기도,양주시,경기도 양주시 가래비길 93,,37.8245929,126.9836295,행정복지센터내,보건행정과,031-8082-7133,2025-09-11,5590000,경기도 양주시
남면 행정복지센터,경기도,양주시,경기도 양주시 남면 개나리17길 6,,37.8976134,126.9768945,행정복지센터내,보건행정과,031-8082-7133,2025-09-11,5590000,경기도 양주시
은현면 행정복지센터,경기도,양주시,경기도 양주시 은현면 은현로 66,,37.875102,127.0244053,행정복지센터내,보건행정과,031-8082-7133,2025-09-11,5590000,경기도 양주시
가연약국,인천광역시,서구,"인천광역시 서구 거북로 17, 인천테크피아 가동 113 일부호 (석남동)",,37.503684121,126.6639969912,약국 내부,,032-718-0425,2025-07-11,3560000,인천광역시 서구
루원온누리약국,인천광역시,서구,"인천광역시 서구 서곶로 45, B068호 (가정동, 루원 린스트라우스 더 린시티)",,37.5219556542,126.6765081795,약국 내부,,032-718-0425,2025-07-11,3560000,인천광역시 서구
레몬약국,인천광역시,서구,"인천광역시 서구 검단로 480, 검단리치웰프라자 115호 (왕길동)",,37.60180033,126.6576121,약국 내부,,032-718-0425,2025-07-11,3560000,인천광역시 서구
봄빛약국,인천광역시,서구,"인천광역시 서구 이음1로 377, 검단 눈담봄 101 1층 101호 (원당동)",,37.5941938928,126.7170933031,약국 내부,,032-718-0425,2025-07-11,3560000,인천광역시 서구
아라한별약국,인천광역시,서구,"인천광역시 서구 서로3로 198, 103호 (원당동)",,37.5973676943,126.7078913603,약국 내부,,032-718-0425,2025-07-11,3560000,인천광역시 서구
다인약국,인천광역시,서구,"인천광역시 서구 가정로 451, 벨라미센텀시티 1동 1층 160호,161호 (가정동)",,37.5219556542,126.6765081795,약국 내부,,032-718-0425,2025-07-11,3560000,인천광역시 서구
으뜸약국,인천광역시,서구,인천광역시 서구 한중로 10,,37.5778169,126.673640,약국 내부,,032-718-0425,2025-07-11,3560000,인천광역시 서구
다온약국,인천광역시,서구,"인천광역시 서구 발산로 23, 다온프라자2차 101호,102호 (원당동)",,37.5928941614,126.7106113561,약국 내부,,032-718-0425,2025-07-11,3560000,인천광역시 서구
다나은약국,인천광역시,서구,"인천광역시 서구 원적로 15, 가동 101호 (가좌동, 삼화연립)",,37.4885299742,126.6793309348,약국 내부,,032-718-0425,2025-07-11,3560000,인천광역시 서구
희망약국,인천광역시,서구,"인천광역시 서구 가정로 140, 103호 (가좌동)",,37.4971437825,126.6719598756,약국 내부,,032-718-0425,2025-07-11,3560000,인천광역시 서구
휴베이스퍼스트약국,인천광역시,서구,"인천광역시 서구 이음5로 80, 108호 (원당동)",,37.5952466401,126.7163241861,약국 내부,,032-718-0425,2025-07-11,3560000,인천광역시 서구
호수약국,인천광역시,서구,"인천광역시 서구 크리스탈로 78, 105호 (경서동, 엘림존)",,37.5320488305,126.6369012118,약국 내부,,032-718-0425,2025-07-11,3560000,인천광역시 서구
행복온누리약국,인천광역시,서구,"인천광역시 서구 솔빛로 24, 101, 102호 (청라동)",,37.5237031105,126.6240689681,약국 내부,,032-718-0425,2025-07-11,3560000,인천광역시 서구
해미약국,인천광역시,서구,"인천광역시 서구 가정로 123, 명성프라자 107호 (가좌동)",,37.4957206339,126.6712739215,약국 내부,,032-718-0425,2025-07-11,3560000,인천광역시 서구
한사랑약국,인천광역시,서구,인천광역시 서구 서곶로 281 (심곡동),,37.5426257711,126.6763671792,약국 내부,,032-718-0425,2025-07-11,3560000,인천광역시 서구
하동약국,인천광역시,서구,인천광역시 서구 승학로483번길 18-6(검암동),,37.5647763952,126.6718701964,약국 내부,,032-718-0425,2025-07-11,3560000,인천광역시 서구
하나온누리약국,인천광역시,서구,"인천광역시 서구 가정로 309, 1층 (석남동)",,37.5124068164,126.672406369,약국 내부,,032-718-0425,2025-07-11,3560000,인천광역시 서구
튼튼한약국,인천광역시,서구,"인천광역시 서구 이음대로 479, 104호 (당하동)",,37.5848088283,126.7128172852,약국 내부,,032-718-0425,2025-07-11,3560000,인천광역시 서구
태평양약국,인천광역시,서구,"인천광역시 서구 푸른로 3, 104호 (경서동)",,37.5253003939,126.6297719523,약국 내부,,032-718-0425,2025-07-11,3560000,인천광역시 서구
청라큰사랑약국,인천광역시,서구,"인천광역시 서구 청라에메랄드로 79, B12, B13호 (청라동)",,37.5323372934,126.6556908819,약국 내부,,032-718-0425,2025-07-11,3560000,인천광역시 서구
청라천사약국,인천광역시,서구,"인천광역시 서구 청라커낼로288번길 10, 더스페이스타워 112호 (청라동)",,37.5338732125,126.6456661611,약국 내부,,032-718-0425,2025-07-11,3560000,인천광역시 서구
삼성온누리약국,경상남도,합천군,경상남도 합천군 합천읍 대야로 880-8,,35.56675396,128.1635721,약국 내,,055-930-4043,2025-07-23,5480000,경상남도 합천군
동일약국,경상남도,합천군,경상남도 합천군 야로면 가야산로 351-1,,35.70577414,128.1689195,약국 내,,055-930-4043,2025-07-23,5480000,경상남도 합천군
백중약국,경상남도,합천군,경상남도 합천군 삼가면 일부4길 21-1,,35.41281858,128.1218677,약국 내,,055-930-4043,2025-07-23,5480000,경상남도 합천군
새우리약국,경상남도,합천군,경상남도 합천군 삼가면 삼가중앙길 25-2,,35.41362936,128.1223424,약국 내,,055-930-4043,2025-07-23,5480000,경상남도 합천군
시장약국,경상남도,합천군,경상남도 합천군 삼가면 삼가중앙길 25-1,,35.41357535,128.1222652,약국 내,,055-930-4043,2025-07-23,5480000,경상남도 합천군
가야산약국,경상남도,합천군,경상남도 합천군 가야면 황산3길 6,,35.76151718,128.1385603,약국 내,,055-930-4043,2025-07-23,5480000,경상남도 합천군
수강약국,경상남도,합천군,경상남도 합천군 초계면 초계중앙로 86,,35.55882864,128.2694851,약국 내,,055-930-4043,2025-07-23,5480000,경상남도 합천군
동산약국,경상남도,합천군,경상남도 합천군 초계면 초계중앙로 53,,35.55926937,128.2658685,약국 내,,055-930-4043,2025-07-23,5480000,경상남도 합천군
용주면 보건지소,경상남도,합천군,경상남도 합천군 용주면 황계폭포로 1154-1,,35.54041034,128.1136921,지소 내,,055-930-4043,2025-07-23,5480000,경상남도 합천군
대병면 보건지소,경상남도,합천군,경상남도 합천군 대병면 신성동길 21,,35.52130069,128.0145876,지소 내,,055-930-4043,2025-07-23,5480000,경상남도 합천군
가회면 보건지소,경상남도,합천군,경상남도 합천군 가회면 황매산로 58-12,,35.43670934,128.0344404,지소 내,,055-930-4043,2025-07-23,5480000,경상남도 합천군
송정서부경로당,광주광역시,광산구,광주광역시 광산구 송정로30번길 42-4 (도산동),,35.13486556,126.7925475,,광주광역시 광산구청,062-942-0302,2025-12-19,3630000,광주광역시 광산구
서후면보건지소,경상북도,안동시,경상북도 안동시 서후면 서후중앙길 19,,36.61668982,128.6634731,,서후면보건지소,054-852-2203,2025-11-01,5070000,경상북도 안동시
연곡보건진료소,경상북도,안동시,경상북도 안동시 북후면 용수골길 17,,36.66661835,128.7322303,,연곡보건진료소,054-859-5879,2025-11-01,5070000,경상북도 안동시
신전보건진료소,경상북도,안동시,경상북도 안동시 북후면 산북로 705,,36.67185239,128.6337636,,신전보건진료소,054-841-0863,2025-11-01,5070000,경상북도 안동시
북후면보건지소,경상북도,안동시,경상북도 안동시 북후면 북평로 875,,36.68477726,128.7023931,,북후면보건지소,054-859-5546,2025-11-01,5070000,경상북도 안동시
온혜보건진료소,경상북도,안동시,경상북도 안동시 도산면 온천로 689,,36.74683379,128.831977982,,온혜보건진료소,054-856-1020,2025-11-01,5070000,경상북도 안동시
도산면보건지소,경상북도,안동시,경상북도 안동시 도산면 신성길 14,,36.74494504,128.8392211,,도산면보건지소,054-856-0110,2025-11-01,5070000,경상북도 안동시
사신보건진료소,경상북도,안동시,경상북도 안동시 녹전면 가야안길 13,,36.70045999,128.769036,,사신보건진료소,054-843-3521,2025-11-01,5070000,경상북도 안동시
원천보건진료소,경상북도,안동시,경상북도 안동시 녹전면 예봉로 737,,36.78663595,128.7398935,,원천보건진료소,054-843-2639,2025-11-01,5070000,경상북도 안동시
녹전면보건지소,경상북도,안동시,경상북도 안동시 녹전면 녹전로 718,,36.74295406,128.7740964,,녹전면보건지소,054-856-0571,2025-11-01,5070000,경상북도 안동시
고상보건진료소,경상북도,안동시,경상북도 안동시 남후면 홍문길 5,,36.51576439,128.6179713,,고상보건진료소,054-841-4886,2025-11-01,5070000,경상북도 안동시
개곡보건진료소,경상북도,안동시,경상북도 안동시 남후면 남일로 1185-1,,36.53567101,128.6666541,,개곡보건진료소,054-859-6715,2025-11-01,5070000,경상북도 안동시
남후면보건지소,경상북도,안동시,경상북도 안동시 남후면 남일로 1465-9,,36.52361626,128.6897534,,남후면보건지소,054-859-6714,2025-11-01,5070000,경상북도 안동시
원림보건진료소,경상북도,안동시,경상북도 안동시 남선면 놉실로 197,,36.5196854,128.7084317,,원림보건진료소,054-859-6775,2025-11-01,5070000,경상북도 안동시
남선면보건지소,경상북도,안동시,경상북도 안동시 남선면 충효로 3866,,36.52618023,128.7698725,,남선면보건지소,054-822-8614,2025-11-01,5070000,경상북도 안동시
송사보건진료소,경상북도,안동시,경상북도 안동시 길안면 송사시장길 100,,36.36831619,128.9288136,,송사보건진료소,054-822-8004,2025-11-01,5070000,경상북도 안동시
구수보건진료소,경상북도,안동시,경상북도 안동시 길안면 길안청송로 559,,36.45430429,128.9445317,,구수보건진료소,054-822-6301,2025-11-01,5070000,경상북도 안동시
길안면보건지소,경상북도,안동시,경상북도 안동시 길안면 천지안길 71-10,,36.45753085,128.8954718,,길안면보건지소,054-822-2025,2025-11-01,5070000,경상북도 안동시
안동시보건소,경상북도,안동시,경상북도 안동시 서동문로 165,,36.56699344,128.7302592,,안동시보건소,054-855-5986,2025-11-01,5070000,경상북도 안동시
풍천면행정복지센터,경상북도,안동시,경상북도 안동시 풍천면 지풍로 1471,,36.55606099,128.5067862,,풍천면행정복지센터,054-853-2005,2025-11-01,5070000,경상북도 안동시
풍산읍행정복지센터,경상북도,안동시,경상북도 안동시 풍산읍 풍산중앙길 99,,36.58024125,128.5722246,,풍산읍행정복지센터,054-858-6001,2025-11-01,5070000,경상북도 안동시
임하면행정복지센터,경상북도,안동시,경상북도 안동시 임하면 충효로 3254,,36.52474189,128.8310038,,임하면행정복지센터,054-822-3005,2025-11-01,5070000,경상북도 안동시
임동면행정복지센터,경상북도,안동시,경상북도 안동시 임동면 편항1길 11,,36.56882413,128.9175486,,임동면행정복지센터,054-822-3001,2025-11-01,5070000,경상북도 안동시
일직면행정복지센터,경상북도,안동시,경상북도 안동시 일직면 중앙통길 12,,36.47524944,128.6591942,,일직면행정복지센터,054-858-4500,2025-11-01,5070000,경상북도 안동시
365검단우리약국,인천광역시,서구,"인천광역시 서구 발산로5번길 12, 인천검단 엔젤리움1차 윈팰리스 107호 (원당동)",,37.5933800976,126.7113162223,약국 내부,,032-718-0425,2025-07-11,3560000,인천광역시 서구
루원봄약국,인천광역시,서구,"인천광역시 서구 봉오대로 255, 104,105호 (가정동)",,37.5219556542,126.6765081795,약국 내부,,032-718-0425,2025-07-11,3560000,인천광역시 서구
수린온누리약국,인천광역시,서구,"인천광역시 서구 크리스탈로102번길 8-12, 수린빌딩 102,103호 (청라동)",,37.5333301484,126.6378730895,약국 내부,,032-718-0425,2025-07-11,3560000,인천광역시 서구
검단센트럴약국,인천광역시,서구,"인천광역시 서구 이음3로 149, 위너스프라자 104호 (당하동)",,37.5889107636,126.708422288,약국 내부,,032-718-0425,2025-07-11,3560000,인천광역시 서구
더조은약국,인천광역시,서구,"인천광역시 서구 원당대로 856, 마크포레스트 어반 B102호 (당하동)",,37.5932988269,126.6965835762,약국 내부,,032-718-0425,2025-07-11,3560000,인천광역시 서구
탑스타약국,인천광역시,서구,"인천광역시 서구 청마로7번길 6, 1층 일부호 (당하동)",,37.5929357635,126.6709070177,약국 내부,,032-718-0425,2025-07-11,3560000,인천광역시 서구
인천아라약국,인천광역시,서구,"인천광역시 서구 서로3로 104, 신화프라자 102호 (당하동)",,37.5888721949,126.7076857995,약국 내부,,032-718-0425,2025-07-11,3560000,인천광역시 서구
지웰2층약국,인천광역시,서구,"인천광역시 서구 가정로 406, A동 224호 (가정동, 루원지웰시티푸르지오)",,37.5219556542,126.6765081795,약국 내부,,032-718-0425,2025-07-11,3560000,인천광역시 서구
검단참사랑약국,인천광역시,서구,"인천광역시 서구 이음대로 388, ABM타워 112,113호 (원당동)",,37.5930452493,126.7126961572,약국 내부,,032-718-0425,2025-07-11,3560000,인천광역시 서구
검단스마일약국,인천광역시,서구,"인천광역시 서구 발산로 17, 메가타워 106호 (원당동)",,37.5928625134,126.7102455117,약국 내부,,032-718-0425,2025-07-11,3560000,인천광역시 서구
운남주공6단지아파트,광주광역시,광산구,광주광역시 광산구 목련로153번길 134,,35.17869832,126.8156113,,광주광역시 광산구청,062-961-6601,2025-12-19,3630000,광주광역시 광산구
부영애시앙아파트,광주광역시,광산구,광주광역시 광산구 목련로 41,,35.17518674,126.8021355,,광주광역시 광산구청,062-953-0212,2025-12-19,3630000,광주광역시 광산구
상아아파트,광주광역시,광산구,광주광역시 광산구 도산신송길 31,,35.13456872,126.7914336,,광주광역시 광산구청,062-943-5625,2025-12-19,3630000,광주광역시 광산구
도산호반1차아파트,광주광역시,광산구,광주광역시 광산구 도산로9번길 35,,35.12765555,126.7909167,,광주광역시 광산구청,062-944-4978,2025-12-19,3630000,광주광역시 광산구
호반청암빌라트,광주광역시,광산구,광주광역시 광산구 도산로12번길 17-25,,35.13102136,126.7921896,,광주광역시 광산구청,062-942-2843,2025-12-19,3630000,광주광역시 광산구
우미아파트,광주광역시,광산구,광주광역시 광산구 도산로 26,,35.13032424,126.7916649,,광주광역시 광산구청,062-941-5796,2025-12-19,3630000,광주광역시 광산구
하남3지구모아엘가더퍼스트아파트,광주광역시,광산구,광주광역시 광산구 단전둘레길 15,,35.18188448,126.7961267,,광주광역시 광산구청,062-531-6020,2025-12-19,3630000,광주광역시 광산구
신한화아파트,광주광역시,광산구,광주광역시 광산구 내상로 80,,35.13619823,126.8006643,,광주광역시 광산구청,062-941-5836,2025-12-19,3630000,광주광역시 광산구
공항연립주택,광주광역시,광산구,광주광역시 광산구 내상로 78,,35.13612931,126.800299,,광주광역시 광산구청,,2025-12-19,3630000,광주광역시 광산구
청암아파트,광주광역시,광산구,광주광역시 광산구 남동길30번길 28,,35.1290516,126.7896726,,광주광역시 광산구청,062-942-4312,2025-12-19,3630000,광주광역시 광산구
삼라미주아파트,광주광역시,광산구,광주광역시 광산구 남동길 15,,35.12839871,126.7880544,,광주광역시 광산구청,062-942-4312,2025-12-19,3630000,광주광역시 광산구
소촌라인2차아파트,광주광역시,광산구,광주광역시 광산구 금봉로 18,,35.15143409,126.8008777,,광주광역시 광산구청,062-446-1181,2025-12-19,3630000,광주광역시 광산구
세계수영선수촌중흥에스-클래스센트럴,광주광역시,광산구,광주광역시 광산구 금봉로 106,,35.15101952,126.8126175,,광주광역시 광산구청,062-944-9496,2025-12-19,3630000,광주광역시 광산구
광신프로그레스아파트,광주광역시,광산구,광주광역시 광산구 광산로20번길28,,35.13718749,126.7944699,,광주광역시 광산구청,062-943-1717,2025-12-19,3630000,광주광역시 광산구
수완3단지중흥에스-클래스아파트,광주광역시,광산구,광주광역시 광산구  풍영로145번길 18,,35.18518143,126.8126905,,광주광역시 광산구청,062-959-0058,2025-12-19,3630000,광주광역시 광산구
수안루아채아파트,광주광역시,광산구,광주광역시 광산구 풍영로 294-8,,35.19710432,126.8161379,,광주광역시 광산구청,062-953-0262,2025-12-19,3630000,광주광역시 광산구
첨단신동아아파트,광주광역시,광산구,광주광역시 광산구 첨단중앙로181번길 88-22,,35.2213437,126.8323316,,광주광역시 광산구청,062-971-1999,2025-12-19,3630000,광주광역시 광산구
수완2차우미린아파트,광주광역시,광산구,광주광역시 광산구 왕버들로132번길 22,,35.20113262,126.8222176,,광주광역시 광산구청,062-953-0364,2025-12-19,3630000,광주광역시 광산구
명지아파트,광주광역시,광산구,광주광역시 광산구 송도로320번길 11,,35.14133533,126.8029055,,광주광역시 광산구청,062-945-5018,2025-12-19,3630000,광주광역시 광산구
송정라인2차아파트,광주광역시,광산구,광주광역시 광산구 상무대로 137-2,,35.1339369,126.7884376,,광주광역시 광산구청,062-945-1362,2025-12-19,3630000,광주광역시 광산구
첨단포도약국,광주광역시,광산구,,광주광역시 광산구 월계동 870-1,35.21730681,126.847667,,광주광역시 광산구청,062-716-4520,2025-12-19,3630000,광주광역시 광산구
첨단365약국,광주광역시,광산구,"광주광역시 광산구 임방울대로826번길 29-25, 101호 (쌍암동)",,35.21626472,126.8500923,,광주광역시 광산구청,062-710-3650,2025-12-19,3630000,광주광역시 광산구
사평약국,전라남도,화순군,전라남도 화순군 사평면 사평길 19,전라남도 화순군 사평면 사평리 376번지,35.00570407,127.0980621,약국 내,전라남도 화순군청,061-372-6015,2024-08-14,4900000,전라남도 화순군
삼성약국,전라남도,화순군,전라남도 화순군 능주면 죽수길 94,전라남도 화순군 능주면 관영리 89번지 1호,34.99151018,126.9583572,약국 내,전라남도 화순군청,061-372-8041,2024-08-14,4900000,전라남도 화순군
현대약국,전라남도,화순군,전라남도 화순군 화순읍 중앙로 98,전라남도 화순군 화순읍 만연리 223번지,35.06025357,126.9921326,약국 내,전라남도 화순군청,061-374-5522,2024-08-14,4900000,전라남도 화순군
화순종로약국,전라남도,화순군,전라남도 화순군 화순읍 자치샘로 42-2,전라남도 화순군 화순읍 향청리 90번지 2호,35.06145243,126.9855607,약국 내,전라남도 화순군청,061-372-0178,2024-08-14,4900000,전라남도 화순군
종약국,전라남도,화순군,전라남도 화순군 화순읍 자치샘로 36,전라남도 화순군 화순읍 향청리 85번지 2호,35.06172563,126.9848263,약국 내,전라남도 화순군청,061-375-3375,2024-08-14,4900000,전라남도 화순군
전남약국,전라남도,화순군,전라남도 화순군 화순읍 중앙로 171,전라남도 화순군 화순읍 일심리 410번지,35.0606032,127.0002099,약국 내,전라남도 화순군청,061-375-3676,2024-08-14,4900000,전라남도 화순군
신세계약국,전라남도,화순군,전라남도 화순군 화순읍 광덕로 177,전라남도 화순군 화순읍 만연리 241번지 3호,35.06064856,126.9921842,약국 내,전라남도 화순군청,061-374-7770,2024-08-14,4900000,전라남도 화순군
새서울약국,전라남도,화순군,전라남도 화순군 춘양면 춘양로 94-1,전라남도 화순군 춘양면 석정리 573번지 58호,34.95096691,126.9609886,약국 내,전라남도 화순군청,061-375-6323,2024-08-14,4900000,전라남도 화순군
뉴욕약국,전라남도,화순군,전라남도 화순군 화순읍 서양로 327,전라남도 화순군 화순읍 일심리 423번지,35.06085874,127.0002704,약국 내,전라남도 화순군청,061-373-8000,2024-08-14,4900000,전라남도 화순군
새중앙약국,전라남도,화순군,전라남도 화순군 화순읍 칠충로 103,전라남도 화순군 화순읍 삼천리 637번지 1호,35.05848902,126.9812718,약국 내,전라남도 화순군청,061-372-7580,2024-08-14,4900000,전라남도 화순군
원달보건진료소,전라남도,구례군,전라남도 구례군 산동면 달전길 14,,35.3339234678,127.4511493691,접수처,,061-783-1546,2024-08-12,4870000,전라남도 구례군
관산보건진료소,전라남도,구례군,전라남도 구례군 산동면 관산구산길 59-14,,35.31850387,127.4668609,접수처,,061-782-9294,2024-08-12,4870000,전라남도 구례군
외산보건진료소,전라남도,구례군,전라남도 구례군 산동면 내온길 13,,35.2957330681,127.4259413465,접수처,,061-782-8780,2024-08-12,4870000,전라남도 구례군
이평보건진료소,전라남도,구례군,전라남도 구례군 산동면 이촌길 4,,35.2841068817,127.4151549921,접수처,,061-781-5660,2024-08-12,4870000,전라남도 구례군
도암보건진료소,전라남도,구례군,전라남도 구례군 용방면 도암1길 28,,35.2590182403,127.4222863169,접수처,,061-782-8227,2024-08-12,4870000,전라남도 구례군
내동보건진료소,전라남도,구례군,전라남도 구례군 토지면 피아골로 665,,35.24634237,127.5917281,접수처,,061-782-8353,2024-08-12,4870000,전라남도 구례군
외곡보건진료소,전라남도,구례군,전라남도 구례군 토지면 피아골로 7,,35.2007878676,127.6018680285,접수처,,061-782-8218,2024-08-12,4870000,전라남도 구례군
하천보건진료소,전라남도,구례군,전라남도 구례군 간전면 하천길 32,,35.1819051220,127.6208988278,접수처,,061-782-3232,2024-08-12,4870000,전라남도 구례군
효곡보건진료소,전라남도,구례군,전라남도 구례군 간전면  효죽길 12,,35.1389716620,127.5411213096,접수처,,061-781-4392,2024-08-12,4870000,전라남도 구례군
토금보건진료소,전라남도,구례군,전라남도 구례군 문척면 토금길 108-1,,35.1805259481,127.5103085813,접수처,,061-781-5461,2024-08-12,4870000,전라남도 구례군
죽마보건진료소,전라남도,구례군,전라남도 구례군 문척면 죽연길 18-17,,35.1899326137,127.4726237512,접수처,,061-781-5141,2024-08-12,4870000,전라남도 구례군
계산보건진료소,전라남도,구례군,전라남도 구례군 구례읍 하유길 21-29,,35.1914245648,127.4059949464,접수처,,061-782-8354,2024-08-12,4870000,전라남도 구례군
산동보건지소,전라남도,구례군,전라남도 구례군 산동면 원촌 1길 13-5,,35.3130838876,127.4384879834,접수처,,061-780-8594,2024-08-12,4870000,전라남도 구례군
용방보건지소,전라남도,구례군,전라남도 구례군 용방면 하용길 5,,35.2506619796,127.4301580646,접수처,,061-780-8546,2024-08-12,4870000,전라남도 구례군
광의보건지소,전라남도,구례군,전라남도 구례군 광의면 광의철쭉동산로 14,,35.2607519205,127.4419342051,접수처,,061-780-8495,2024-08-12,4870000,전라남도 구례군
마산보건지소,전라남도,구례군,전라남도 구례군 마산면 화엄사로 159,,35.2238614471,127.4870042778,접수처,,061-780-8445,2024-08-12,4870000,전라남도 구례군
토지보건지소,전라남도,구례군,전라남도 구례군 토지면 섬진강대로 5039,,35.1968579608,127.5261809454,접수처,,061-780-8395,2024-08-12,4870000,전라남도 구례군
간전보건지소,전라남도,구례군,전라남도 구례군 간전면 안음길3,,35.1780620111,127.5435267694,접수처,,061-780-8345,2024-08-12,4870000,전라남도 구례군
문척보건지소,전라남도,구례군,전라남도 구례군 문척면 수달생태로 281,,35.1929540241,127.4911494041,접수처,,061-780-8299,2024-08-12,4870000,전라남도 구례군
보건의료원,전라남도,구례군,전라남도 구례군 구례읍 동편제길 30,,35.2160728418,127.4617801019,접수처,,061-780-2068,2024-08-12,4870000,전라남도 구례군
부동여자경로당,광주광역시,광산구,광주광역시 광산구 사암로24번길 7 (신촌동),,35.1464495,126.8077524,,광주광역시 광산구청,062-944-1888,2025-12-19,3630000,광주광역시 광산구
향약경로당,광주광역시,광산구,광주광역시 광산구 사암로118번길 23 (우산동),,35.15491071,126.808873,,광주광역시 광산구청,062-945-4304,2025-12-19,3630000,광주광역시 광산구
우산본촌경로당,광주광역시,광산구,광주광역시 광산구 우산로 108 (우산동),,35.15619681,126.8119548,,광주광역시 광산구청,062-944-3921,2025-12-19,3630000,광주광역시 광산구
고내상경로당,광주광역시,광산구,광주광역시 광산구 송도로284번길 32 (송정동),,35.13829194,126.8016167,,광주광역시 광산구청,062-942-5731,2025-12-19,3630000,광주광역시 광산구
송운경로당,광주광역시,광산구,광주광역시 광산구 어등대로577번길 42-4 (운수동),,35.15468311,126.7856527,,광주광역시 광산구청,062-942-1480,2025-12-19,3630000,광주광역시 광산구
상전경로당,광주광역시,광산구,광주광역시 광산구 용보로 14 (송정동),,35.137081,126.8004285,,광주광역시 광산구청,062-942-5811,2025-12-19,3630000,광주광역시 광산구
월곡공원경로당,광주광역시,광산구,광주광역시 광산구 월곡반월로16번길 25-14 (월곡동),,35.16753211,126.8144718,,광주광역시 광산구청,062-952-2272,2025-12-19,3630000,광주광역시 광산구
월봉경로당,광주광역시,광산구,광주광역시 광산구 월봉반월길 140 (산월동),,35.1996855,126.8481097,,광주광역시 광산구청,062-955-7049,2025-12-19,3630000,광주광역시 광산구
남동경로당,광주광역시,광산구,광주광역시 광산구 서도산길50번길 11-3 (도산동),,35.12799082,126.7873672,,광주광역시 광산구청,062-943-1567,2025-12-19,3630000,광주광역시 광산구
진곡경로당,광주광역시,광산구,광주광역시 광산구 진곡안길 6 (진곡동),,35.21014709,126.7900536,,광주광역시 광산구청,062-952-8551,2025-12-19,3630000,광주광역시 광산구
신기경로당,광주광역시,광산구,광주광역시 광산구 신흥신기길 23 (신촌동),,35.14482313,126.8036175,,광주광역시 광산구청,062-941-6794,2025-12-19,3630000,광주광역시 광산구
월곡중앙경로당,광주광역시,광산구,광주광역시 광산구 월곡중앙로 15 (월곡동),,35.16777696,126.8107112,,광주광역시 광산구청,062-952-0388,2025-12-19,3630000,광주광역시 광산구
첨단월계경로당,광주광역시,광산구,"광주광역시 광산구 산월로21번길 42, 1층(월계동)",,35.21089807,126.8398045,,광주광역시 광산구청,,2025-12-19,3630000,광주광역시 광산구
고엽제직능단체경로당,광주광역시,광산구,광주광역시 광산구 사암로171번길 70 (우산동),,35.16015156,126.8040154,,광주광역시 광산구청,062-945-0344,2025-12-19,3630000,광주광역시 광산구
왕동경로당,광주광역시,광산구,광주광역시 광산구 원당길 128(왕동),,35.20397543,126.711975,,광주광역시 광산구청,,2025-12-19,3630000,광주광역시 광산구
용산경로당,광주광역시,광산구,광주광역시 광산구 본량용강길 10 (산수동),,35.19169166,126.7460573,,광주광역시 광산구청,,2025-12-19,3630000,광주광역시 광산구
탑동경로당,광주광역시,광산구,광주광역시 광산구 탑동길 75 (지산동),,35.186635,126.7323364,,광주광역시 광산구청,062-944-3660,2025-12-19,3630000,광주광역시 광산구
하흑석경로당,광주광역시,광산구,광주광역시 광산구 하흑석길 16 (선동),,35.197842,126.7481134,,광주광역시 광산구청,062-943-9989,2025-12-19,3630000,광주광역시 광산구
송림경로당,광주광역시,광산구,광주광역시 광산구 송림길 110 (송치동),,35.18781867,126.7286166,,광주광역시 광산구청,062-944-0447,2025-12-19,3630000,광주광역시 광산구
공약국,경상북도,안동시,경상북도 안동시 경동로 867,,36.5595261,128.7513805,,공약국,054-822-0077,2025-11-01,5070000,경상북도 안동시
킴스약국,경상북도,안동시,경상북도 안동시 태사2길 56,,36.56750643,128.7318393,,킴스약국,054-853-0908,2025-11-01,5070000,경상북도 안동시
힐링약국,경상북도,안동시,경상북도 안동시 제비원로 160,,36.56655414,128.7210157,,힐링약국,054-853-3375,2025-11-01,5070000,경상북도 안동시
수창약국,경상북도,안동시,경상북도 안동시 풍산읍 풍산중앙길 120,,36.57896331,128.5737237,,수창약국,054-858-7049,2025-11-01,5070000,경상북도 안동시
비손약국,경상북도,안동시,경상북도 안동시 경북대로 486,,36.57153251,128.6977218,,비손약국,054-853-3997,2025-11-01,5070000,경상북도 안동시
안동강남약국,경상북도,안동시,경상북도 안동시 앙실로 1,,36.54804554,128.7010175,,안동강남약국,054-854-9400,2025-11-01,5070000,경상북도 안동시
동화약국,경상북도,안동시,경상북도 안동시 경동로 617,,36.56363507,128.7253231,,동화약국,054-841-9915,2025-11-01,5070000,경상북도 안동시
한솔약국,경상북도,안동시,경상북도 안동시 퇴계로 75,,36.56578988,128.7266504,,한솔약국,054-854-1324,2025-11-01,5070000,경상북도 안동시
소망약국,경상북도,안동시,경상북도 안동시 광명로 170,,36.56266725,128.7018648,,소망약국,054-855-3369,2025-11-01,5070000,경상북도 안동시
365약국,경상북도,안동시,경상북도 안동시 경북대로 385,,36.56381325,128.7016183,,365약국,054-858-8896,2025-11-01,5070000,경상북도 안동시
명성약국,경상북도,안동시,경상북도 안동시 금곡길 11,,36.56733259,128.721939,,명성약국,054-854-0998,2025-11-01,5070000,경상북도 안동시
라라약국,경상북도,안동시,경상북도 안동시 서동문로 7,,36.56641577,128.7125682,,라라약국,054-859-3335,2025-11-01,5070000,경상북도 안동시
금성약국,경상북도,안동시,경상북도 안동시 대안로 177,,36.5642728688,128.7322449,,금성약국,054-841-4356,2025-11-01,5070000,경상북도 안동시
금빛약국,경상북도,안동시,경상북도 안동시 경동로 847,,36.56103118,128.7499428,,금빛약국,054-822-8989,2025-11-01,5070000,경상북도 안동시
정하우리약국,경상북도,안동시,경상북도 안동시 강남1길 69,,36.55014398,128.7326694,,정하우리약국,054-841-6999,2025-11-01,5070000,경상북도 안동시
곡성군보건의료원,전라남도,곡성군,전라남도 곡성군 곡성읍 곡성로 854,전라남도 곡성군 곡성읍 읍내리 220,35.2788929,127.2969751,곡성군보건의료원 1층,,061-360-8972,2024-08-13,4860000,전라남도 곡성군
예림경로당,광주광역시,광산구,광주광역시 광산구 본량예림길 26-12 (명도동),,35.17041864,126.6953551,,광주광역시 광산구청,062-944-0027,2025-12-19,3630000,광주광역시 광산구
감동경로당,광주광역시,광산구,광주광역시 광산구 감동길 143-22 (산수동),,35.18496502,126.7408547,,광주광역시 광산구청,062-944-6689,2025-12-19,3630000,광주광역시 광산구
풍숙경로당,광주광역시,광산구,광주광역시 광산구 풍숙길 75-1 (남산동),,35.17170615,126.7265646,,광주광역시 광산구청,062-943-6676,2025-12-19,3630000,광주광역시 광산구
신당경로당,광주광역시,광산구,광주광역시 광산구 탑동길 7-3 (송치동),,35.1850826,126.7341379,,광주광역시 광산구청,062-943-0308,2025-12-19,3630000,광주광역시 광산구
동산경로당,광주광역시,광산구,광주광역시 광산구 본량동산길 106 (동림동),,35.20795942,126.6941926,,광주광역시 광산구청,062-943-0708,2025-12-19,3630000,광주광역시 광산구
석계경로당,광주광역시,광산구,광주광역시 광산구 본량석계길 56 (송치동),,35.18625935,126.7264198,,광주광역시 광산구청,062-943-5232,2025-12-19,3630000,광주광역시 광산구
입석경로당,광주광역시,광산구,광주광역시 광산구 본량입석길 238 (산수동),,35.18296078,126.748252,,광주광역시 광산구청,062-943-5086,2025-12-19,3630000,광주광역시 광산구
서울약국,경상북도,안동시,경상북도 안동시 옥서1길 81,,36.56082503,128.6932797,,서울약국,054-856-8118,2025-11-01,5070000,경상북도 안동시
안동중앙약국,경상북도,안동시,경상북도 안동시 앙실로 15,,36.5471424,128.6998142,,안동중앙약국,054-852-1199,2025-11-01,5070000,경상북도 안동시
복약국,경상북도,안동시,경상북도 안동시 경북대로 171,,36.54728573,128.7014909,,복약국,054-858-0011,2025-11-01,5070000,경상북도 안동시
샘물약국,경상북도,안동시,경상북도 안동시 광명로 124,,36.55942351,128.6986963,,샘물약국,054-841-0153,2025-11-01,5070000,경상북도 안동시
풍천중앙약국,경상북도,안동시,경상북도 안동시 풍천면 지풍로 1653,,36.56365988,128.5230687,,풍천중앙약국,054-853-9950,2025-11-01,5070000,경상북도 안동시
웅부약국,경상북도,안동시,경상북도 안동시 중앙로 62,,36.56492898,128.7333008,,웅부약국,054-852-8578,2025-11-01,5070000,경상북도 안동시
안마보건진료소,전라남도,영광군,전라남도 영광군 낙월면 안마길1길 22,,35.34431461,126.0249238,민원실,전라남도 영광군청,061-352-3266,2025-09-24,4970000,전라남도 영광군
송이보건진료소,전라남도,영광군,전라남도 영광군 낙월면 송이길 43,,35.27633038,126.150943,민원실,전라남도 영광군청,061-353-0687,2025-09-24,4970000,전라남도 영광군
월산보건진료소,전라남도,영광군,전라남도 영광군 법성면 용성월산로 504,,35.3443452895,126.5082685768,민원실,전라남도 영광군청,061-350-5845,2025-09-24,4970000,전라남도 영광군
야월보건진료소,전라남도,영광군,전라남도 영광군 염산면 칠산로 548-1,,35.2266616132,126.3261911861,민원실,전라남도 영광군청,061-350-5844,2025-09-24,4970000,전라남도 영광군
덕산보건진료소,전라남도,영광군,전라남도 영광군 군서면 삼산로 306,,35.2649310736,126.4369267355,민원실,전라남도 영광군청,061-350-5842,2025-09-24,4970000,전라남도 영광군
반안보건진료소,전라남도,영광군,전라남도 영광군 군남면 봉덕로7길 10,,35.25118796,126.4052015,민원실,전라남도 영광군청,061-350-5843,2025-09-24,4970000,전라남도 영광군
모악보건진료소,전라남도,영광군,전라남도 영광군 불갑면 불갑사로2길 3-2,,35.210100,126.5335173719,민원실,전라남도 영광군청,061-350-5841,2025-09-24,4970000,전라남도 영광군
삼효보건진료소,전라남도,영광군,전라남도 영광군 묘량면 동삼로 319,,35.2720737836,126.5734646266,민원실,전라남도 영광군청,061-350-5520,2025-09-24,4970000,전라남도 영광군
동부보건진료소,전라남도,영광군,전라남도 영광군 대마면 영장로10길 86,,35.3166530783,126.602151387,민원실,전라남도 영광군청,061-350-5519,2025-09-24,4970000,전라남도 영광군
가곡보건진료소,전라남도,영광군,전라남도 영광군 홍농읍 샘목로 602,,35.4024642,126.4747368287,민원실,전라남도 영광군청,061-350-5463,2025-09-24,4970000,전라남도 영광군
대신보건진료소,전라남도,영광군,전라남도 영광군 백수읍 대신길1길 1,,35.3447622807,126.3913650318,민원실,전라남도 영광군청,061-350-5498,2025-09-24,4970000,전라남도 영광군
논산보건진료소,전라남도,영광군,전라남도 영광군 군서면 성지로 864,,35.2938778293,126.4516599233,민원실,전라남도 영광군청,061-350-5497,2025-09-24,4970000,전라남도 영광군
하사보건진료소,전라남도,영광군,전라남도 영광군 백수읍 하사길3길 17,,35.2600967839,126.356852869,민원실,전라남도 영광군청,061-350-5495,2025-09-24,4970000,전라남도 영광군
낙월보건지소,전라남도,영광군,전라남도 영광군 낙월면 낙월길 42-2,,35.20245391,126.140058,민원실,전라남도 영광군청,061-350-5677,2025-09-24,4970000,전라남도 영광군
염산보건지소,전라남도,영광군,전라남도 영광군 염산면 칠산로 74,,35.217527,126.371638,민원실,전라남도 영광군청,061-350-5470,2025-09-24,4970000,전라남도 영광군
군서보건지소,전라남도,영광군,전라남도 영광군 군서면 군서로2길 64,,35.2579907,126.475067,민원실,전라남도 영광군청,061-350-5675,2025-09-24,4970000,전라남도 영광군
군남보건지소,전라남도,영광군,전라남도 영광군 군남면 군불로 34,,35.240330967,126.4491123941,민원실,전라남도 영광군청,061-350-4765,2025-09-24,4970000,전라남도 영광군
불갑보건지소,전라남도,영광군,전라남도 영광군 불갑면 함영로4길 12,,35.207196,126.507238,민원실,전라남도 영광군청,061-350-5674,2025-09-24,4970000,전라남도 영광군
묘량보건지소,전라남도,영광군,전라남도 영광군 묘량면 밀재로 3길 58-14,,35.23000947,126.5346224,민원실,전라남도 영광군청,061-350-5673,2025-09-24,4970000,전라남도 영광군
대마보건지소,전라남도,영광군,전라남도 영광군 대마면 동삼로 706-1,,35.301591,126.580272,민원실,전라남도 영광군청,061-350-5672,2025-09-24,4970000,전라남도 영광군
백수보건지소,전라남도,영광군,전라남도 영광군 백수읍 백수로 11길 16,,35.28112581,126.4209905,민원실,전라남도 영광군청,061-350-5671,2025-09-24,4970000,전라남도 영광군
영광군보건소,전라남도,영광군,전라남도 영광군 영광읍 신남로 4길 17,,35.27468126,126.5041637,민원실,전라남도 영광군청,061-350-5552,2025-09-24,4970000,전라남도 영광군
학동경로당,광주광역시,광산구,광주광역시 광산구 금동학동길 101-3(덕림동),,35.19153707,126.6653776,,광주광역시 광산구청,062-944-3656,2025-12-19,3630000,광주광역시 광산구
신흥경로당,광주광역시,광산구,광주광역시 광산구 본량신흥길 82 (남산동),,35.18260515,126.7211138,,광주광역시 광산구청,062-943-0087,2025-12-19,3630000,광주광역시 광산구
지동경로당,광주광역시,광산구,광주광역시 광산구 본량지동길 72 (지산동),,35.19089168,126.7392153,,광주광역시 광산구청,062-943-4333,2025-12-19,3630000,광주광역시 광산구
금치경로당,광주광역시,광산구,광주광역시 광산구 금치길 26(송치동),,35.18330559,126.7314827,,광주광역시 광산구청,062-943-9722,2025-12-19,3630000,광주광역시 광산구
황산경로당,광주광역시,광산구,광주광역시 광산구 본량황산길 56 (북산동),,35.17971832,126.7160007,,광주광역시 광산구청,062-943-9615,2025-12-19,3630000,광주광역시 광산구
선동경로당,광주광역시,광산구,광주광역시 광산구 맥동길 66 (선동),,35.20173231,126.7536272,,광주광역시 광산구청,062-944-1363,2025-12-19,3630000,광주광역시 광산구
양도면보건지소,인천광역시,강화군,인천광역시 강화군 양도면 강화남로 708-2,인천광역시 강화군 양도면 하일리 188,37.66288936,126.4221118,지소내,인천광역시 강화군청,032-937-2104,2025-11-20,3570000,인천광역시 강화군
신세계약국,인천광역시,강화군,인천광역시 강화군 강화읍 중앙로 23,인천광역시 강화군 강화읍 남산리 37-3,37.74101064,126.491055,약국내,인천광역시 강화군청,032-934-5424,2025-11-20,3570000,인천광역시 강화군
신삼보건진료소,인천광역시,강화군,인천광역시 강화군 하점면 고려산로 506-2,인천광역시 강화군 하점면 신삼리 787-3,37.75223003,126.3942185,진료소내,인천광역시 강화군청,032-933-1193,2025-11-20,3570000,인천광역시 강화군
송해면보건지소,인천광역시,강화군,인천광역시 강화군 송해면 전망대로 29,인천광역시 강화군 송해면 솔정리 357-2,37.76465305,126.4630361,지소내,인천광역시 강화군청,032-930-3546,2025-11-20,3570000,인천광역시 강화군
선원면보건지소,인천광역시,강화군,인천광역시 강화군 선원면 대문고개로 22,인천광역시 강화군 선원면 금월리 235-1,37.71355037,126.4848279,지소내,인천광역시 강화군청,032-933-4966,2025-11-20,3570000,인천광역시 강화군
서울약국,인천광역시,강화군,"인천광역시 강화군 강화읍 강화대로404번길 4, 서울약국",인천광역시 강화군 강화읍 관청리 175-6,37.74626709,126.4868119,약국내,인천광역시 강화군청,032-933-2280,2025-11-20,3570000,인천광역시 강화군
서검보건진료소,인천광역시,강화군,인천광역시 강화군 삼산면 서검길 166-3,인천광역시 강화군 삼산면 서검리 73-1,37.71937658,126.233360,진료소내,인천광역시 강화군청,032-932-3928,2025-11-20,3570000,인천광역시 강화군
상용보건진료소,인천광역시,강화군,인천광역시 강화군 교동면 교동동로 208-3,인천광역시 강화군 교동면 상용리 12,37.7958517,126.3078508,진료소내,인천광역시 강화군청,032-932-4381,2025-11-20,3570000,인천광역시 강화군
삼선보건진료소,인천광역시,강화군,인천광역시 강화군 교동면 교동북로 222-1,인천광역시 강화군 교동면 삼선리 450-7,37.79610791,126.2615798,진료소내,인천광역시 강화군청,032-932-4808,2025-11-20,3570000,인천광역시 강화군
삼산면보건지소,인천광역시,강화군,인천광역시 강화군 삼산면 삼산북로 439,인천광역시 강화군 삼산면 석모리 161-6,37.70273289,126.3236724,지소내,인천광역시 강화군청,032-932-3020,2025-11-20,3570000,인천광역시 강화군
불은면보건지소,인천광역시,강화군,인천광역시 강화군 불은면 강화동로 562-3,인천광역시 강화군 불은면 두운리 252,37.68646904,126.4798801,지소내,인천광역시 강화군청,032-937-4339,2025-11-20,3570000,인천광역시 강화군
부흥생명약국,인천광역시,강화군,인천광역시 강화군 내가면 강화서로 223,인천광역시 강화군 내가면 고천리 914-5,37.7166712,126.3908232,약국내,인천광역시 강화군청,032-932-5918,2025-11-20,3570000,인천광역시 강화군
볼음도보건지소,인천광역시,강화군,"인천광역시 강화군 서도면 볼음도길 174, 볼음보건지소",인천광역시 강화군 서도면 볼음도리 287-4,37.67011218,126.198084,지소내,인천광역시 강화군청,032-932-7104,2025-11-20,3570000,인천광역시 강화군
메디팜조은약국,인천광역시,강화군,"인천광역시 강화군 강화읍 중앙로 45, 정우빌딩",인천광역시 강화군 강화읍 남산리 242-4,37.73936437,126.4896305,약국내,인천광역시 강화군청,032-933-9422,2025-11-20,3570000,인천광역시 강화군
매음보건진료소,인천광역시,강화군,인천광역시 강화군 삼산면 어류정길 36,인천광역시 강화군 삼산면 매음리 361-1,37.66415988,126.3488347,진료소내,인천광역시 강화군청,032-932-3564,2025-11-20,3570000,인천광역시 강화군
내가면보건지소,인천광역시,강화군,인천광역시 강화군 내가면 강화서로 249,인천광역시 강화군 내가면 고천리 797-1,37.71934284,126.3898168,지소내,인천광역시 강화군청,032-932-6015,2025-11-20,3570000,인천광역시 강화군
남산약국,인천광역시,강화군,"인천광역시 강화군 강화읍 충렬사로 24, 1층",인천광역시 강화군 강화읍 남산리 325-4,37.73720464,126.4858079,약국내,인천광역시 강화군청,032-934-5670,2025-11-20,3570000,인천광역시 강화군
난정보건진료소,인천광역시,강화군,인천광역시 강화군 교동면 교동서로378번길 56-28,인천광역시 강화군 교동면 난정리 1272-7,37.7710916,126.2380761,진료소내,인천광역시 강화군청,032-934-7807,2025-11-20,3570000,인천광역시 강화군
길상면보건지소,인천광역시,강화군,인천광역시 강화군 길상면 강화동로 15-1,인천광역시 강화군 길상면 온수리 502-3,37.64048199,126.4912409,지소내,인천광역시 강화군청,032-937-0212,2025-11-20,3570000,인천광역시 강화군
교동면보건지소,인천광역시,강화군,인천광역시 강화군 교동면 교동동로 485-13,인천광역시 강화군 교동면 대룡리 11-43,37.78446054,126.2832345,지소내,인천광역시 강화군청,032-930-3547,2025-11-20,3570000,인천광역시 강화군
건평보건진료소,인천광역시,강화군,인천광역시 강화군 양도면 건평로155번길 41,인천광역시 강화군 양도면 건평리 272-1,37.68057956,126.4061258,진료소내,인천광역시 강화군청,032-937-1510,2025-11-20,3570000,인천광역시 강화군
강화종로약국,인천광역시,강화군,"인천광역시 강화군 강화읍 강화대로 387, 이레빌딩",인천광역시 강화군 강화읍 신문리 5-6,37.74496669,126.487442,약국내,인천광역시 강화군청,032-932-0497,2025-11-20,3570000,인천광역시 강화군
강화약국,인천광역시,강화군,인천광역시 강화군 강화읍 중앙로 43,인천광역시 강화군 강화읍 남산리 222,37.73977668,126.4904067,약국내,인천광역시 강화군청,032-934-5550,2025-11-20,3570000,인천광역시 강화군
강화군보건소,인천광역시,강화군,인천광역시 강화군 강화읍 충렬사로 26-1,인천광역시 강화군 강화읍 남산리 324-1,37.73723039,126.4847095,보건소내1층,인천광역시 강화군청,032-930-4083,2025-11-20,3570000,인천광역시 강화군
본촌경로당,광주광역시,광산구,광주광역시 광산구 본량본촌안길 11 (동호동),,35.18138717,126.6906113,,광주광역시 광산구청,062-943-4544,2025-12-19,3630000,광주광역시 광산구
강정경로당,광주광역시,광산구,광주광역시 광산구 본량남동길 13 (동호동),,35.1801244,126.6828132,,광주광역시 광산구청,062-943-2274,2025-12-19,3630000,광주광역시 광산구
북성경로당,광주광역시,광산구,광주광역시 광산구 용진로 209 (북산동),,35.17629595,126.7114535,,광주광역시 광산구청,062-943-2625,2025-12-19,3630000,광주광역시 광산구
평림경로당,광주광역시,광산구,광주광역시 광산구 본동로 94 (명도동),,35.16778323,126.6905067,,광주광역시 광산구청,062-944-1595,2025-12-19,3630000,광주광역시 광산구
양산경로당,광주광역시,광산구,광주광역시 광산구 본량신평길 112-6 (양산동),,35.19928477,126.6835035,,광주광역시 광산구청,062-943-0888,2025-12-19,3630000,광주광역시 광산구
명도경로당,광주광역시,광산구,광주광역시 광산구 가마길 17 (명도동),,35.17129465,126.7011728,,광주광역시 광산구청,062-943-0545,2025-12-19,3630000,광주광역시 광산구
동림경로당,광주광역시,광산구,광주광역시 광산구 본량작림길 26 (동림동),,35.21182263,126.6876416,,광주광역시 광산구청,062-943-0473,2025-12-19,3630000,광주광역시 광산구
황계경로당,광주광역시,광산구,광주광역시 광산구 본량황계길 173 (송치동),,35.17546571,126.736659,,광주광역시 광산구청,062-943-3832,2025-12-19,3630000,광주광역시 광산구
본량서부경로당,광주광역시,광산구,광주광역시 광산구 본동로 363-14(동호동),,35.1854179,126.6805685,,광주광역시 광산구청,062-944-2507,2025-12-19,3630000,광주광역시 광산구
동부경로당,광주광역시,광산구,광주광역시 광산구 본량용강길 28-21 (산수동),,35.19027238,126.7469583,,광주광역시 광산구청,062-943-6235,2025-12-19,3630000,광주광역시 광산구
평촌경로당,광주광역시,광산구,광주광역시 광산구 평촌길 110(남산동),,35.18128991,126.7289412,,광주광역시 광산구청,062-943-9760,2025-12-19,3630000,광주광역시 광산구
망월경로당,광주광역시,광산구,광주광역시 광산구 쌍내길 10 (내산동),,35.13597852,126.6633599,,광주광역시 광산구청,,2025-12-19,3630000,광주광역시 광산구
쌍내경로당,광주광역시,광산구,광주광역시 광산구 쌍내길 160 (내산동),,35.12997717,126.6607666,,광주광역시 광산구청,,2025-12-19,3630000,광주광역시 광산구
서복.내기경로당,광주광역시,광산구,광주광역시 광산구 신동산길 125 (신동),,35.11097751,126.6986039,,광주광역시 광산구청,,2025-12-19,3630000,광주광역시 광산구
광암복림경로당,광주광역시,광산구,광주광역시 광산구 삼도광암길 26 (오운동),,35.14724712,126.6892786,,광주광역시 광산구청,062-943-2252,2025-12-19,3630000,광주광역시 광산구
양촌경로당,광주광역시,광산구,,광주광역시 광산구 오운동 567-2 (오운동),35.1566978,126.6927251,,광주광역시 광산구청,062-943-4242,2025-12-19,3630000,광주광역시 광산구
세동경로당,광주광역시,광산구,광주광역시 광산구 삼도세동길 40-1 (송산동),,35.16169485,126.716391,,광주광역시 광산구청,062-943-0028,2025-12-19,3630000,광주광역시 광산구
대봉경로당,광주광역시,광산구,광주광역시 광산구 삼도대봉길 28-20 (내산동),,35.14292016,126.6602623,,광주광역시 광산구청,062-943-5432,2025-12-19,3630000,광주광역시 광산구
삼암경로당,광주광역시,광산구,광주광역시 광산구 삼암길 23-2 (삼거동),,35.16372792,126.679538,,광주광역시 광산구청,062-943-0355,2025-12-19,3630000,광주광역시 광산구
우치경로당,광주광역시,광산구,광주광역시 광산구 대산로 76 (대산동),,35.13868793,126.6673153,,광주광역시 광산구청,062-943-9447,2025-12-19,3630000,광주광역시 광산구
도림경로당,광주광역시,광산구,광주광역시 광산구 용진로 51 (도덕동),,35.16721683,126.7006613,,광주광역시 광산구청,062-943-0321,2025-12-19,3630000,광주광역시 광산구
삼도지동경로당,광주광역시,광산구,광주광역시 광산구 삼도지동길 15 (도덕동),,35.15892328,126.7083461,,광주광역시 광산구청,062-944-0660,2025-12-19,3630000,광주광역시 광산구
양동경로당,광주광역시,광산구,광주광역시 광산구 마암길 9 (양동),,35.15104713,126.6630637,,광주광역시 광산구청,062-943-1877,2025-12-19,3630000,광주광역시 광산구
봉정경로당,광주광역시,광산구,광주광역시 광산구 삼도봉정길 6 (도덕동),,35.16316501,126.6934662,,광주광역시 광산구청,062-943-7880,2025-12-19,3630000,광주광역시 광산구
칠성경로당,광주광역시,광산구,광주광역시 광산구 노안삼도로1296-18,,35.15366614,126.6756952,,광주광역시 광산구청,062-944-9711,2025-12-19,3630000,광주광역시 광산구
송계경로당,광주광역시,광산구,광주광역시 광산구 삼도송계길 100 (송학동),,35.10700557,126.6778929,,광주광역시 광산구청,062-943-7790,2025-12-19,3630000,광주광역시 광산구
신동경로당,광주광역시,광산구,광주광역시 광산구 신동산길 134 (신동),,35.11088322,126.6996543,,광주광역시 광산구청,062-943-1086,2025-12-19,3630000,광주광역시 광산구
가산경로당,광주광역시,광산구,광주광역시 광산구 삼도가산길 10 (대산동),,35.13008114,126.6781687,,광주광역시 광산구청,062-943-3315,2025-12-19,3630000,광주광역시 광산구
가삼경로당,광주광역시,광산구,광주광역시 광산구 가삼길 57 (지평동),,35.15496079,126.7198257,,광주광역시 광산구청,062-944-3779,2025-12-19,3630000,광주광역시 광산구
지정경로당,광주광역시,광산구,광주광역시 광산구 삼도지정길 23 (지평동),,35.1576715,126.7168684,,광주광역시 광산구청,062-943-1595,2025-12-19,3630000,광주광역시 광산구
죽산경로당,광주광역시,광산구,광주광역시 광산구 삼도죽산길 50 (송산동),,35.16740433,126.7277173,,광주광역시 광산구청,062-943-9459,2025-12-19,3630000,광주광역시 광산구
지평경로당,광주광역시,광산구,광주광역시 광산구 운평길 20 (지평동),,35.15163111,126.7320712,,광주광역시 광산구청,062-944-6475,2025-12-19,3630000,광주광역시 광산구
제일약국,경상남도,하동군,경상남도 하동군 하동읍 경서대로 191,경상남도 하동군 하동읍 읍내리 122-1,35.0711847782,127.7532894868,,,055-880-6784?,2024-08-14,5440000,경상남도 하동군
송학경로당,광주광역시,광산구,광주광역시 광산구 국룡길 130 (송학동),,35.11846798,126.6794105,,광주광역시 광산구청,062-943-1239,2025-12-19,3630000,광주광역시 광산구
회룡경로당,광주광역시,광산구,광주광역시 광산구 삼도회룡길 50-1 (삼도동),,35.12161978,126.6957485,,광주광역시 광산구청,062-943-2250,2025-12-19,3630000,광주광역시 광산구
송산경로당,광주광역시,광산구,광주광역시 광산구 내동송동길 11 (송산동),,35.16156136,126.7181691,,광주광역시 광산구청,062-943-0006,2025-12-19,3630000,광주광역시 광산구
삼도경로당,광주광역시,광산구,광주광역시 광산구 여남길 31-8 (도덕동),,35.1638079,126.6984787,,광주광역시 광산구청,062-943-7373,2025-12-19,3630000,광주광역시 광산구
대월경로당,광주광역시,광산구,광주광역시 광산구 평동월곡길 12-1,,35.11512737,126.7122527,,광주광역시 광산구청,062-944-6768,2025-12-19,3630000,광주광역시 광산구
신용동경로당,광주광역시,광산구,광주광역시 광산구 평동산단외로 20-5 (용동),,35.13059212,126.7512693,,광주광역시 광산구청,062-944-5944,2025-12-19,3630000,광주광역시 광산구
두산경로당,광주광역시,광산구,광주광역시 광산구 평동두산길 47 (연산동),,35.10859746,126.7594606,,광주광역시 광산구청,062-943-3437,2025-12-19,3630000,광주광역시 광산구
학연경로당,광주광역시,광산구,광주광역시 광산구 신동산길 215 (동산동),,35.11360957,126.7070575,,광주광역시 광산구청,062-943-0360,2025-12-19,3630000,광주광역시 광산구
춘전경로당,광주광역시,광산구,광주광역시 광산구 평동춘전길 20 (월전동),,35.11842403,126.7794036,,광주광역시 광산구청,062-942-2206,2025-12-19,3630000,광주광역시 광산구
영천경로당,광주광역시,광산구,광주광역시 광산구 평동영천안길 5-1 (지죽동),,35.13919199,126.7546672,,광주광역시 광산구청,062-943-6446,2025-12-19,3630000,광주광역시 광산구
용동경로당,광주광역시,광산구,광주광역시 광산구 용동길 25 (용동),,35.13496463,126.7507432,,광주광역시 광산구청,062-943-2532,2025-12-19,3630000,광주광역시 광산구
옥동경로당,광주광역시,광산구,광주광역시 광산구 평동로766번길 36 (옥동),,35.12439044,126.7571164,,광주광역시 광산구청,062-943-2366,2025-12-19,3630000,광주광역시 광산구
송촌경로당,광주광역시,광산구,광주광역시 광산구 송촌길37번길 26-24 (송촌동),,35.13873353,126.7789627,,광주광역시 광산구청,062-944-8229,2025-12-19,3630000,광주광역시 광산구
용곡경로당,광주광역시,광산구,광주광역시 광산구 용곡길 7-11 (용곡동),,35.12572304,126.7456134,,광주광역시 광산구청,062-943-4811,2025-12-19,3630000,광주광역시 광산구
연산경로당,광주광역시,광산구,광주광역시 광산구 평동금곡길 2 (연산동),,35.11495839,126.749011,,광주광역시 광산구청,062-943-5558,2025-12-19,3630000,광주광역시 광산구
기곡경로당,광주광역시,광산구,광주광역시 광산구 기곡길 114 (용곡동),,35.13055131,126.7411205,,광주광역시 광산구청,062-944-4707,2025-12-19,3630000,광주광역시 광산구
봉정경로당,광주광역시,광산구,광주광역시 광산구 평동봉정길 274-14 (지정동),,35.13499486,126.7220438,,광주광역시 광산구청,062-943-0648,2025-12-19,3630000,광주광역시 광산구
명화경로당,광주광역시,광산구,광주광역시 광산구 명화안길 22-1 (명화동),,35.12459226,126.723068,,광주광역시 광산구청,062-943-1242,2025-12-19,3630000,광주광역시 광산구
평지경로당,광주광역시,광산구,광주광역시 광산구 명화평지길 245 (지정동),,35.13072015,126.7154741,,광주광역시 광산구청,062-944-6229,2025-12-19,3630000,광주광역시 광산구
지죽경로당,광주광역시,광산구,광주광역시 광산구 지로길 14 (지죽동),,35.14152212,126.7649121,,광주광역시 광산구청,062-944-5560,2025-12-19,3630000,광주광역시 광산구
동산경로당,광주광역시,광산구,광주광역시 광산구 동산길 87-1 (동산동),,35.11442656,126.721864,,광주광역시 광산구청,062-943-0708,2025-12-19,3630000,광주광역시 광산구
장록경로당,광주광역시,광산구,광주광역시 광산구 장록길 5 (장록동),,35.13443031,126.780535,,광주광역시 광산구청,062-942-9482,2025-12-19,3630000,광주광역시 광산구
옥연경로당,광주광역시,광산구,광주광역시 광산구 평동로735번길 23 (옥동),,35.12684917,126.7541148,,광주광역시 광산구청,062-943-3490,2025-12-19,3630000,광주광역시 광산구
마곡경로당,광주광역시,광산구,광주광역시 광산구 마곡길 11 (본덕동),,35.08362729,126.7852556,,광주광역시 광산구청,,2025-12-19,3630000,광주광역시 광산구
관두경로당,광주광역시,광산구,광주광역시 광산구 관두길 20-1 (복룡동),,35.10192262,126.7821754,,광주광역시 광산구청,062-946-1284,2025-12-19,3630000,광주광역시 광산구
송정경로당,광주광역시,광산구,광주광역시 광산구 동곡송정길 64 (송대동),,35.10309917,126.7929234,,광주광역시 광산구청,062-943-9798,2025-12-19,3630000,광주광역시 광산구
복호경로당,광주광역시,광산구,광주광역시 광산구 복호길 28-1 (송대동),,35.10732601,126.7887298,,광주광역시 광산구청,062-943-2864,2025-12-19,3630000,광주광역시 광산구
하선경로당,광주광역시,광산구,광주광역시 광산구 동곡하선길 59 (요기동),,35.11275574,126.7778904,,광주광역시 광산구청,062-944-3426,2025-12-19,3630000,광주광역시 광산구
상선경로당,광주광역시,광산구,광주광역시 광산구 동곡상선길 54-7 (복룡동),,35.11798948,126.7817907,,광주광역시 광산구청,062-944-9070,2025-12-19,3630000,광주광역시 광산구
팽호경로당,광주광역시,광산구,광주광역시 광산구 팽호길 127-3 (복룡동),,35.10835367,126.7854042,,광주광역시 광산구청,062-943-7137,2025-12-19,3630000,광주광역시 광산구
신기경로당,광주광역시,광산구,광주광역시 광산구 동곡신기길 19 (요기동),,35.11245432,126.7744674,,광주광역시 광산구청,062-944-0096,2025-12-19,3630000,광주광역시 광산구
서호경로당,광주광역시,광산구,,광주광역시 광산구 본덕동 266-1,35.08702564,126.7851123,,광주광역시 광산구청,,2025-12-19,3630000,광주광역시 광산구
조산경로당,광주광역시,광산구,광주광역시 광산구 동곡로185번길 192 (연산동),,35.10769853,126.7618335,,광주광역시 광산구청,062-943-7133,2025-12-19,3630000,광주광역시 광산구
기룡경로당,광주광역시,광산구,광주광역시 광산구 기룡길 63 (하산동),,35.09956725,126.7617559,,광주광역시 광산구청,062-943-0775,2025-12-19,3630000,광주광역시 광산구
침산경로당,광주광역시,광산구,광주광역시 광산구 침산길 3 (하산동),,35.0993371,126.7719112,,광주광역시 광산구청,062-944-1179,2025-12-19,3630000,광주광역시 광산구
본촌경로당,광주광역시,광산구,광주광역시 광산구 동곡본촌길 36 (유계동),,35.09176615,126.7762577,,광주광역시 광산구청,062-943-9577,2025-12-19,3630000,광주광역시 광산구
대촌경로당,광주광역시,광산구,광주광역시 광산구 동곡송정길 64 (송대동),,35.10309917,126.7929234,,광주광역시 광산구청,062-943-0580,2025-12-19,3630000,광주광역시 광산구
용봉경로당,광주광역시,광산구,광주광역시 광산구 용봉길 100 (용봉동),,35.07421402,126.7707772,,광주광역시 광산구청,062-944-8828,2025-12-19,3630000,광주광역시 광산구
유림경로당,광주광역시,광산구,광주광역시 광산구 유림길 36-3 (유계동),,35.10056515,126.788532,,광주광역시 광산구청,062-943-3575,2025-12-19,3630000,광주광역시 광산구
분토경로당,광주광역시,광산구,광주광역시 광산구 동곡분토길 99 (본덕동),,35.08682696,126.7808685,,광주광역시 광산구청,062-943-5855,2025-12-19,3630000,광주광역시 광산구
동곡경로당,광주광역시,광산구,광주광역시 광산구 침산길 5 (하산동),,35.09958212,126.7718315,,광주광역시 광산구청,062-943-0650,2025-12-19,3630000,광주광역시 광산구
비시동경로당,광주광역시,광산구,광주광역시 광산구 임곡로 95-16(두정동),,35.2150819,126.7555729,,광주광역시 광산구청,062-952-6626,2025-12-19,3630000,광주광역시 광산구
벽파정경로당,광주광역시,광산구,광주광역시 광산구 벽파정길 39(고룡동),,35.20501269,126.7674432,,광주광역시 광산구청,,2025-12-19,3630000,광주광역시 광산구
신등.원정경로당,광주광역시,광산구,광주광역시 광산구 박호등임로 594(등임동),,35.19413425,126.7696899,,광주광역시 광산구청,,2025-12-19,3630000,광주광역시 광산구
하림경로당,광주광역시,광산구,광주광역시 광산구 하림길 151 (임곡동),,35.22210224,126.7468922,,광주광역시 광산구청,062-952-4671,2025-12-19,3630000,광주광역시 광산구
창암경로당,광주광역시,광산구,광주광역시 광산구 창암길 105 (고룡동),,35.2099835,126.7747576,,광주광역시 광산구청,062-951-9322,2025-12-19,3630000,광주광역시 광산구
신봉정경로당,광주광역시,광산구,광주광역시 광산구 신봉정길 72-9 (산막동),,35.19306711,126.7600174,,광주광역시 광산구청,062-954-0081,2025-12-19,3630000,광주광역시 광산구
상촌.와산경로당,광주광역시,광산구,광주광역시 광산구 임곡상촌길 202-2 (오산동),,35.23262407,126.7292917,,광주광역시 광산구청,062-951-1170,2025-12-19,3630000,광주광역시 광산구
신임곡경로당,광주광역시,광산구,광주광역시 광산구 고봉로 791 (임곡동),,35.21922746,126.7440504,,광주광역시 광산구청,062-951-8103,2025-12-19,3630000,광주광역시 광산구
복영내기경로당,광주광역시,광산구,광주광역시 광산구 임곡내기길 50 (임곡동),,35.21344196,126.744856,,광주광역시 광산구청,062-952-6588,2025-12-19,3630000,광주광역시 광산구
연계경로당,광주광역시,광산구,광주광역시 광산구 임곡연계길 105 (광산동),,35.23095509,126.7347699,,광주광역시 광산구청,062-952-8812,2025-12-19,3630000,광주광역시 광산구
구신임곡경로당,광주광역시,광산구,광주광역시 광산구 고봉로 827-5 (임곡동),,35.22024177,126.7408417,,광주광역시 광산구청,062-952-6474,2025-12-19,3630000,광주광역시 광산구
사호경로당,광주광역시,광산구,광주광역시 광산구 원사호길 78 (사호동),,35.21579712,126.730311,,광주광역시 광산구청,062-952-9452,2025-12-19,3630000,광주광역시 광산구
원임곡경로당,광주광역시,광산구,광주광역시 광산구 원임곡길 33-4 (임곡동),,35.22207811,126.7382573,,광주광역시 광산구청,062-952-3102,2025-12-19,3630000,광주광역시 광산구
원산막경로당,광주광역시,광산구,광주광역시 광산구 원산막길 169 (산막동),,35.19558019,126.7647128,,광주광역시 광산구청,062-953-1532,2025-12-19,3630000,광주광역시 광산구
성내경로당,광주광역시,광산구,광주광역시 광산구 임곡로 30 (임곡동),,35.21771294,126.7494881,,광주광역시 광산구청,062-951-6694,2025-12-19,3630000,광주광역시 광산구
연동경로당,광주광역시,광산구,광주광역시 광산구 임곡연동길 111 (고룡동),,35.20395164,126.7768875,,광주광역시 광산구청,062-952-1578,2025-12-19,3630000,광주광역시 광산구
광곡경로당,광주광역시,광산구,광주광역시 광산구 광곡길 74,,35.23649842,126.742094,,광주광역시 광산구청,062-952-8875,2025-12-19,3630000,광주광역시 광산구
산막경로당,광주광역시,광산구,,광주광역시 광산구 산막동 226-3  (산막동),35.20613865,126.763113,,광주광역시 광산구청,062-951-2766,2025-12-19,3630000,광주광역시 광산구
두정경로당,광주광역시,광산구,광주광역시 광산구 임곡두동길 72 (두정동),,35.21858641,126.7628085,,광주광역시 광산구청,062-952-8990,2025-12-19,3630000,광주광역시 광산구
가정경로당,광주광역시,광산구,광주광역시 광산구 임곡가정길 289 (두정동),,35.22581882,126.7617523,,광주광역시 광산구청,062-951-1528,2025-12-19,3630000,광주광역시 광산구
본촌경로당,광주광역시,광산구,광주광역시 광산구 임곡본촌길 217 (오산동),,35.22409148,126.7241852,,광주광역시 광산구청,062-951-2555,2025-12-19,3630000,광주광역시 광산구
신촌경로당,광주광역시,광산구,광주광역시 광산구 임곡신촌길 29-3 (신룡동),,35.22166255,126.7744239,,광주광역시 광산구청,062-952-3434,2025-12-19,3630000,광주광역시 광산구
등임경로당,광주광역시,광산구,광주광역시 광산구 박호등임로 495 (등임동),,35.18919855,126.7615922,,광주광역시 광산구청,062-953-7105,2025-12-19,3630000,광주광역시 광산구
오룡경로당,광주광역시,광산구,광주광역시 광산구 오룡동길 74 (광산동),,35.25080218,126.7458719,,광주광역시 광산구청,062-952-9682,2025-12-19,3630000,광주광역시 광산구
섬진강약국,경상남도,하동군,경상남도 하동군 하동읍 중앙로 20,경상남도 하동군 하동읍 읍내리 325-14,35.0704207919,127.7503677370,,,055-880-6784?,2024-08-14,5440000,경상남도 하동군
수완숲안애,광주광역시,광산구,광주광역시 광산구 풍영로169번길 16,,35.1867635,126.8135774,,광주광역시 광산구청,062-959-0222,2025-12-19,3630000,광주광역시 광산구
어등산 대광로제비앙 퍼스트뷰,광주광역시,광산구,광주광역시 광산구 용아로 247,,35.16539243,126.800964,,광주광역시 광산구청,062-954-1154,2025-12-19,3630000,광주광역시 광산구
첨단동부,광주광역시,광산구,광주광역시 광산구 첨단중앙로 201,,35.22285456,126.8401467,,광주광역시 광산구청,062-971-4111,2025-12-19,3630000,광주광역시 광산구
수완현진에버빌 1단지,광주광역시,광산구,광주광역시 광산구 장덕로 138,,35.19613893,126.8232527,,광주광역시 광산구청,062-953-1168,2025-12-19,3630000,광주광역시 광산구
첨단라인1차,광주광역시,광산구,광주광역시 광산구 월계로 117-32,,35.21587824,126.8409252,,광주광역시 광산구청,062-971-4462,2025-12-19,3630000,광주광역시 광산구
신창 유탑유블레스 리버뷰,광주광역시,광산구,광주광역시 광산구 장신로 306-37,,35.18885999,126.8445862,,광주광역시 광산구청,062-951-6005,2025-12-19,3630000,광주광역시 광산구
금강,광주광역시,광산구,광주광역시 광산구 송정로 77,,35.13518266,126.7998921,,광주광역시 광산구청,062-945-8588,2025-12-19,3630000,광주광역시 광산구
신안실크밸리,광주광역시,광산구,광주광역시 광산구 풍영로330번길 34,,35.20035096,126.8168363,,광주광역시 광산구청,062-953-0071,2025-12-19,3630000,광주광역시 광산구
수완 대방6차,광주광역시,광산구,광주광역시 광산구 왕버들로132번길 35,,35.19972335,126.8245643,,광주광역시 광산구청,062-955-0926,2025-12-19,3630000,광주광역시 광산구
수완GS자이,광주광역시,광산구,광주광역시 광산구 장덕로95번길 45,,35.19833953,126.8191889,,광주광역시 광산구청,062-953-0051,2025-12-19,3630000,광주광역시 광산구
신창부영 3차,광주광역시,광산구,광주광역시 광산구 신창로161번길 34,,35.19961756,126.838111,,광주광역시 광산구청,062-962-9380,2025-12-19,3630000,광주광역시 광산구
수완 대방노블랜드,광주광역시,광산구,광주광역시 광산구 수등로76번길 40,,35.18333102,126.815908,,광주광역시 광산구청,062-951-0401,2025-12-19,3630000,광주광역시 광산구
어등산대방노블랜드,광주광역시,광산구,광주광역시 광산구 용아로297번길 17,,35.16950493,126.8020098,,광주광역시 광산구청,062-954-1135,2025-12-19,3630000,광주광역시 광산구
수완휴먼시아 4단지,광주광역시,광산구,광주광역시 광산구 풍영로145번길 43,,35.18402798,126.8107862,,광주광역시 광산구청,062-951-0180,2025-12-19,3630000,광주광역시 광산구
첨단부영 3차,광주광역시,광산구,광주광역시 광산구 첨단중앙로68번길 131,,35.21160687,126.8497065,,광주광역시 광산구청,062-974-0082,2025-12-19,3630000,광주광역시 광산구
신창부영5차,광주광역시,광산구,광주광역시 광산구 신창로71번길 16,,35.19351175,126.8364017,,광주광역시 광산구청,062-962-8788,2025-12-19,3630000,광주광역시 광산구
하남2지구부영사랑으로3차,광주광역시,광산구,광주광역시 광산구 하남대로 30,,35.17960712,126.7959151,,광주광역시 광산구청,062-952-6552,2025-12-19,3630000,광주광역시 광산구
수완휴먼시아7단지,광주광역시,광산구,광주광역시 광산구 풍영로329번길 50,,35.20195491,126.8114293,,광주광역시 광산구청,062-954-0577,2025-12-19,3630000,광주광역시 광산구
수완 세영아파트,광주광역시,광산구,광주광역시 광산구 풍영로 294-23,,35.19892811,126.8170261,,광주광역시 광산구청,062-962-8610,2025-12-19,3630000,광주광역시 광산구
하남주공1단지,광주광역시,광산구,광주광역시 광산구 월곡산정로 12,,35.16631715,126.8038702,,광주광역시 광산구청,062-951-6691,2025-12-19,3630000,광주광역시 광산구
어등산 한양수자인 테라스 플러스,광주광역시,광산구,광주광역시 광산구 여대길 340,,35.16770119,126.7923161,,광주광역시 광산구청,062-531-6210,2025-12-19,3630000,광주광역시 광산구
수완코오롱하늘채,광주광역시,광산구,광주광역시 광산구 장덕로137번길 39,,35.19828772,126.8229215,,광주광역시 광산구청,062-959-0991,2025-12-19,3630000,광주광역시 광산구
신가리젠시빌1차,광주광역시,광산구,광주광역시 광산구 수등로 280,,35.18318319,126.839541,,광주광역시 광산구청,062-961-7722,2025-12-19,3630000,광주광역시 광산구
선운희망타운2단지,광주광역시,광산구,광주광역시 광산구 선암로 19,,35.14947426,126.7872346,,광주광역시 광산구청,062-945-2600,2025-12-19,3630000,광주광역시 광산구
대덕7차훼미리아파트,광주광역시,광산구,광주광역시 광산구 산정공원로71번길 18-7 (산정동),,35.17424659,126.8053946,,광주광역시 광산구청,062-951-3025,2025-12-19,3630000,광주광역시 광산구
태양아파트,광주광역시,광산구,광주광역시 광산구 산정공원로71번길 27 (산정동),,35.17377561,126.8052126,,광주광역시 광산구청,062-953-9396,2025-12-19,3630000,광주광역시 광산구
하남2지구다사로움3단지도시형생활주택,광주광역시,광산구,광주광역시 광산구 하남대로54번안길 115,,35.17830417,126.7984222,,광주광역시 광산구청,062-959-7869,2025-12-19,3630000,광주광역시 광산구
아름마을휴먼시아아파트,광주광역시,광산구,광주광역시 광산구 하남대로261번길 11,,35.18052622,126.8200147,,광주광역시 광산구청,062-961-7626,2025-12-19,3630000,광주광역시 광산구
운남주공5단지아파트,광주광역시,광산구,광주광역시 광산구 하남대로 248-10,,35.17906184,126.8188996,,광주광역시 광산구청,062-951-2586,2025-12-19,3630000,광주광역시 광산구
수완양우내안에아파트,광주광역시,광산구,광주광역시 광산구 풍영로330번길 16,,35.2002553,126.8156896,,광주광역시 광산구청,062-959-0283,2025-12-19,3630000,광주광역시 광산구
고실마을휴먼시아아파트,광주광역시,광산구,광주광역시 광산구 풍영로330번길 15,,35.20204144,126.8157011,,광주광역시 광산구청,062-959-3538,2025-12-19,3630000,광주광역시 광산구
수완지구호반베르디움2차아파트,광주광역시,광산구,광주광역시 광산구 풍영로329번길 19,,35.20036283,126.8130994,,광주광역시 광산구청,062-961-1043,2025-12-19,3630000,광주광역시 광산구
메디팜행복약국,경상남도,하동군,경상남도 하동군 하동읍 중앙로 15,경상남도 하동군 하동읍 읍내리 326-2,35.0701547233,127.7508469222,,,055-880-6784?,2024-08-14,5440000,경상남도 하동군
수완중앙온누리약국,광주광역시,광산구,"광주광역시 광산구 수완로 14, 1층 102호 (수완동)",,35.18635006,126.8290426,,광주광역시 광산구청,062-954-9545,2025-12-19,3630000,광주광역시 광산구
온화약국,광주광역시,광산구,"광주광역시 광산구 용아로 390, 1층 (하남동)",,35.17796809,126.8053835,,광주광역시 광산구청,070-8800-3837,2025-12-19,3630000,광주광역시 광산구
튼튼약국,광주광역시,광산구,"광주광역시 광산구 풍영철길로 20-6, 1층 (우산동)",,35.16280245,126.8128526,,광주광역시 광산구청,062-952-8880,2025-12-19,3630000,광주광역시 광산구
영광통약국,광주광역시,광산구,광주광역시 광산구 상무대로 252 (송정동),,35.14101665,126.7944702,,광주광역시 광산구청,0507-1498-560,2025-12-19,3630000,광주광역시 광산구
문화약국,광주광역시,광산구,광주광역시 광산구 첨단중앙로 120 (월계동),,35.21612618,126.8427004,,광주광역시 광산구청,062-973-5223,2025-12-19,3630000,광주광역시 광산구
대건약국,광주광역시,광산구,광주광역시 광산구 무진대로 239 (우산동),,35.16231794,126.8068009,,광주광역시 광산구청,062-962-0077,2025-12-19,3630000,광주광역시 광산구
고래약국,광주광역시,광산구,,광주광역시 광산구 선암동 538,35.14831713,126.7792205,,광주광역시 광산구청,062-366-1730,2025-12-19,3630000,광주광역시 광산구
꿀단지약국,광주광역시,광산구,"광주광역시 광산구 내상로 23, 102호",,35.13970369,126.796206,,광주광역시 광산구청,062-943-5999,2025-12-19,3630000,광주광역시 광산구
케이약국,광주광역시,광산구,"광주광역시 광산구 장신로 144, 101호",,35.1904184,126.8258692,,광주광역시 광산구청,062-953-7535,2025-12-19,3630000,광주광역시 광산구
평동종로약국,광주광역시,광산구,광주광역시 광산구 평동산단로 196-14,,35.12412882,126.7698856,,광주광역시 광산구청,,2025-12-19,3630000,광주광역시 광산구
베스트온누리약국,광주광역시,광산구,"광주광역시 광산구 임방울대로 138, 103호",,35.17341929,126.8180147,,광주광역시 광산구청,062-959-1200,2025-12-19,3630000,광주광역시 광산구
새별약국,광주광역시,광산구,"광주광역시 광산구 풍영로101번안길 1-7, 104호",,35.18022593,126.8111619,,광주광역시 광산구청,062-710-1011,2025-12-19,3630000,광주광역시 광산구
희망약국,광주광역시,광산구,"광주광역시 광산구 왕버들로251번길 27, 상가1동 106호 (신창동, 신창5차호반베르디움)",,35.19762893,126.8353206,,광주광역시 광산구청,062-956-8956,2025-12-19,3630000,광주광역시 광산구
혜림약국,광주광역시,광산구,"광주광역시 광산구 송도로 296, 세화산부인과 1층 (송정동)",,35.13935718,126.8007987,,광주광역시 광산구청,062-942-9720,2025-12-19,3630000,광주광역시 광산구
현대약국,광주광역시,광산구,"광주광역시 광산구 임방울대로 788, 1층 (월계동)",,35.21730203,126.8444744,,광주광역시 광산구청,062-972-3577,2025-12-19,3630000,광주광역시 광산구
행복한약국,광주광역시,광산구,"광주광역시 광산구 첨단중앙로 102, 205호 (월계동, 컨벤션빌딩)",,35.21429806,126.8433285,,광주광역시 광산구청,062-973-4275,2025-12-19,3630000,광주광역시 광산구
한미약국,광주광역시,광산구,광주광역시 광산구 월곡산정로 81 (월곡동),,35.16618271,126.8110449,,광주광역시 광산구청,062-953-6500,2025-12-19,3630000,광주광역시 광산구
한마음약국,광주광역시,광산구,광주광역시 광산구 손재로 1 (산정동),,35.16689944,126.8013909,,광주광역시 광산구청,062-953-0250,2025-12-19,3630000,광주광역시 광산구
한누리약국,광주광역시,광산구,"광주광역시 광산구 하남대로 92, 103호 (하남동)",,35.17996371,126.8036655,,광주광역시 광산구청,062-233-3900,2025-12-19,3630000,광주광역시 광산구
하남종로약국,광주광역시,광산구,광주광역시 광산구 손재로110번길 24 (산정동),,35.17571155,126.7983913,,광주광역시 광산구청,062-952-0567,2025-12-19,3630000,광주광역시 광산구
태평양약국,광주광역시,광산구,광주광역시 광산구 도산로 15 (도산동),,35.12954902,126.7911633,,광주광역시 광산구청,062-942-9415,2025-12-19,3630000,광주광역시 광산구
탑미래약국,광주광역시,광산구,광주광역시 광산구 내상로 7 (송정동),,35.14082843,126.7954163,,광주광역시 광산구청,062-943-7515,2025-12-19,3630000,광주광역시 광산구
탑매일약국,광주광역시,광산구,"광주광역시 광산구 송정로 7, 1층",,35.13717356,126.7925865,,광주광역시 광산구청,062-945-7525,2025-12-19,3630000,광주광역시 광산구
친절한약국,광주광역시,광산구,"광주광역시 광산구 선운중앙로 56, 1층 104호 (선암동)",,35.14784279,126.777994,,광주광역시 광산구청,062-944-7585,2025-12-19,3630000,광주광역시 광산구
첨단종로약국,광주광역시,광산구,광주광역시 광산구 첨단중앙로170번길 51 (쌍암동),,35.22083735,126.8446527,,광주광역시 광산구청,062-972-5882,2025-12-19,3630000,광주광역시 광산구
진달래약국,광주광역시,광산구,"광주광역시 광산구 월곡산정로 12, 107호 (우산동, 하남주공아파트상가)",,35.16631715,126.8038702,,광주광역시 광산구청,062-951-3344,2025-12-19,3630000,광주광역시 광산구
종로당온누리약국,광주광역시,광산구,"광주광역시 광산구 용아로 257, 1층 (산정동)",,35.16623213,126.8014221,,광주광역시 광산구청,062-952-2092,2025-12-19,3630000,광주광역시 광산구
정성약국,광주광역시,광산구,"광주광역시 광산구 사암로 277, 1층 (월곡동)",,35.16923152,126.8087819,,광주광역시 광산구청,062-971-1691,2025-12-19,3630000,광주광역시 광산구
운남온누리약국,광주광역시,광산구,"광주광역시 광산구 풍영로 37, 1층 (월곡동)",,35.17540519,126.8116076,,광주광역시 광산구청,062-959-1224,2025-12-19,3630000,광주광역시 광산구
우리일층약국,광주광역시,광산구,광주광역시 광산구 상무대로 258 (송정동),,35.14142088,126.7950341,,광주광역시 광산구청,062-944-5507,2025-12-19,3630000,광주광역시 광산구
우리아이약국,광주광역시,광산구,광주광역시 광산구 사암로340번길 47 (월곡동),,35.17535057,126.8113806,,광주광역시 광산구청,062-956-5212,2025-12-19,3630000,광주광역시 광산구
올바른약국,광주광역시,광산구,광주광역시 광산구 하남대로261번길 8 (신가동),,35.18001107,126.8226216,,광주광역시 광산구청,062-953-8283,2025-12-19,3630000,광주광역시 광산구
온누리예스약국,광주광역시,광산구,광주광역시 광산구 수등로 258 (신가동),,35.18493952,126.8372787,,광주광역시 광산구청,062-955-3141,2025-12-19,3630000,광주광역시 광산구
열린약국,광주광역시,광산구,"광주광역시 광산구 첨단중앙로 96, 106호 (월계동, 엘지타운)",,35.21383423,126.8434651,,광주광역시 광산구청,062-972-5514,2025-12-19,3630000,광주광역시 광산구
에덴약국,광주광역시,광산구,"광주광역시 광산구 사암로171번길 52, 1층 (우산동)",,35.16006157,126.8049996,,광주광역시 광산구청,062-944-8495,2025-12-19,3630000,광주광역시 광산구
썬약국,광주광역시,광산구,광주광역시 광산구 하남산단8번로 172 (도천동),,35.20845502,126.8146469,,광주광역시 광산구청,062-953-2888,2025-12-19,3630000,광주광역시 광산구
신비약국,광주광역시,광산구,광주광역시 광산구 비아중앙로 33 (비아동),,35.22193024,126.8246587,,광주광역시 광산구청,062-954-0012,2025-12-19,3630000,광주광역시 광산구
수완제일약국,광주광역시,광산구,"광주광역시 광산구 임방울대로 372, 1층 (수완동)",,35.19335343,126.8241508,,광주광역시 광산구청,062-954-8787,2025-12-19,3630000,광주광역시 광산구
수완아이러브약국,광주광역시,광산구,"광주광역시 광산구 수완로12번길 13, 1층 (수완동)",,35.18633127,126.8295229,,광주광역시 광산구청,062-951-8703,2025-12-19,3630000,광주광역시 광산구
수완 본 약국,광주광역시,광산구,"광주광역시 광산구 장신로 136, 1층 101호 (수완동)",,35.19040631,126.8250501,,광주광역시 광산구청,062-959-9580,2025-12-19,3630000,광주광역시 광산구
새신가약국,광주광역시,광산구,광주광역시 광산구 목련로 320 (신가동),,35.17763823,126.829451,,광주광역시 광산구청,062-956-1175,2025-12-19,3630000,광주광역시 광산구
상록수약국,광주광역시,광산구,광주광역시 광산구 사암로 279 (월곡동),,35.1693463,126.8088047,,광주광역시 광산구청,062-952-0557,2025-12-19,3630000,광주광역시 광산구
광주빛고을약국,광주광역시,광산구,"광주광역시 광산구 월곡산정로 12, 1층 104호 (우산동, 하남주공아파트상가동)",,35.16631715,126.8038702,,광주광역시 광산구청,062-951-9987,2025-12-19,3630000,광주광역시 광산구
비아미래약국,광주광역시,광산구,광주광역시 광산구 비아중앙로31번길 9 (비아동),,35.22156952,126.8244076,,광주광역시 광산구청,062-959-6071,2025-12-19,3630000,광주광역시 광산구
봄봄약국,광주광역시,광산구,"광주광역시 광산구 월계로 223-8, 110동 114호 (쌍암동, 중흥S클래스 리버시티 주상복합 아파트)",,35.21364227,126.8508419,,광주광역시 광산구청,062-447-1637,2025-12-19,3630000,광주광역시 광산구
은약국,광주광역시,광산구,"광주광역시 광산구 월계로 203, 117(일부)호(월계동)",,35.2138558,126.8478006,,광주광역시 광산구청,062-972-7651,2025-12-19,3630000,광주광역시 광산구
무등약국,광주광역시,광산구,광주광역시 광산구 월곡산정로 79 (월곡동),,35.16614561,126.8107797,,광주광역시 광산구청,062-951-2388,2025-12-19,3630000,광주광역시 광산구
라온약국,광주광역시,광산구,광주광역시 광산구 송도로 160 (도산동),,35.12876659,126.792972,,광주광역시 광산구청,062-946-0325,2025-12-19,3630000,광주광역시 광산구
더조은보은약국,광주광역시,광산구,"광주광역시 광산구 첨단봉산안길 74, 1층 (산월동)",,35.2063683,126.8498411,,광주광역시 광산구청,062-462-5668,2025-12-19,3630000,광주광역시 광산구
다나은약국,광주광역시,광산구,광주광역시 광산구 송도로 273 (송정동),,35.13787927,126.7992433,,광주광역시 광산구청,062-945-1314,2025-12-19,3630000,광주광역시 광산구
다나약국,광주광역시,광산구,"광주광역시 광산구 수등로258번길 2, 1층 (신가동)",,35.1848866,126.8367989,,광주광역시 광산구청,062-955-9315,2025-12-19,3630000,광주광역시 광산구
늘푸른약국,광주광역시,광산구,광주광역시 광산구 하남대로 280 (운남동),,35.17881619,126.8241993,,광주광역시 광산구청,062-961-1919,2025-12-19,3630000,광주광역시 광산구
김명민약국,광주광역시,광산구,"광주광역시 광산구 내상로 11, 1층 (송정동)",,35.14065674,126.7955372,,광주광역시 광산구청,062-944-0887,2025-12-19,3630000,광주광역시 광산구
금호약국,광주광역시,광산구,광주광역시 광산구 첨단중앙로181번길 48 (월계동),,35.22002133,126.8362829,,광주광역시 광산구청,062-971-9226,2025-12-19,3630000,광주광역시 광산구
금수강산약국,광주광역시,광산구,"광주광역시 광산구 풍영로230번길 4, 1층 (장덕동)",,35.19191217,126.8144875,,광주광역시 광산구청,062-955-9523,2025-12-19,3630000,광주광역시 광산구
광암약국,광주광역시,광산구,"광주광역시 광산구 사암로 273, 1층 (월곡동)",,35.16876734,126.8087416,,광주광역시 광산구청,062-941-7582,2025-12-19,3630000,광주광역시 광산구
광산아이사랑약국,광주광역시,광산구,"광주광역시 광산구 임방울대로 162, 1층 105호 (운남동)",,35.17556737,126.8181164,,광주광역시 광산구청,062-946-7171,2025-12-19,3630000,광주광역시 광산구
고실건강약국,광주광역시,광산구,"광주광역시 광산구 풍영로330번길 15 (장덕동,휴먼시아 8단지 주상가 102-2호)",,35.20204144,126.8157011,,광주광역시 광산구청,062-955-7327,2025-12-19,3630000,광주광역시 광산구
건강우리약국,광주광역시,광산구,"광주광역시 광산구 신창로 46, 1층 (신창동)",,35.18941747,126.8372936,,광주광역시 광산구청,062-953-7868,2025-12-19,3630000,광주광역시 광산구
건강약국,광주광역시,광산구,광주광역시 광산구 사암로 211,,35.1633718,126.807987,,광주광역시 광산구청,062-955-5652,2025-12-19,3630000,광주광역시 광산구
건강드림365약국,광주광역시,광산구,광주광역시 광산구 장신로 77 (장덕동),,35.19124033,126.8185485,,광주광역시 광산구청,062-449-0365,2025-12-19,3630000,광주광역시 광산구
송정약국,광주광역시,광산구,광주광역시 광산구 상무대로 361 (신촌동),,35.14425762,126.8052949,,광주광역시 광산구청,062-942-0110,2025-12-19,3630000,광주광역시 광산구
피보약국,광주광역시,광산구,"광주광역시 광산구 수등로 211, 세영빌딩 1층 103호 (신가동)",,35.18547599,126.8320069,,광주광역시 광산구청,062-951-6947,2025-12-19,3630000,광주광역시 광산구
성약국,광주광역시,광산구,"광주광역시 광산구 사암로 271 (월곡동, 일신아파트)",,35.16874636,126.8084673,,광주광역시 광산구청,062-953-3936,2025-12-19,3630000,광주광역시 광산구
첨단약국,광주광역시,광산구,"광주광역시 광산구 월계로 117-32, 1동 107호 (월계동, 라인1차아파트상가)",,35.21587824,126.8409252,,광주광역시 광산구청,062-972-9924,2025-12-19,3630000,광주광역시 광산구
신세기약국,광주광역시,광산구,광주광역시 광산구 하남대로 292 (운남동),,35.17873933,126.8255267,,광주광역시 광산구청,062-955-2111,2025-12-19,3630000,광주광역시 광산구
한사랑약국,광주광역시,광산구,"광주광역시 광산구 임방울대로 727-19, 101호 (월계동, 첨단삼능아파트상가)",,35.21938587,126.8356131,,광주광역시 광산구청,062-971-0468,2025-12-19,3630000,광주광역시 광산구
평동약국,광주광역시,광산구,광주광역시 광산구 평동로 773 (옥동),,35.1253433,126.759069,,광주광역시 광산구청,062-943-4833,2025-12-19,3630000,광주광역시 광산구
나라약국,광주광역시,광산구,광주광역시 광산구 첨단중앙로 170 (쌍암동),,35.22044639,126.8421102,,광주광역시 광산구청,062-971-0027,2025-12-19,3630000,광주광역시 광산구
마트약국,광주광역시,광산구,광주광역시 광산구 첨단강변로99번길 22 (쌍암동),,35.21677488,126.8519173,,광주광역시 광산구청,062-971-8988,2025-12-19,3630000,광주광역시 광산구
백초당약국,광주광역시,광산구,광주광역시 광산구 도산로 6 (도산동),,35.12899614,126.7919555,,광주광역시 광산구청,062-946-0420,2025-12-19,3630000,광주광역시 광산구
은혜약국,광주광역시,광산구,광주광역시 광산구 첨단월봉로 96 (산월동),,35.20639841,126.8490515,,광주광역시 광산구청,062-971-9797,2025-12-19,3630000,광주광역시 광산구
인애약국,광주광역시,광산구,광주광역시 광산구 첨단중앙로182번길 16 (쌍암동),,35.22172715,126.8430368,,광주광역시 광산구청,062-974-2060,2025-12-19,3630000,광주광역시 광산구
대명당약국,광주광역시,광산구,광주광역시 광산구 소촌로 146 (소촌동),,35.15753538,126.7923326,,광주광역시 광산구청,062-941-7975,2025-12-19,3630000,광주광역시 광산구
광장약국,광주광역시,광산구,광주광역시 광산구 송도로 230 (송정동),,35.13434956,126.7970389,,광주광역시 광산구청,062-941-0822,2025-12-19,3630000,광주광역시 광산구
신창대형약국,광주광역시,광산구,"광주광역시 광산구 신창로 70, 1층 (신창동)",,35.19151215,126.8373738,,광주광역시 광산구청,062-962-2022,2025-12-19,3630000,광주광역시 광산구
굿모닝약국,광주광역시,광산구,"광주광역시 광산구 신창로 124, 1층 (신창동)",,35.1961851,126.8386387,,광주광역시 광산구청,062-952-2623,2025-12-19,3630000,광주광역시 광산구
월계종로약국,광주광역시,광산구,광주광역시 광산구 월계로 187 (월계동),,35.21365749,126.846155,,광주광역시 광산구청,062-972-1303,2025-12-19,3630000,광주광역시 광산구
서현약국,광주광역시,광산구,"광주광역시 광산구 사암로215번길 16, 상가동 108호 (우산동, 어등하이빌)",,35.1641281,126.8081937,,광주광역시 광산구청,062-951-6463,2025-12-19,3630000,광주광역시 광산구
우리네약국,광주광역시,광산구,광주광역시 광산구 하남대로 294 (운남동),,35.17871948,126.8257047,,광주광역시 광산구청,062-954-7119,2025-12-19,3630000,광주광역시 광산구
아름드리수약국,광주광역시,광산구,"광주광역시 광산구 목련로 379, 1층 (신가동)",,35.1823999,126.8320209,,광주광역시 광산구청,062-955-5775,2025-12-19,3630000,광주광역시 광산구
누리은혜약국,광주광역시,광산구,"광주광역시 광산구 목련로153번길 134, 102호 (운남동, 주공6단지상가)",,35.17869832,126.8156113,,광주광역시 광산구청,062-962-6868,2025-12-19,3630000,광주광역시 광산구
초록약국,광주광역시,광산구,"광주광역시 광산구 내상로 2, 1층 (송정동)",,35.140931,126.7946655,,광주광역시 광산구청,062-941-2268,2025-12-19,3630000,광주광역시 광산구
다사랑약국,광주광역시,광산구,"광주광역시 광산구 첨단중앙로 96, 2층 207호 (월계동)",,35.21383423,126.8434651,,광주광역시 광산구청,062-973-7533,2025-12-19,3630000,광주광역시 광산구
옵티마미래약국,광주광역시,광산구,"광주광역시 광산구 풍영로 43, 1층 (월곡동)",,35.17579248,126.8115383,,광주광역시 광산구청,062-955-7588,2025-12-19,3630000,광주광역시 광산구
기쁨약국,광주광역시,광산구,"광주광역시 광산구 사암로 172, 1층 (우산동)",,35.16000626,126.8085794,,광주광역시 광산구청,062-946-2520,2025-12-19,3630000,광주광역시 광산구
종로당약국,광주광역시,광산구,"광주광역시 광산구 고봉로 797-1, 1층 (임곡동)",,35.21956978,126.7434492,,광주광역시 광산구청,062-951-5858,2025-12-19,3630000,광주광역시 광산구
수니약국,광주광역시,광산구,"광주광역시 광산구 임방울대로 331, 1층 (수완동)",,35.18962123,126.8230638,,광주광역시 광산구청,062-954-7585,2025-12-19,3630000,광주광역시 광산구
연우약국,광주광역시,광산구,"광주광역시 광산구 손재로110번길 46, 1층 (산정동)",,35.175988,126.799476,,광주광역시 광산구청,062-956-5050,2025-12-19,3630000,광주광역시 광산구
송정백제약국,광주광역시,광산구,광주광역시 광산구 내상로 25 (송정동),,35.13942508,126.7964185,,광주광역시 광산구청,062-944-1100,2025-12-19,3630000,광주광역시 광산구
우산약국,광주광역시,광산구,광주광역시 광산구 금봉로 107 (우산동),,35.15214386,126.8103965,,광주광역시 광산구청,062-942-6030,2025-12-19,3630000,광주광역시 광산구
21세기건강약국,광주광역시,광산구,"광주광역시 광산구 임방울대로 166, 1층 (운남동)",,35.17615497,126.8179969,,광주광역시 광산구청,062-955-7336,2025-12-19,3630000,광주광역시 광산구
수완푸른숲약국,광주광역시,광산구,광주광역시 광산구 왕버들로 222 (수완동),,35.19781614,126.8338676,,광주광역시 광산구청,062-973-6200,2025-12-19,3630000,광주광역시 광산구
라인종로약국,광주광역시,광산구,"광주광역시 광산구 월계로 117-32, 104호 (월계동, 첨단라인아파트 상가)",,35.21587824,126.8409252,,광주광역시 광산구청,062-971-2882,2025-12-19,3630000,광주광역시 광산구
동민약국,광주광역시,광산구,"광주광역시 광산구 장신로 82, 106호 (장덕동, 보강빌딩)",,35.19044454,126.8187432,,광주광역시 광산구청,062-956-7525,2025-12-19,3630000,광주광역시 광산구
부영소망약국,광주광역시,광산구,"광주광역시 광산구 사암로 251, 105호 (월곡동)",,35.16734483,126.8082321,,광주광역시 광산구청,062-430-9631,2025-12-19,3630000,광주광역시 광산구
감초당약국,광주광역시,광산구,광주광역시 광산구 상무대로 262-1 (송정동),,35.14177183,126.7952777,,광주광역시 광산구청,062-942-5931,2025-12-19,3630000,광주광역시 광산구
수영약국,광주광역시,광산구,"광주광역시 광산구 장신로 85, 109호 (장덕동, 수영빌딩)",,35.19118696,126.8194488,,광주광역시 광산구청,062-942-3000,2025-12-19,3630000,광주광역시 광산구
보광약국,광주광역시,광산구,"광주광역시 광산구 풍영로 271, 1층 (장덕동)",,35.19542535,126.8153568,,광주광역시 광산구청,062-376-9017,2025-12-19,3630000,광주광역시 광산구
팜프라자수완약국,광주광역시,광산구,광주광역시 광산구 장신로 98 (장덕동),,35.18981206,126.820135,,광주광역시 광산구청,062-975-2805,2025-12-19,3630000,광주광역시 광산구
즐거운약국,광주광역시,광산구,"광주광역시 광산구 신창로 64, 프뤼몰타운 109호 (신창동)",,35.19094243,126.8373993,,광주광역시 광산구청,062-955-9066,2025-12-19,3630000,광주광역시 광산구
미담한약국,광주광역시,광산구,"광주광역시 광산구 풍영로101번안길 11-2, 1층 (흑석동)",,35.18135834,126.8100903,,광주광역시 광산구청,062-574-5013,2025-12-19,3630000,광주광역시 광산구
최약국,광주광역시,광산구,"광주광역시 광산구 상무대로 256, 102호 (송정동)",,35.14131187,126.7949063,,광주광역시 광산구청,062-945-7533,2025-12-19,3630000,광주광역시 광산구
휴베이스정겨운약국,광주광역시,광산구,광주광역시 광산구 목련로153번길 85 (운남동),,35.17581868,126.814437,,광주광역시 광산구청,062-952-7566,2025-12-19,3630000,광주광역시 광산구
새금호약국,광주광역시,광산구,광주광역시 광산구 어등대로665번길 3 (소촌동),,35.14497069,126.7909087,,광주광역시 광산구청,062-945-1777,2025-12-19,3630000,광주광역시 광산구
옵티마 도유 삼성 약국,광주광역시,광산구,광주광역시 광산구 임방울대로 142-12 (운남동),,35.17200663,126.8194865,,광주광역시 광산구청,062-955-9169,2025-12-19,3630000,광주광역시 광산구
민주약국,광주광역시,광산구,광주광역시 광산구 신창로131번길 19 (신창동),,35.19724942,126.8376308,,광주광역시 광산구청,062-953-8728,2025-12-19,3630000,광주광역시 광산구
참좋은약국,광주광역시,광산구,광주광역시 광산구 비아중앙로 30 (비아동),,35.22157773,126.8249091,,광주광역시 광산구청,062-714-2628,2025-12-19,3630000,광주광역시 광산구
은행약국,광주광역시,광산구,"광주광역시 광산구 하남대로 290, 2층 (운남동)",,35.17874538,126.8253483,,광주광역시 광산구청,062-952-1555,2025-12-19,3630000,광주광역시 광산구
첨단메디칼약국,광주광역시,광산구,광주광역시 광산구 임방울대로 805 (쌍암동),,35.21823246,126.8464988,,광주광역시 광산구청,062-973-0442,2025-12-19,3630000,광주광역시 광산구
첨단우리약국,광주광역시,광산구,"광주광역시 광산구 첨단중앙로68번길 134, 호반상가1동 107호 (산월동)",,35.20913989,126.8507344,,광주광역시 광산구청,062-971-2270,2025-12-19,3630000,광주광역시 광산구
서가약국,광주광역시,광산구,광주광역시 광산구 사암로 398 (월곡동),,35.17976089,126.808501,,광주광역시 광산구청,062-375-0000,2025-12-19,3630000,광주광역시 광산구
소망약국,광주광역시,광산구,"광주광역시 광산구 내상로 16, C동 1층 (송정동)",,35.14016312,126.7953532,,광주광역시 광산구청,062-941-9013,2025-12-19,3630000,광주광역시 광산구
유명종로약국,광주광역시,광산구,광주광역시 광산구 상무대로 206 (송정동),,35.13760907,126.7919416,,광주광역시 광산구청,062-944-6275,2025-12-19,3630000,광주광역시 광산구
첨단조은약국,광주광역시,광산구,"광주광역시 광산구 임방울대로 784, 1층 103호 (월계동)",,35.2172043,126.8441069,,광주광역시 광산구청,062-971-3880,2025-12-19,3630000,광주광역시 광산구
첨단광장약국,광주광역시,광산구,"광주광역시 광산구 첨단중앙로170번길 64, 1층 (쌍암동)",,35.22045609,126.8453622,,광주광역시 광산구청,062-972-4010,2025-12-19,3630000,광주광역시 광산구
필리아약국,광주광역시,광산구,"광주광역시 광산구 장신로 141, 115호 (수완동)",,35.19100746,126.8256359,,광주광역시 광산구청,062-419-7575,2025-12-19,3630000,광주광역시 광산구
동인약국,광주광역시,광산구,광주광역시 광산구 사암로215번길 51 (우산동),,35.16367976,126.8054826,,광주광역시 광산구청,062-266-5431,2025-12-19,3630000,광주광역시 광산구
어등산약국,광주광역시,광산구,광주광역시 광산구 하남대로 215 (신가동),,35.17983331,126.8172767,,광주광역시 광산구청,062-959-1369,2025-12-19,3630000,광주광역시 광산구
메디팜수완이화약국,광주광역시,광산구,"광주광역시 광산구 수완로12번길 7, 1층 (수완동)",,35.18632358,126.8293063,,광주광역시 광산구청,062-954-8877,2025-12-19,3630000,광주광역시 광산구
하나로365약국,광주광역시,광산구,"광주광역시 광산구 임방울대로 261 (신가동, 농수산물유통센터)",,35.185028,126.8186595,,광주광역시 광산구청,,2025-12-19,3630000,광주광역시 광산구
매일건강약국,광주광역시,광산구,"광주광역시 광산구 내상로 59, 1층 (송정동)",,35.13734293,126.7987358,,광주광역시 광산구청,062-941-6060,2025-12-19,3630000,광주광역시 광산구
신창우리들약국,광주광역시,광산구,"광주광역시 광산구 신창로 121, 1층 105호 (신창동)",,35.19618218,126.8380729,,광주광역시 광산구청,062-962-6288,2025-12-19,3630000,광주광역시 광산구
실로암약국,광주광역시,광산구,광주광역시 광산구 하남대로 288 (운남동),,35.17876199,126.825056,,광주광역시 광산구청,062-954-6897,2025-12-19,3630000,광주광역시 광산구
선운포도약국,광주광역시,광산구,"광주광역시 광산구 선운중앙로 46, 1층 (선암동)",,35.14808677,126.7770489,,광주광역시 광산구청,062-943-0031,2025-12-19,3630000,광주광역시 광산구
건강한미래약국,광주광역시,광산구,"광주광역시 광산구 임방울대로 780, 1층 (월계동)",,35.2172815,126.8435839,,광주광역시 광산구청,062-974-0555,2025-12-19,3630000,광주광역시 광산구
토마토약국,광주광역시,광산구,"광주광역시 광산구 목련로153번길 79, 1층 (운남동)",,35.17539093,126.8143986,,광주광역시 광산구청,062-956-0365,2025-12-19,3630000,광주광역시 광산구
뉴욕약국,광주광역시,광산구,"광주광역시 광산구 하남대로 282, 1층 (운남동)",,35.17879328,126.8244984,,광주광역시 광산구청,062-952-6882,2025-12-19,3630000,광주광역시 광산구
광산약국,광주광역시,광산구,"광주광역시 광산구 상무대로 157, 1층 (송정동)",,35.13399277,126.7890008,,광주광역시 광산구청,062-944-0209,2025-12-19,3630000,광주광역시 광산구
우리동네온누리약국,광주광역시,광산구,"광주광역시 광산구 사암로215번길 85, 1층 (우산동)",,35.16386196,126.8035473,,광주광역시 광산구청,062-531-6123,2025-12-19,3630000,광주광역시 광산구
뉴365종로약국,광주광역시,광산구,"광주광역시 광산구 송도로 153, 1층 (도산동)",,35.12871758,126.7923047,,광주광역시 광산구청,062-943-3653,2025-12-19,3630000,광주광역시 광산구
하남중앙약국,광주광역시,광산구,"광주광역시 광산구 용아로399번길 51, 1층 102호 (하남동)",,35.17713754,126.8031305,,광주광역시 광산구청,062-953-9975,2025-12-19,3630000,광주광역시 광산구
광산종로약국,광주광역시,광산구,"광주광역시 광산구 내상로 5-1, 1층 (송정동)",,35.14099715,126.7951397,,광주광역시 광산구청,062-941-8128,2025-12-19,3630000,광주광역시 광산구
초락동 종로 한약국,광주광역시,광산구,광주광역시 광산구 진곡산단2번로 86 (오선동),,35.20195461,126.7899936,,광주광역시 광산구청,062-675-7582,2025-12-19,3630000,광주광역시 광산구
글래스팜대학약국,광주광역시,광산구,광주광역시 광산구 용아로 234 (우산동),,35.16397403,126.8021801,,광주광역시 광산구청,062-962-0166,2025-12-19,3630000,광주광역시 광산구
약손약국,광주광역시,광산구,광주광역시 광산구 첨단월봉로 98 (산월동),,35.20640787,126.8492609,,광주광역시 광산구청,062-972-0072,2025-12-19,3630000,광주광역시 광산구
월계약국,광주광역시,광산구,"광주광역시 광산구 월계로 100, 1층 (월계동)",,35.21327362,126.8365353,,광주광역시 광산구청,062-971-4822,2025-12-19,3630000,광주광역시 광산구
백세약국,광주광역시,광산구,"광주광역시 광산구 첨단월봉로 94, 1층 (산월동)",,35.20638392,126.848705,,광주광역시 광산구청,062-974-0757,2025-12-19,3630000,광주광역시 광산구
밝은명약국,광주광역시,광산구,"광주광역시 광산구 사암로215번길 35, 1층 (우산동)",,35.16359938,126.8063944,,광주광역시 광산구청,062-962-7876,2025-12-19,3630000,광주광역시 광산구
편한 온누리 약국,광주광역시,광산구,"광주광역시 광산구 신창로 68, 파라다이스빌딩 1층 (신창동)",,35.19130408,126.8373456,,광주광역시 광산구청,062-951-0778,2025-12-19,3630000,광주광역시 광산구
24시새벽약국,광주광역시,광산구,"광주광역시 광산구 장덕로95번길 16, 207동 107호 (장덕동, 수완2차숲안애)",,35.19604125,126.8202734,,광주광역시 광산구청,062-954-4500,2025-12-19,3630000,광주광역시 광산구
한소망약국,광주광역시,광산구,"광주광역시 광산구 사암로 275, 1층 (월곡동)",,35.16894334,126.8087712,,광주광역시 광산구청,062-959-8410,2025-12-19,3630000,광주광역시 광산구
한빛약국,광주광역시,광산구,"광주광역시 광산구 상무대로 256, 송정빌딩 1층 (송정동)",,35.14131187,126.7949063,,광주광역시 광산구청,062-945-9571,2025-12-19,3630000,광주광역시 광산구
첨단스타약국,광주광역시,광산구,"광주광역시 광산구 첨단중앙로 104, 1층 103호 (월계동)",,35.21462147,126.8433319,,광주광역시 광산구청,062-971-1028,2025-12-19,3630000,광주광역시 광산구
첨단탑약국,광주광역시,광산구,"광주광역시 광산구 임방울대로801번길 8, 1층 (쌍암동)",,35.21823075,126.8462176,,광주광역시 광산구청,062-971-8902,2025-12-19,3630000,광주광역시 광산구
정문온누리약국,광주광역시,광산구,"광주광역시 광산구 첨단중앙로170번길 58, 1층 (쌍암동)",,35.22040478,126.8450633,,광주광역시 광산구청,062-972-8253,2025-12-19,3630000,광주광역시 광산구
하남애플약국,광주광역시,광산구,광주광역시 광산구 용아로379번길 49 (산정동),,35.17638864,126.8015529,,광주광역시 광산구청,062-954-9242,2025-12-19,3630000,광주광역시 광산구
코코약국,광주광역시,광산구,"광주광역시 광산구 임방울대로 334, 1층 102호 (수완동)",,35.18977763,126.8241882,,광주광역시 광산구청,062-430-1412,2025-12-19,3630000,광주광역시 광산구
새운남종로약국,광주광역시,광산구,"광주광역시 광산구 목련로273번안길 23, 2층 (운남동)",,35.17787419,126.8235865,,광주광역시 광산구청,062-955-0288,2025-12-19,3630000,광주광역시 광산구
밝은약국,광주광역시,광산구,"광주광역시 광산구 임방울대로 355, 1층 (수완동)",,35.19181964,126.823435,,광주광역시 광산구청,062-471-8901,2025-12-19,3630000,광주광역시 광산구
빛고을사랑약국,광주광역시,광산구,"광주광역시 광산구 임방울대로 134, 104호 (운남동)",,35.17307643,126.8178474,,광주광역시 광산구청,062-954-7577,2025-12-19,3630000,광주광역시 광산구
온사랑약국,광주광역시,광산구,"광주광역시 광산구 임방울대로 342, 103호 (수완동)",,35.190384,126.8243265,,광주광역시 광산구청,062-955-9550,2025-12-19,3630000,광주광역시 광산구
소원약국,광주광역시,광산구,광주광역시 광산구 수등로 238 (신가동),,35.18493577,126.8349721,,광주광역시 광산구청,062-953-2757,2025-12-19,3630000,광주광역시 광산구
라임약국,광주광역시,광산구,광주광역시 광산구 수등로 270 (신가동),,35.18496888,126.8383335,,광주광역시 광산구청,062-956-3646,2025-12-19,3630000,광주광역시 광산구
수완유약국,광주광역시,광산구,"광주광역시 광산구 임방울대로 348, 106호 (수완동)",,35.19107649,126.8243812,,광주광역시 광산구청,062-959-7585,2025-12-19,3630000,광주광역시 광산구
우리약국,광주광역시,광산구,"광주광역시 광산구 동곡로 739, 105호 (선암동)",,35.14751474,126.7778728,,광주광역시 광산구청,062-945-6354,2025-12-19,3630000,광주광역시 광산구
하나약국,광주광역시,광산구,"광주광역시 광산구 목련로 89, 101호 (월곡동)",,35.17238285,126.8074791,,광주광역시 광산구청,062-951-0200,2025-12-19,3630000,광주광역시 광산구
정원약국,광주광역시,광산구,"광주광역시 광산구 풍영로 261, 1층 104호 (장덕동)",,35.19464322,126.8152805,,광주광역시 광산구청,062-651-5197,2025-12-19,3630000,광주광역시 광산구
수한약국,광주광역시,광산구,"광주광역시 광산구 목련로 74, 1층 (산정동)",,35.17215076,126.8057337,,광주광역시 광산구청,,2025-12-19,3630000,광주광역시 광산구
솔빛약국,광주광역시,광산구,"광주광역시 광산구 손재로110번길 35, 102호 (하남동)",,35.17635662,126.7987495,,광주광역시 광산구청,062-951-7050,2025-12-19,3630000,광주광역시 광산구
은성약국,광주광역시,광산구,"광주광역시 광산구상무대로 260, 1층 (송정동)",,35.1415833,126.7950866,,광주광역시 광산구청,062-431-8900,2025-12-19,3630000,광주광역시 광산구
수완현진에버빌 2단지아파트,광주광역시,광산구,광주광역시 광산구 풍영로169번길 46,,35.18856077,126.8108807,,광주광역시 광산구청,062-953-3028,2025-12-19,3630000,광주광역시 광산구
마산면사무소,전라남도,해남군,전라남도 해남군 마산면 마산로 445,전라남도 해남군 마산면 화내리 263-2,34.62164408,126.5681404,면사무소 내,전라남도 해남군청,061-530-5336,2025-11-06,4930000,전라남도 해남군
계곡면사무소,전라남도,해남군,전라남도 해남군 계곡면 해남로 1442,전라남도 해남군 계곡면 성진리 89-2,34.64510839,126.6595276,면사무소 내,전라남도 해남군청,061-530-5336,2025-11-06,4930000,전라남도 해남군
옥천면사무소,전라남도,해남군,전라남도 해남군 옥천면 해강로 5,전라남도 해남군 옥천면 영춘리 537-1,34.56747059,126.6478689,면사무소 내,전라남도 해남군청,061-530-5336,2025-11-06,4930000,전라남도 해남군
북일면사무소,전라남도,해남군,전라남도 해남군 북일면 장고봉로 5,전라남도 해남군 북일면 신월리 174-10,34.46419622,126.6760913,면사무소 내,전라남도 해남군청,061-530-5336,2025-11-06,4930000,전라남도 해남군
북평면사무소,전라남도,해남군,전라남도 해남군 북평면 달량진길 8,전라남도 해남군 북평면 남창리 1278,34.40832598,126.6256252,면사무소 내,전라남도 해남군청,061-530-5336,2025-11-06,4930000,전라남도 해남군
송지면사무소,전라남도,해남군,전라남도 해남군 송지면 산정1길 9,전라남도 해남군 송지면 미야리 238-11,34.37225734,126.5225349,면사무소 내,전라남도 해남군청,061-530-5336,2025-11-06,4930000,전라남도 해남군
현산면사무소,전라남도,해남군,전라남도 해남군 현산면 현산북평로 86,전라남도 해남군 현산면 일평리 857-1,34.45989831,126.5535192,면사무소 내,전라남도 해남군청,061-530-5336,2025-11-06,4930000,전라남도 해남군
화산면사무소,전라남도,해남군,전라남도 해남군 화산면 해남화산로 1061,전라남도 해남군 화산면 방축리 340-1,34.49136284,126.5151975,면사무소 내,전라남도 해남군청,061-530-5336,2025-11-06,4930000,전라남도 해남군
삼산면사무소,전라남도,해남군,전라남도 해남군 삼산면 신기큰길 7,전라남도 해남군 삼산면 평활리 885-1,34.52115229,126.6097544,면사무소 내,전라남도 해남군청,061-530-5336,2025-11-06,4930000,전라남도 해남군
해남읍사무소,전라남도,해남군,전라남도 해남군 해남읍 남부순환로 114,전라남도 해남군 해남읍 고도리 479-2,34.5651781,126.5991883,면사무소 내,전라남도 해남군청,061-530-5336,2025-11-06,4930000,전라남도 해남군
숭의보건지소,인천광역시,미추홀구,인천광역시 미추홀구 경인로 54,,37.46444796,126.6490169,,인천광역시 미추홀구보건소,032-880-5365,2025-11-01,3510500,인천광역시 미추홀구
미추홀구보건소,인천광역시,미추홀구,인천광역시 미추홀구 주안서로 25,,37.46108319,126.6774234,,인천광역시 미추홀구보건소,032-880-5310,2025-11-01,3510500,인천광역시 미추홀구
용현노인문화센터,인천광역시,미추홀구,인천광역시 미추홀구 인하로77번길 38,,37.45273812,126.6579021,,인천광역시 미추홀구보건소,032-862-3910,2025-11-01,3510500,인천광역시 미추홀구
관교노인복지관,인천광역시,미추홀구,,인천광역시 미추홀구 관교동 21-2,37.43928543,126.6960559,,인천광역시 미추홀구보건소,032-421-3600,2025-11-01,3510500,인천광역시 미추홀구
주안노인문화센터,인천광역시,미추홀구,인천광역시 미추홀구 석정로464,,37.46588606,126.6873266,,인천광역시 미추홀구보건소,032-867-3312,2025-11-01,3510500,인천광역시 미추홀구
미소약국,인천광역시,미추홀구,"인천광역시 미추홀구 주안로 226, 217호 (주안동, 주안더월드스테이트 1단지 중심상가동 217호)",,37.46300627,126.6950864,,인천광역시 미추홀구보건소,032-215-1585,2025-11-01,3510500,인천광역시 미추홀구
건강프라자약국,인천광역시,미추홀구,인천광역시 미추홀구 경인로 431-1 (주안동),,37.45828798,126.6881584,,인천광역시 미추홀구보건소,032-429-7888,2025-11-01,3510500,인천광역시 미추홀구
문학동 행정복지센터,인천광역시,미추홀구,인천광역시 미추홀구 소성로 339,,37.43768495,126.6850043,,인천광역시 미추홀구보건소,032-728-6501,2025-11-01,3510500,인천광역시 미추홀구
관교동 행정복지센터,인천광역시,미추홀구,인천광역시 미추홀구 인하로 452,,37.44417922,126.6968093,,인천광역시 미추홀구보건소,032-728-6481,2025-11-01,3510500,인천광역시 미추홀구
주안8동 행정복지센터,인천광역시,미추홀구,인천광역시 미추홀구 인주대로470번길 24,,37.44956626,126.6893094,,인천광역시 미추홀구보건소,032-728-6461,2025-11-01,3510500,인천광역시 미추홀구
주안6동 행정복지센터,인천광역시,미추홀구,인천광역시 미추홀구 경원대로864번길 59,,37.46127832,126.692311,,인천광역시 미추홀구보건소,032-728-6421,2025-11-01,3510500,인천광역시 미추홀구
주안5동 행정복지센터,인천광역시,미추홀구,인천광역시 미추홀구 석정로461번길 21,,37.46706508,126.6864004,,인천광역시 미추홀구보건소,032-728-6401,2025-11-01,3510500,인천광역시 미추홀구
주안4동 행정복지센터,인천광역시,미추홀구,인천광역시 미추홀구 구월남로 5,,37.45512738,126.6903025,,인천광역시 미추홀구보건소,032-728-6381,2025-11-01,3510500,인천광역시 미추홀구
미추홀구노인복지관,인천광역시,미추홀구,인천광역시 미추홀구 학익소로37번길 17,,37.44507738,126.6711736,,인천광역시 미추홀구보건소,032-861-3001,2025-11-01,3510500,인천광역시 미추홀구
주안열린약국,인천광역시,미추홀구,인천광역시 미추홀구 미추홀대로 610,,37.45169916,126.6800476,,인천광역시 미추홀구보건소,070-8657-1237,2025-11-01,3510500,인천광역시 미추홀구
주안7동 행정복지센터,인천광역시,미추홀구,인천광역시 미추홀구 인하로 265,,37.44844518,126.6776513,,인천광역시 미추홀구보건소,032-728-6441,2025-11-01,3510500,인천광역시 미추홀구
주안3동 행정복지센터,인천광역시,미추홀구,인천광역시 미추홀구 주승로31번길 28-10,,37.44488455,126.6740315,,인천광역시 미추홀구보건소,032-728-6361,2025-11-01,3510500,인천광역시 미추홀구
학익2동 행정복지센터,인천광역시,미추홀구,인천광역시 미추홀구 한나루로 444,,37.44658154,126.6674738,,인천광역시 미추홀구보건소,032-728-6261,2025-11-01,3510500,인천광역시 미추홀구
학익1동 행정복지센터,인천광역시,미추홀구,인천광역시 미추홀구 매소홀로 380,,37.43983771,126.6641176,,인천광역시 미추홀구보건소,032-728-6241,2025-11-01,3510500,인천광역시 미추홀구
주안파크자이플래티넘,인천광역시,미추홀구,인천광역시 미추홀구 인하로222번길 20 주안파크자이더플래티넘 관리사무소,,37.44784675,126.6721571,,인천광역시 미추홀구보건소,032-724-8662,2025-11-01,3510500,인천광역시 미추홀구
고당보건진료소,전라남도,해남군,전라남도 해남군 문내면 문내화원로 551,전라남도 해남군 문내면 고당리 179-3,34.63242595,126.3494098,,전라남도 해남군청,061-530-5336,2025-11-06,4930000,전라남도 해남군
평안보건진료소,전라남도,해남군,전라남도 해남군 북평면 땅끝해안로 3456,전라남도 해남군 북평면 평암리 552-1,34.35769373,126.5904461,,전라남도 해남군청,061-530-5336,2025-11-06,4930000,전라남도 해남군
연구보건진료소,전라남도,해남군,전라남도 해남군 마산면 연구길 160,전라남도 해남군 마산면 연구리 89-26,34.63584702,126.5504339,,전라남도 해남군청,061-530-5336,2025-11-06,4930000,전라남도 해남군
어불보건진료소,전라남도,해남군,전라남도 해남군 송지면 어불길 40-15,전라남도 해남군 송지면 어란리 1795-1,34.33920909,126.4726197,,전라남도 해남군청,061-530-5336,2025-11-06,4930000,전라남도 해남군
송호보건진료소,전라남도,해남군,전라남도 해남군 송지면 땅끝해안로 1796-14,전라남도 해남군 송지면 송호리 891-1,34.31672648,126.5164917,,전라남도 해남군청,061-530-5336,2025-11-06,4930000,전라남도 해남군
신정보건진료소,전라남도,해남군,전라남도 해남군 송지면 독고개길 3,전라남도 해남군 송지면 군곡리 2216-9,34.41430085,126.5330091,,전라남도 해남군청,061-530-5336,2025-11-06,4930000,전라남도 해남군
구산보건진료소,전라남도,해남군,전라남도 해남군 현산면 입제길 41,전라남도 해남군 현산면 구산리 529-72,34.42944331,126.584939,,전라남도 해남군청,061-530-5336,2025-11-06,4930000,전라남도 해남군
대진보건진료소,전라남도,해남군,전라남도 해남군 산이면 산이로 1600,전라남도 해남군 산이면 대진리 426-6,34.67070095,126.4237036,,전라남도 해남군청,061-530-5336,2025-11-06,4930000,전라남도 해남군
금호보건진료소,전라남도,해남군,전라남도 해남군 산이면 금호길 59,전라남도 해남군 산이면 금호리 448-4,34.69126588,126.3661081,,전라남도 해남군청,061-530-5336,2025-11-06,4930000,전라남도 해남군
내사보건진료소,전라남도,해남군,전라남도 해남군 해남읍 내사길 502,전라남도 해남군 해남읍 내사리 509-1,34.54231413,126.528432,,전라남도 해남군청,061-530-5336,2025-11-06,4930000,전라남도 해남군
삼호보건진료소,전라남도,해남군,전라남도 해남군 화산면 사포길 26,전라남도 해남군 화산면 평호리 34-1,34.45164474,126.4834267,,전라남도 해남군청,061-530-5336,2025-11-06,4930000,전라남도 해남군
동리보건진료소,전라남도,해남군,전라남도 해남군 옥천면 동리길 10,전라남도 해남군 옥천면 대산리 398-3,34.55414775,126.6792537,,전라남도 해남군청,061-530-5336,2025-11-06,4930000,전라남도 해남군
연곡보건진료소,전라남도,해남군,전라남도 해남군 화산면 연곡길 58,전라남도 해남군 화산면 연곡리 458-1,34.51866554,126.4990439,,전라남도 해남군청,061-530-5336,2025-11-06,4930000,전라남도 해남군
화원보건지소,전라남도,해남군,전라남도 해남군 화원면 금평길 32-1,전라남도 해남군 화원면 금평리 216,34.67093281,126.3280014,,전라남도 해남군청,061-530-5336,2025-11-06,4930000,전라남도 해남군
송지보건지소,전라남도,해남군,전라남도 해남군 송지면 산정1길 11,전라남도 해남군 송지면 미야리 238-2,34.37209609,126.5224477,,전라남도 해남군청,061-530-5336,2025-11-06,4930000,전라남도 해남군
산이보건지소,전라남도,해남군,전라남도 해남군 산이면 비석길 66,전라남도 해남군 산이면 초송리 184-25,34.64241702,126.4509487,,전라남도 해남군청,061-530-5336,2025-11-06,4930000,전라남도 해남군
현산보건지소,전라남도,해남군,전라남도 해남군 현산면 현산북평로 113-9,전라남도 해남군 현산면 일평리 762-2,34.45760046,126.5538297,,전라남도 해남군청,061-530-5336,2025-11-06,4930000,전라남도 해남군
삼산보건지소,전라남도,해남군,전라남도 해남군 삼산면 오소재로 965,전라남도 해남군 삼산면 평활리 868-17,34.52064334,126.6118235,,전라남도 해남군청,061-530-5336,2025-11-06,4930000,전라남도 해남군
북평보건지소,전라남도,해남군,전라남도 해남군 북평면 달량진길 10,전라남도 해남군 북평면 남창리 1278,34.40771977,126.6258085,,전라남도 해남군청,061-530-5336,2025-11-06,4930000,전라남도 해남군
북일보건지소,전라남도,해남군,전라남도 해남군 북일면 장고봉로 11,전라남도 해남군 북일면 신월리 174-12,34.46377782,126.6766899,,전라남도 해남군청,061-530-5336,2025-11-06,4930000,전라남도 해남군
황산보건지소,전라남도,해남군,전라남도 해남군 황산면 시등로 70-2,전라남도 해남군 황산면 우항리 405-4,34.57731548,126.4360667,,전라남도 해남군청,061-530-5336,2025-11-06,4930000,전라남도 해남군
마산보건지소,전라남도,해남군,전라남도 해남군 마산면 마산로 445-1,전라남도 해남군 마산면 화내리 263-2,34.62196421,126.5680461,,전라남도 해남군청,061-530-5336,2025-11-06,4930000,전라남도 해남군
계곡보건지소,전라남도,해남군,전라남도 해남군 계곡면 해남로 1455,전라남도 해남군 계곡면 성진리 57-7,34.64631144,126.660207,,전라남도 해남군청,061-530-5336,2025-11-06,4930000,전라남도 해남군
옥천보건지소,전라남도,해남군,전라남도 해남군 옥천면 해강로 24,전라남도 해남군 옥천면 영춘리 951-6,34.56690208,126.6497621,,전라남도 해남군청,061-530-5336,2025-11-06,4930000,전라남도 해남군
화산보건지소,전라남도,해남군,전라남도 해남군 화산면 송평로 23,전라남도 해남군 화산면 방축리 502-1,34.48877329,126.5143442,,전라남도 해남군청,061-530-5336,2025-11-06,4930000,전라남도 해남군
해남군치매안심센터,전라남도,해남군,전라남도 해남군 해남읍 해남로 46,전라남도 해남군 해남읍 해리 186,34.57046123,126.6120439,,전라남도 해남군청,061-530-5336,2025-11-06,4930000,전라남도 해남군
해남군보건소,전라남도,해남군,전라남도 해남군 해남읍 해남로 46,전라남도 해남군 해남읍 해리 186,34.57046123,126.6120439,,전라남도 해남군청,061-530-5336,2025-11-06,4930000,전라남도 해남군
화원면사무소,전라남도,해남군,전라남도 해남군 화원면 금평길 32,전라남도 해남군 화원면 금평리 216,34.67109752,126.3285129,면사무소 내,전라남도 해남군청,061-530-5336,2025-11-06,4930000,전라남도 해남군
문내면사무소,전라남도,해남군,전라남도 해남군 문내면 동영길 10,전라남도 해남군 문내면 동외리 868,34.59708105,126.3141905,면사무소 내,전라남도 해남군청,061-530-5336,2025-11-06,4930000,전라남도 해남군
산이면사무소,전라남도,해남군,전라남도 해남군 산이면 비석길 102,전라남도 해남군 산이면 초송리 527-6,34.64495833,126.4478002,면사무소 내,전라남도 해남군청,061-530-5336,2025-11-06,4930000,전라남도 해남군
황산면사무소,전라남도,해남군,전라남도 해남군 황산면 시등로 70,전라남도 해남군 황산면 우항리 422-4,34.57707096,126.4367778,면사무소 내,전라남도 해남군청,061-530-5336,2025-11-06,4930000,전라남도 해남군
현대약국,전라남도,해남군,전라남도 해남군 황산면 시등로 98,전라남도 해남군 황산면 우항리 487-1,34.57615644,126.4335603,,전라남도 해남군청,061-530-5336,2025-11-06,4930000,전라남도 해남군
신세계약국,전라남도,해남군,전라남도 해남군 해남읍 북부순환로 160,전라남도 해남군 해남읍 구교리 323-12,34.57589149,126.595028,,전라남도 해남군청,061-530-5336,2025-11-06,4930000,전라남도 해남군
소망약국,전라남도,해남군,전라남도 해남군 문내면 동영길 22,전라남도 해남군 문내면 동외리 862-1,34.59707853,126.3130368,,전라남도 해남군청,061-530-5336,2025-11-06,4930000,전라남도 해남군
송지약국,전라남도,해남군,전라남도 해남군 송지면 산정1길  69,전라남도 해남군 송지면 산정리 754-7,34.3703315,126.520657,,전라남도 해남군청,061-530-5336,2025-11-06,4930000,전라남도 해남군
산정온누리약국,전라남도,해남군,전라남도 해남군 송지면 산정1길 73,전라남도 해남군 송지면 산정리 754-5,34.37017881,126.5204998,,전라남도 해남군청,061-530-5336,2025-11-06,4930000,전라남도 해남군
독일약국,전라남도,해남군,전라남도 해남군 해남읍 중앙1로 8,전라남도 해남군 해남읍 해리 454-1,34.57102183,126.6065788,,전라남도 해남군청,061-530-5336,2025-11-06,4930000,전라남도 해남군
횃불약국,전라남도,해남군,전라남도 해남군 문내면 동영길  29-4,전라남도 해남군 문내면 동외리 919-42,34.59749799,126.3113802,,전라남도 해남군청,061-530-5336,2025-11-06,4930000,전라남도 해남군
금강약국,전라남도,해남군,전라남도 해남군 해남읍 해남로 45-1,전라남도 해남군 해남읍 해리 182,34.57141177,126.6121486,,전라남도 해남군청,061-530-5336,2025-11-06,4930000,전라남도 해남군
광제당약국,전라남도,해남군,전라남도 해남군 현산면 현산북평로 106,전라남도 해남군 현산면 일평리 836-5,34.45814249,126.5533795,,전라남도 해남군청,061-530-5336,2025-11-06,4930000,전라남도 해남군
정문약국,전라남도,해남군,전라남도 해남군 옥천면 해남로 594,전라남도 해남군 옥천면 영신리 278-3,34.58423021,126.6480424,,전라남도 해남군청,061-530-5336,2025-11-06,4930000,전라남도 해남군
매일약국,전라남도,해남군,전라남도 해남군 해남읍 중앙2로 150,전라남도 해남군 해남읍 고도리 407-4,34.56632845,126.594528,,전라남도 해남군청,061-530-5336,2025-11-06,4930000,전라남도 해남군
해남온누리약국,전라남도,해남군,전라남도 해남군 해남읍 중앙1로 2-14,전라남도 해남군 해남읍 해리 463-2,34.57180158,126.6075866,,전라남도 해남군청,061-530-5336,2025-11-06,4930000,전라남도 해남군
명지약국,전라남도,해남군,전라남도 해남군 해남읍 남부순환로 159,전라남도 해남군 해남읍 고도리 472-1,34.56545787,126.5943494,,전라남도 해남군청,061-530-5336,2025-11-06,4930000,전라남도 해남군
목포약국,전라남도,해남군,전라남도 해남군 화원면 금평길 3,전라남도 해남군 화원면 금평리 239-71,34.66846329,126.3285546,,전라남도 해남군청,061-530-5336,2025-11-06,4930000,전라남도 해남군
한자보건진료소,전라남도,해남군,전라남도 해남군 황산면 한자길 6,전라남도 해남군 황산면 한자리 524-2,34.55129702,126.4455217,,전라남도 해남군청,061-530-5336,2025-11-06,4930000,전라남도 해남군
산호보건지료소,전라남도,해남군,전라남도 해남군 화원면 신용리길 220-19,전라남도 해남군 화원면 산호리 501-1,34.64746474,126.2907443,,전라남도 해남군청,061-530-5336,2025-11-06,4930000,전라남도 해남군
와룡보건진료소,전라남도,해남군,전라남도 해남군 북평면 와룡길 56,전라남도 해남군 북평면 와룡리 644-14,34.42948136,126.6484769,,전라남도 해남군청,061-530-5336,2025-11-06,4930000,전라남도 해남군
신방보건진료소,전라남도,해남군,전라남도 해남군 현산면 백방산길 142,전라남도 해남군 현산면 초호리 646-1,34.43796414,126.5385483,,전라남도 해남군청,061-530-5336,2025-11-06,4930000,전라남도 해남군
덕정보건진료소,전라남도,해남군,전라남도 해남군 계곡면 덕정길 5,전라남도 해남군 계곡면 덕정리 119,34.63863642,126.6194947,,전라남도 해남군청,061-530-5336,2025-11-06,4930000,전라남도 해남군
남일약국,전라남도,완도군,전라남도 완도군 완도읍 개포로130번길 17,,34.3189153400,126.7446517000,,,061-550-5787,2024-08-16,4990000,전라남도 완도군
제일약국,전라남도,완도군,전라남도 완도군 노화읍 이목25번길 46-26,,34.1779446685,126.5735752316,,,061-550-5787,2024-08-16,4990000,전라남도 완도군
건강마트약국,전라남도,완도군,전라남도 완도군 완도읍 장보고대로 264,,34.3154082400,126.7539120000,,,061-550-5787,2024-08-16,4990000,전라남도 완도군
완도약국,전라남도,완도군,전라남도 완도군 완도읍 개포로114번길 37-4,,34.3183909200,126.7459367000,,,061-550-5787,2024-08-16,4990000,전라남도 완도군
메디팜우리약국,전라남도,완도군,전라남도 완도군 노화읍 노화로 847,,34.1769947802,126.5722593122,,,061-550-5787,2024-08-16,4990000,전라남도 완도군
백제약국,전라남도,완도군,전라남도 완도군 완도읍 개포로 154-7,,34.3191726000,126.7452009000,,,061-550-5787,2024-08-16,4990000,전라남도 완도군
고금약국,전라남도,완도군,전라남도 완도군 고금면 고금동로 13,,34.3964383618,126.8013649666,,,061-550-5787,2024-08-16,4990000,전라남도 완도군
금일건강약국,전라남도,완도군,전라남도 완도군 금일읍 금일로 400,,34.3491016470,127.0299686507,,,061-550-5787,2024-08-16,4990000,전라남도 완도군
소안하늘약국,전라남도,완도군,전라남도 완도군 소안면 소안로 187-2,,34.1725818832,126.6504024100,,,061-550-5787,2024-08-16,4990000,전라남도 완도군
터미널약국,전라남도,완도군,전라남도 완도군 고금면 고금동로 24,,34.3964188346,126.8025001501,,,061-550-5787,2024-08-16,4990000,전라남도 완도군
노화약국,전라남도,완도군,"전라남도 완도군 노화읍 노화로 843, 이목복지회관",,34.1770331032,126.5726501436,,,061-550-5787,2024-08-16,4990000,전라남도 완도군
도미약국,전라남도,완도군,전라남도 완도군 완도읍 장보고대로 282,,34.3145898500,126.7553363000,,,061-550-5787,2024-08-16,4990000,전라남도 완도군
흥일약국,전라남도,완도군,전라남도 완도군 완도읍 중앙길 16,,34.3138402800,126.7571546000,,,061-550-5787,2024-08-16,4990000,전라남도 완도군
하나로약국,전라남도,완도군,전라남도 완도군 완도읍 청해진동로 66,,34.3176709900,126.7359573000,,,061-550-5787,2024-08-16,4990000,전라남도 완도군
수완지구이지더원아파트,광주광역시,광산구,광주광역시 광산구 풍영로101번길 22,,35.1814655,126.811755,,광주광역시 광산구청,062-961-0523,2025-12-19,3630000,광주광역시 광산구
감애1리경로당,경상북도,안동시,경상북도 안동시 와룡면 퇴계로 1365,,36.66040772,128.773715,,감애1리경로당,,2025-11-01,5070000,경상북도 안동시
와룡면행정복지센터,경상북도,안동시,경상북도 안동시 와룡면 퇴계로 823,,36.61644917,128.7664666,,와룡면행정복지센터,054-857-2001,2025-11-01,5070000,경상북도 안동시
예안면행정복지센터,경상북도,안동시,경상북도 안동시 예안면 임예로 1918,,36.66130649,128.8851679,,예안면행정복지센터,054-822-2574,2025-11-01,5070000,경상북도 안동시
서후면행정복지센터,경상북도,안동시,경상북도 안동시 서후면 서후중앙길 20,,36.61666092,128.6638082,,서후면행정복지센터,054-852-2201,2025-11-01,5070000,경상북도 안동시
북후면행정복지센터,경상북도,안동시,경상북도 안동시 북후면 북평로 877,,36.68505728,128.7022838,,북후면행정복지센터,054-859-5006,2025-11-01,5070000,경상북도 안동시
도산면행정복지센터,경상북도,안동시,경상북도 안동시 도산면 퇴계로 2580,,36.74515433,128.8339203251,,도산면행정복지센터,054-856-1301,2025-11-01,5070000,경상북도 안동시
녹전면행정복지센터,경상북도,안동시,경상북도 안동시 녹전면 녹전로 713,,36.74285748,128.7736999768,,녹전면행정복지센터,054-856-0511,2025-11-01,5070000,경상북도 안동시
남후면행정복지센터,경상북도,안동시,경상북도 안동시 남후면 남일로 1465-9,,36.52361626,128.6897534,,남후면행정복지센터,054-859-1221,2025-11-01,5070000,경상북도 안동시
남선면행정복지센터,경상북도,안동시,경상북도 안동시 남선면 충효로 3866,,36.52618023,128.7698725,,남선면행정복지센터,054-822-0401,2025-11-01,5070000,경상북도 안동시
길안면행정복지센터,경상북도,안동시,경상북도 안동시 길안면 길안청송로 3,,36.45598835,128.8944611,,길안면행정복지센터,054-822-2005,2025-11-01,5070000,경상북도 안동시
평화동행정복지센터,경상북도,안동시,경상북도 안동시 안기천로 117,,36.56782472,128.7182059055,,평화동행정복지센터,054-852-3927,2025-11-01,5070000,경상북도 안동시
태화동행정복지센터,경상북도,안동시,경상북도 안동시 태화중앙로 100,,36.5611623,128.7139722,,태화동행정복지센터,054-852-3404,2025-11-01,5070000,경상북도 안동시
중구동행정복지센터,경상북도,안동시,경상북도 안동시 서동문로 238,,36.56477576,128.7377194305,,중구동행정복지센터,054-857-7214,2025-11-01,5070000,경상북도 안동시
용상동행정복지센터,경상북도,안동시,경상북도 안동시 전거리1길 93,,36.55923084,128.7496126,,용상동행정복지센터,054-821-3218,2025-11-01,5070000,경상북도 안동시
옥동행정복지센터,경상북도,안동시,경상북도 안동시 옥동3길 27,,36.56149633,128.7017537,,옥동행정복지센터,054-852-3353,2025-11-01,5070000,경상북도 안동시
안기동행정복지센터,경상북도,안동시,경상북도 안동시 제비원로 355,,36.58293328,128.7143518,,안기동행정복지센터,054-852-3929,2025-11-01,5070000,경상북도 안동시
송하동행정복지센터,경상북도,안동시,경상북도 안동시 송하1길 60,,36.57035409,128.694270,,송하동행정복지센터,054-852-3354,2025-11-01,5070000,경상북도 안동시
서구동행정복지센터,경상북도,안동시,경상북도 안동시 안기천로 78,,36.56434046,128.7174871,,서구동행정복지센터,054-852-3583,2025-11-01,5070000,경상북도 안동시
명륜동행정복지센터,경상북도,안동시,경상북도 안동시 퇴계로 221,,36.5767526643,128.7329478128,,명륜동행정복지센터,054-858-3215,2025-11-01,5070000,경상북도 안동시
강남동행정복지센터,경상북도,안동시,경상북도 안동시 강남5길 185,,36.54868203,128.7271155,,강남동행정복지센터,054-858-7920,2025-11-01,5070000,경상북도 안동시
영춘약국,경상북도,안동시,경상북도 안동시 풍천면 시북정길 8-2,,36.54262386,128.4671381,,영춘약국,054-853-2018,2025-11-01,5070000,경상북도 안동시
태평양약국,경상북도,안동시,경상북도 안동시 대안로 107 (대석동),,36.5654595,128.7246699,,태평양약국,054-857-2491,2025-11-01,5070000,경상북도 안동시
현대약국,경상북도,안동시,경상북도 안동시 길주길 93 (용상동),,36.55470876,128.7620685,,현대약국,054-821-1638,2025-11-01,5070000,경상북도 안동시
대명약국,경상북도,안동시,경상북도 안동시 경동로 559 (당북동),,36.56393492,128.7189804,,대명약국,054-853-8949,2025-11-01,5070000,경상북도 안동시
태화지성약국,경상북도,안동시,경상북도 안동시 대안로 85 (광석동),,36.56536583,128.7222894,,태화지성약국,054-852-3397,2025-11-01,5070000,경상북도 안동시
제일약국,경상북도,안동시,경상북도 안동시 길안면 천지길 59,,36.45738413,128.8934062,,제일약국,054-822-2046,2025-11-01,5070000,경상북도 안동시
동부약국,경상북도,안동시,경상북도 안동시 은행나무로 106-3 (옥동),,36.5681207,128.6970766,,동부약국,054-859-4393,2025-11-01,5070000,경상북도 안동시
영신약국,전라남도,완도군,"전라남도 완도군 완도읍 장보고대로 192, 1층",,34.3180725661,126.7472240450,,,061-550-5787,2024-08-16,4990000,전라남도 완도군
청해약국,전라남도,완도군,전라남도 완도군 노화읍 이포길 27-1,,34.1762877709,126.5733567632,,,061-550-5787,2024-08-16,4990000,전라남도 완도군
우리동네약국,전라남도,완도군,"전라남도 완도군 완도읍 개포로 151, 완도군산림조합",,34.3195082605,126.7445712636,,,061-550-5787,2024-08-16,4990000,전라남도 완도군
미래약국,전라남도,완도군,"전라남도 완도군 완도읍 장보고대로 174, 1층",,34.3194862600,126.7460005000,,,061-550-5787,2024-08-16,4990000,전라남도 완도군
맑은약국,전라남도,완도군,전라남도 완도군 완도읍 개포로130번길 15,,34.3188786800,126.7445341000,,,061-550-5787,2024-08-16,4990000,전라남도 완도군
금일조하약국,전라남도,완도군,전라남도 완도군 금일읍 금일로 391,,34.3493149300,127.0292524605,,,061-550-5787,2024-08-16,4990000,전라남도 완도군
건강약국,전라남도,완도군,전라남도 완도군 신지면 신지로 558-1,,34.3336247620,126.8275118625,,,061-550-5787,2024-08-16,4990000,전라남도 완도군
영천마을주공9단지아파트,광주광역시,광산구,광주광역시 광산구 풍영로 63,,35.17877507,126.8106717,,광주광역시 광산구청,062-962-9100,2025-12-19,3630000,광주광역시 광산구
한미약국,경상북도,안동시,경상북도 안동시 경동로 673 (남부동),,36.56331735,128.7315875,,한미약국,054-857-6860,2025-11-01,5070000,경상북도 안동시
일신약국,경상북도,안동시,경상북도 안동시 중앙로 62 (동부동),,36.56492898,128.7333008,,일신약국,054-841-8945,2025-11-01,5070000,경상북도 안동시
하나로약국,경상북도,안동시,"경상북도 안동시 강남5길 10, 102호 (정하동, 남광빌딩)",,36.5509905,128.7356933,,하나로약국,054-852-4819,2025-11-01,5070000,경상북도 안동시
시민약국,경상북도,안동시,경상북도 안동시 합전2길 7 (송현동),,36.57044987,128.6979244,,시민약국,054-858-9033,2025-11-01,5070000,경상북도 안동시
건강신세계약국,경상북도,안동시,경상북도 안동시 금곡길 7 (금곡동),,36.56707024,128.7221042,,건강신세계약국,054-855-3434,2025-11-01,5070000,경상북도 안동시
온누리제일약국,경상북도,안동시,경상북도 안동시 경동로 476 (태화동),,36.56642666,128.7107473,,온누리제일약국,054-857-5777,2025-11-01,5070000,경상북도 안동시
수정온누리약국,경상북도,안동시,경상북도 안동시 중앙로 74-1 (동부동),,36.56480322,128.7346961,,수정온누리약국,054-857-4157,2025-11-01,5070000,경상북도 안동시
안동약국,경상북도,안동시,경상북도 안동시 퇴계로 84 (서부동),,36.5659368,128.7276797,,안동약국,054-856-5928,2025-11-01,5070000,경상북도 안동시
평화약국,경상북도,안동시,경상북도 안동시 단원로 118 (평화동),,36.57057307,128.7166175,,평화약국,054-856-2459,2025-11-01,5070000,경상북도 안동시
분수대약국,경상북도,안동시,경상북도 안동시 서동문로 155 (북문동),,36.56672953,128.7292065,,분수대약국,054-858-1636,2025-11-01,5070000,경상북도 안동시
삼오약국,경상북도,안동시,경상북도 안동시 경동로 474 (태화동),,36.56655462,128.7104468,,삼오약국,054-856-3322,2025-11-01,5070000,경상북도 안동시
경북약국,경상북도,안동시,경상북도 안동시 경북대로 171 (수상동),,36.54728573,128.7014909,,경북약국,054-852-2589,2025-11-01,5070000,경상북도 안동시
소백산약국,경상북도,안동시,경상북도 안동시 앙실로 5 (수상동),,36.54787564,128.7007926,,소백산약국,054-821-5302,2025-11-01,5070000,경상북도 안동시
신세계약국,경상북도,안동시,경상북도 안동시 서동문로 170 (삼산동),,36.56620792,128.7304976,,신세계약국,054-858-0732,2025-11-01,5070000,경상북도 안동시
미래약국,경상북도,안동시,경상북도 안동시 경북대로 433 (옥동),,36.56732027,128.6983319,,미래약국,054-857-9273,2025-11-01,5070000,경상북도 안동시
프라자약국,경상북도,안동시,경상북도 안동시 복주5길 41,,36.566128893,128.6989097249,,프라자약국,054-855-4811,2025-11-01,5070000,경상북도 안동시
열린약국,경상북도,안동시,경상북도 안동시 서동문로 93-1,,36.56689848,128.722192,,열린약국,054-855-8807,2025-11-01,5070000,경상북도 안동시
다나약국,경상북도,안동시,경상북도 안동시 퇴계로 81,,36.56615588,128.7272237,,다나약국,054-854-4706,2025-11-01,5070000,경상북도 안동시
고려약국,경상북도,안동시,경상북도 안동시 경동로 912,,36.55674694,128.7547717,,고려약국,054-821-0752,2025-11-01,5070000,경상북도 안동시
새삼성약국,경상북도,안동시,경상북도 안동시 경동로 871,,36.55928053,128.7517355,,새삼성약국,054-821-7562,2025-11-01,5070000,경상북도 안동시
예약국,경상북도,안동시,경상북도 안동시 대안로 162-1,,36.56419875,128.7304116,,예약국,054-855-0048,2025-11-01,5070000,경상북도 안동시
건강약국,경상북도,안동시,경상북도 안동시 경북대로 399,,36.56455892,128.7004855,,건강약국,054-843-6565,2025-11-01,5070000,경상북도 안동시
옥동약국,경상북도,안동시,경상북도 안동시 경북대로 397,,36.56451314,128.700608,,옥동약국,054-856-7500,2025-11-01,5070000,경상북도 안동시
큰사랑약국,경상북도,안동시,경상북도 안동시 남문로 5-1,,36.56379994,128.729313,,큰사랑약국,054-853-2008,2025-11-01,5070000,경상북도 안동시
안동제일약국,경상북도,안동시,경상북도 안동시 경북대로 177,,36.5478978855,128.7010944,,안동제일약국,054-853-9870,2025-11-01,5070000,경상북도 안동시
부부온누리약국,경상북도,안동시,경상북도 안동시 풍산읍 풍산중앙길 117,,36.5794000107,128.5736487,,부부온누리약국,054-856-2049,2025-11-01,5070000,경상북도 안동시
용상약국,경상북도,안동시,경상북도 안동시 경동로 876,,36.55880362,128.7516192,,용상약국,054-821-2811,2025-11-01,5070000,경상북도 안동시
장춘당약국,경상북도,안동시,경상북도 안동시 남문로 25,,36.56543724,128.7297865,,장춘당약국,054-855-2896,2025-11-01,5070000,경상북도 안동시
푸른약국,경상북도,안동시,경상북도 안동시 경동로 609,,36.56357798,128.7243395,,푸른약국,054-859-7578,2025-11-01,5070000,경상북도 안동시
유성약국,경상북도,안동시,경상북도 안동시 중앙시장3길 35,,36.56499337,128.7212916,,유성약국,054-841-0045,2025-11-01,5070000,경상북도 안동시
삼성약국,경상북도,안동시,경상북도 안동시 중앙시장길 26,,36.5645311,128.7246947,,삼성약국,054-853-3399,2025-11-01,5070000,경상북도 안동시
황금약국,경상북도,안동시,경상북도 안동시 경북대로 407,,36.5652528711,128.6995760243,,황금약국,054-842-6374,2025-11-01,5070000,경상북도 안동시
안동온누리약국,경상북도,안동시,경상북도 안동시 경북대로 474,,36.57085723,128.6976152,,안동온누리약국,054-856-7004,2025-11-01,5070000,경상북도 안동시
남안동약국,경상북도,안동시,경상북도 안동시 경북대로 165,,36.54686126,128.7016434,,남안동약국,054-859-4689,2025-11-01,5070000,경상북도 안동시
중앙약국,경상북도,안동시,경상북도 안동시  태사2길  50,,36.56754358,128.7316609,,중앙약국,054-857-5005,2025-11-01,5070000,경상북도 안동시
가란도보건진료소,전라남도,신안군,전라남도 신안군 압해읍 가란길 168,,34.874028,126.365922,수산물처리장 옆,신안군보건소,061-240-8897,2025-12-08,5010000,전라남도 신안군
고이도보건진료소,전라남도,신안군,전라남도 신안군 압해읍 왕산길 3,,34.95889782,126.2886082,압해초등학교 고이분교장 건너편,신안군보건소,061-240-8897,2025-12-08,5010000,전라남도 신안군
매화도보건진료소,전라남도,신안군,전라남도 신안군 압해읍 매화길 724,,34.91841275,126.2404154,압해파출소 매화분소 옆,신안군보건소,061-240-8897,2025-12-08,5010000,전라남도 신안군
어의도보건진료소,전라남도,신안군,전라남도 신안군 지도읍 어의길 91-11,,35.14014449,126.1900202,어의경로당 길 건너편,신안군보건소,061-240-8897,2025-12-08,5010000,전라남도 신안군
선도보건진료소,전라남도,신안군,전라남도 신안군 지도읍 선도길 14-4,,34.97676088,126.2693621,선도선착장 건너편,신안군보건소,061-240-8897,2025-12-08,5010000,전라남도 신안군
홍도보건지소,전라남도,신안군,전라남도 신안군 흑산면 홍도 1길 65,,34.68450122,125.1936822,홍도연안여객선터미널 건너편,신안군보건소,061-240-8897,2025-12-08,5010000,전라남도 신안군
가거도보건지소,전라남도,신안군,전라남도 신안군 흑산면 가거도길 36,,34.05237412,125.126635,흑산가거도우체국 건너편,신안군보건소,061-240-8897,2025-12-08,5010000,전라남도 신안군
암태보건지소,전라남도,신안군,전라남도 신안군 암태면 승봉로 38,,34.826233,126.1101211,신안국민체육센터 건너편,신안군보건소,061-240-8897,2025-12-08,5010000,전라남도 신안군
팔금보건지소,전라남도,신안군,전라남도 신안군 팔금면 삼층석탑길 147,,34.784782,126.142450,팔금면사무소 옆,신안군보건소,061-240-8897,2025-12-08,5010000,전라남도 신안군
안좌보건지소,전라남도,신안군,전라남도 신안군 안좌면 중부로 870,,34.75614485,126.1254212,안좌면사무서 옆,신안군보건소,061-240-8897,2025-12-08,5010000,전라남도 신안군
장산보건지소,전라남도,신안군,전라남도 신안군 장산면 장산로 326,,34.64035936,126.1475563,장산농협주유소 건너편,신안군보건소,061-240-8897,2025-12-08,5010000,전라남도 신안군
신의보건지소,전라남도,신안군,전라남도 신안군 신의면 신의로 663,,34.58477844,126.088643,신의면사무소 옆,신안군보건소,061-240-8897,2025-12-08,5010000,전라남도 신안군
하의보건지소,전라남도,신안군,전라남도 신안군 하의면 하의로 250,,34.60578051,126.035756,하의면복지회관 옆,신안군보건소,061-240-8897,2025-12-08,5010000,전라남도 신안군
흑산보건지소,전라남도,신안군,전라남도 신안군 흑산면 흑산일주로 16,,34.683654,125.4427974,코리아모텔식당옆,신안군보건소,061-240-8897,2025-12-08,5010000,전라남도 신안군
도초보건지소,전라남도,신안군,전라남도 신안군 도초면 서남문로 1515-6,,34.70295557,125.953778,도초작은도서관 옆,신안군보건소,061-240-8897,2025-12-08,5010000,전라남도 신안군
비금보건지소,전라남도,신안군,전라남도 신안군 비금면 읍동길 15-10,,34.75525591,125.9261073,비금면사무소 건너편,신안군보건소,061-240-8897,2025-12-08,5010000,전라남도 신안군
자은보건지소,전라남도,신안군,전라남도 신안군 자은면 구영 1길 8,,34.88464631,126.047605,자은면사무소 옆,신안군보건소,061-240-8897,2025-12-08,5010000,전라남도 신안군
임자보건지소,전라남도,신안군,전라남도 신안군 임자면 임자로 68,,35.08335612,126.1151416,임자면종합복지센터 옆,신안군보건소,061-240-8897,2025-12-08,5010000,전라남도 신안군
증도보건지소,전라남도,신안군,전라남도 신안군 증도면 문준경길 193-1,,35.0023449,126.139573,증도면사무소 도로 건너편,신안군보건소,061-240-8897,2025-12-08,5010000,전라남도 신안군
압해보건지소,전라남도,신안군,전라남도 신안군 압해읍 압해로 882,,34.86556044,126.3125213,삼거리슈퍼 옆,신안군보건소,061-240-8897,2025-12-08,5010000,전라남도 신안군
지도보건지소,전라남도,신안군,전라남도 신안군 지도읍 지도증도로 9-1,,35.0571401,126.2053652,신안젓갈타운옆 1층건물,신안군보건소,061-240-8897,2025-12-08,5010000,전라남도 신안군
신안군보건소,전라남도,신안군,전라남도 신안군 압해읍 천사로 1004,,34.833660,126.3514253,신안군청 옆 1층건물,신안군보건소,061-240-8897,2025-12-08,5010000,전라남도 신안군
구영 약국,전라남도,신안군,전라남도 신안군 암태면 중부로 1820-4,,34.82892616,126.1145745,천사병원 들어가는 입구,신안군보건소,061-240-8897,2025-12-08,5010000,전라남도 신안군
대창 약국,전라남도,신안군,전라남도 신안군 안좌면 중부로 852,,34.75447357,126.1253545,한국의원 옆 1층 건물,신안군보건소,061-240-8897,2025-12-08,5010000,전라남도 신안군
녹십자 약국,전라남도,신안군,전라남도 신안군 흑산면 예리1길 58-1,,34.684619,125.444291,관광모텔 옆 1층건물,신안군보건소,061-240-8897,2025-12-08,5010000,전라남도 신안군
세명 약국,전라남도,신안군,전라남도 신안군 비금면 송치길 155-19,,34.72120412,125.932744,신안대우병원 올라가는 길목,신안군보건소,061-240-8897,2025-12-08,5010000,전라남도 신안군
신안 약국,전라남도,신안군,전라남도 신안군 자은면 구영2길 46,,34.884489,126.0454974,하나로마트 신안농협 자은점 옆,신안군보건소,061-240-8897,2025-12-08,5010000,전라남도 신안군
유한 약국,전라남도,신안군,전라남도 신안군 임자면 임자로 146,,35.08646752,126.107185,임자농협 앞,신안군보건소,061-240-8897,2025-12-08,5010000,전라남도 신안군
압해종로 약국,전라남도,신안군,전라남도 신안군 압해읍 압해로 869,,34.864771,126.3138565,천사약국 앞,신안군보건소,061-240-8897,2025-12-08,5010000,전라남도 신안군
천사 약국,전라남도,신안군,전라남도 신안군 압해읍 압해로 872,,34.86517004,126.313750,압해읍버스터미널옆,신안군보건소,061-240-8897,2025-12-08,5010000,전라남도 신안군
지도행복 약국,전라남도,신안군,전라남도 신안군 지도읍 봉리길 3,,35.05964287,126.210492,지도성심의원 옆,신안군보건소,061-240-8897,2025-12-08,5010000,전라남도 신안군
지도중앙 약국,전라남도,신안군,전라남도 신안군 지도읍 봉리길 16-1,,35.06060591,126.2113252,서울의원 옆,신안군보건소,061-240-8897,2025-12-08,5010000,전라남도 신안군
대일 약국,전라남도,신안군,전라남도 신안군 지도읍 봉리길 9,,35.059937,126.2107483,황금주유소 옆,신안군보건소,061-240-8897,2025-12-08,5010000,전라남도 신안군
은남통합보건지소,경기도,양주시,경기도 양주시 남면 화합로610번길 161-13,경기도 양주시 남면 상수리 204-11,37.8701767966,127.006394,보건지소내,보건행정과,031-8082-7133,2025-09-11,5590000,경기도 양주시
양주시보건소,경기도,양주시,경기도 양주시 부흥로 1533,경기도 양주시 남방동 1-1,37.7853533,127.044913,보건소내1층,보건행정과,031-8082-7133,2025-09-11,5590000,경기도 양주시
추포도보건진료소,전라남도,신안군,전라남도 신안군 암태면 승봉로 491,,34.81281445,126.0659242,추포교회 건너편,신안군보건소,061-240-8897,2025-12-08,5010000,전라남도 신안군
당사도보건진료소,전라남도,신안군,전라남도 신안군 암태면 당사도길 58-29,,34.88568273,126.1774061,당사교회 도로 건너편,신안군보건소,061-240-8897,2025-12-08,5010000,전라남도 신안군
자라도보건진료소,전라남도,신안군,전라남도 신안군 안좌면 자라도길 16,,34.689966,126.1692205,농협창고 옆,신안군보건소,061-240-8897,2025-12-08,5010000,전라남도 신안군
반월도보건진료소,전라남도,신안군,전라남도 신안군 안좌면 반월도길 211,,34.70018667,126.103773,반월마을식당 도로 건너편,신안군보건소,061-240-8897,2025-12-08,5010000,전라남도 신안군
마진도보건진료소,전라남도,신안군,전라남도 신안군 장산면 마진도길 28,,34.62334577,126.2074904,마진교회 건너편,신안군보건소,061-240-8897,2025-12-08,5010000,전라남도 신안군
옥도보건진료소,전라남도,신안군,전라남도 신안군 하의면 옥도길 83,,34.67884117,126.0696631,1층건물,신안군보건소,061-240-8897,2025-12-08,5010000,전라남도 신안군
능산도보건진료소,전라남도,신안군,전라남도 신안군 하의면 능뫼큰길 5-18,,34.61295783,126.0083833,1층건물,신안군보건소,061-240-8897,2025-12-08,5010000,전라남도 신안군
장도보건진료소,전라남도,신안군,전라남도 신안군 흑산면 장도길 23-23,,34.67752004,125.3773939,장도공소 옆,신안군보건소,061-240-8897,2025-12-08,5010000,전라남도 신안군
만재도보건진료소,전라남도,신안군,전라남도 신안군 흑산면 만재도길 88-1,,34.20755067,125.4687998,만재도 치안센터 건너편,신안군보건소,061-240-8897,2025-12-08,5010000,전라남도 신안군
영산도보건진료소,전라남도,신안군,전라남도 신안군 흑산면 영산길 20,,34.65219255,125.4664031,흑산초등학교 영산분교 건너편,신안군보건소,061-240-8897,2025-12-08,5010000,전라남도 신안군
다물도보건진료소,전라남도,신안군,전라남도 신안군 흑산면 다물도길 75,,34.73691191,125.444425,다물도리어촌계회관 옆,신안군보건소,061-240-8897,2025-12-08,5010000,전라남도 신안군
대둔도보건진료소,전라남도,신안군,전라남도 신안군 흑산면 김이수길 22-4,,34.730766,125.463807,한마음쉼터 건너편,신안군보건소,061-240-8897,2025-12-08,5010000,전라남도 신안군
태도보건진료소,전라남도,신안군,전라남도 신안군 흑산면 장굴길 49-1,,34.428764,125.284128,1층건물,신안군보건소,061-240-8897,2025-12-08,5010000,전라남도 신안군
사리보건진료소,전라남도,신안군,전라남도 신안군 흑산면 흑산일주로 1501,,34.64647087,125.4098986,1층건물,신안군보건소,061-240-8897,2025-12-08,5010000,전라남도 신안군
우이도보건진료소,전라남도,신안군,전라남도 신안군 도초면 우이진리길 47-17,,34.61828189,125.853151,우이도출장소 건너편,신안군보건소,061-240-8897,2025-12-08,5010000,전라남도 신안군
수치도보건진료소,전라남도,신안군,전라남도 신안군 비금면 수치도길 233,,34.74185868,126.0170296,1층 건물,신안군보건소,061-240-8897,2025-12-08,5010000,전라남도 신안군
재원도보건진료소,전라남도,신안군,전라남도 신안군 임자면 재원도길 23-10,,35.093165,126.020783,1층 건물,신안군보건소,061-240-8897,2025-12-08,5010000,전라남도 신안군
병풍도보건진료소,전라남도,신안군,전라남도 신안군 증도면 병풍1길 38,,34.95970505,126.213419,1층 건물,신안군보건소,061-240-8897,2025-12-08,5010000,전라남도 신안군
하나로약국,전라남도,해남군,전라남도 해남군 해남읍 교육청길 43,전라남도 해남군 해남읍 해리 688-1,34.567629,126.608486,,전라남도 해남군청,061-530-5336,2025-11-06,4930000,전라남도 해남군
건강마트약국,전라남도,해남군,전라남도 해남군 해남읍 해남로 7,전라남도 해남군 해남읍 해리 459-1,34.57110461,126.6079329,,전라남도 해남군청,061-530-5336,2025-11-06,4930000,전라남도 해남군
농민약국,전라남도,해남군,전라남도 해남군 해남읍 중앙2로 51,전라남도 해남군 해남읍 읍내리 69-9,34.56963332,126.5979937,,전라남도 해남군청,061-530-5336,2025-11-06,4930000,전라남도 해남군
화원약국,전라남도,해남군,전라남도 해남군 화원면 청용1길 6,전라남도 해남군 화원면 청용리 542,34.66891809,126.3291844,,전라남도 해남군청,061-530-5336,2025-11-06,4930000,전라남도 해남군
신성약국,전라남도,해남군,전라남도 해남군 해남읍 홍교로 23,전라남도 해남군 해남읍 평동리 71,34.56983597,126.5992014,,전라남도 해남군청,061-530-5336,2025-11-06,4930000,전라남도 해남군
호산나약국,전라남도,해남군,전라남도 해남군 해남읍 중앙2로 75,전라남도 해남군 해남읍 고도리 100-20,34.56849084,126.5973932,,전라남도 해남군청,061-530-5336,2025-11-06,4930000,전라남도 해남군
남도약국,전라남도,해남군,전라남도 해남군 해남읍 해남로 8,전라남도 해남군 해남읍 해리 401,34.57080874,126.6081505,,전라남도 해남군청,061-530-5336,2025-11-06,4930000,전라남도 해남군
정다운약국,전라남도,해남군,전라남도 해남군 해남읍 중앙1로 2,전라남도 해남군 해남읍 해리 456-1,34.5712323,126.6069363,,전라남도 해남군청,061-530-5336,2025-11-06,4930000,전라남도 해남군
산이약국,전라남도,해남군,전라남도 해남군 산이면 비석길 93,전라남도 해남군 산이면 초송리 591-1,34.64390647,126.448300,,전라남도 해남군청,061-530-5336,2025-11-06,4930000,전라남도 해남군
대흥약국,전라남도,해남군,전라남도 해남군 북일면 만월길 24,전라남도 해남군 북일면 흥촌리 159-9,34.46394765,126.6727602,,전라남도 해남군청,061-530-5336,2025-11-06,4930000,전라남도 해남군
샘물약국,전라남도,해남군,전라남도 해남군 해남읍 중앙2로 127-3,전라남도 해남군 해남읍 고도리 116-6,34.56683094,126.5956787,,전라남도 해남군청,061-530-5336,2025-11-06,4930000,전라남도 해남군
영생약국,전라남도,해남군,전라남도 해남군 해남읍 남부순환로 2,전라남도 해남군 해남읍 해리 407-4,34.57059554,126.6066913,,전라남도 해남군청,061-530-5336,2025-11-06,4930000,전라남도 해남군
해남약국,전라남도,해남군,전라남도 해남군 해남읍 중앙2로 149,전라남도 해남군 해남읍 고도리 401-22,34.56611458,126.5947869,,전라남도 해남군청,061-530-5336,2025-11-06,4930000,전라남도 해남군
조제약국,전라남도,해남군,전라남도 해남군 북평면 달량진길 55-1,전라남도 해남군 북평면 남창리 201-7,34.4043434,126.6279862,,전라남도 해남군청,061-530-5336,2025-11-06,4930000,전라남도 해남군
해남종로약국,전라남도,해남군,전라남도 해남군 해남읍 중앙2로 94,전라남도 해남군 해남읍 고도리 106-12,34.56820903,126.5965685,,전라남도 해남군청,061-530-5336,2025-11-06,4930000,전라남도 해남군
해오름약국,전라남도,해남군,전라남도 해남군 해남읍 남부순환로 1,전라남도 해남군 해남읍 해리 405-5,34.57058316,126.6073233,,전라남도 해남군청,061-530-5336,2025-11-06,4930000,전라남도 해남군
태평양약국,전라남도,해남군,전라남도 해남군 화산면 해남화산로 1069,전라남도 해남군 화산면 방축리 388-12,34.49080917,126.5152665,,전라남도 해남군청,061-530-5336,2025-11-06,4930000,전라남도 해남군
성산2동 주민센터,서울특별시,마포구,서울특별시 마포구 월드컵북로30길 22,서울특별시 마포구 성산동 603,37.568915,126.909040,,서울특별시 성산2동 주민센터,02-3153-6936,2025-10-02,3130000,서울특별시 마포구
성산1동 주민센터,서울특별시,마포구,서울특별시 마포구 성산로4길 15,서울특별시 마포구 성산동 275-37,37.563547,126.907912,,서울특별시 성산1동 주민센터,02-3153-6906,2025-10-02,3130000,서울특별시 마포구
연남동 주민센터,서울특별시,마포구,서울특별시 마포구 성미산로29길 17-9,서울특별시 마포구 연남동 250-9,37.564634,126.922021,,서울특별시 연남동 주민센터,02-3153-6878,2025-10-02,3130000,서울특별시 마포구
망원2동 주민센터,서울특별시,마포구,서울특별시 마포구 방울내로7길 11,서울특별시 마포구 망원동 436-14,37.560561,126.902255,,서울특별시 망원2동 주민센터,02-3153-6849,2025-10-02,3130000,서울특별시 마포구
망원1동 주민센터,서울특별시,마포구,서울특별시 마포구 포은로6길 10,서울특별시 마포구 망원동 403-2,37.555776,126.905903,,서울특별시 망원1동 주민센터,02-3153-6817,2025-10-02,3130000,서울특별시 마포구
합정동 주민센터,서울특별시,마포구,서울특별시 마포구 월드컵로5길 11,서울특별시 마포구 합정동 473,37.551206,126.911919,,서울특별시 합정동 주민센터,02-3153-6783,2025-10-02,3130000,서울특별시 마포구
서교동 주민센터,서울특별시,마포구,서울특별시 마포구 동교로15길 7,서울특별시 마포구 서교동 478-5,37.555331,126.914617,,서울특별시 서교동 주민센터,02-3153-6757,2025-10-02,3130000,서울특별시 마포구
서강동 주민센터,서울특별시,마포구,서울특별시 마포구 독막로 165,서울특별시 마포구 창전동 242,37.547864,126.932055,,서울특별시 서강동 주민센터,02-3153-6724,2025-10-02,3130000,서울특별시 마포구
신수동 주민센터,서울특별시,마포구,서울특별시 마포구 독막로 192,서울특별시 마포구 신수동 458,37.547277,126.935205,,서울특별시 신수동 주민센터,02-3153-6693,2025-10-02,3130000,서울특별시 마포구
염리동 주민센터,서울특별시,마포구,서울특별시 마포구 숭문길 14,서울특별시 마포구 염리동 147-14,37.547266,126.945677,,서울특별시 염리동 주민센터,02-3153-6664,2025-10-02,3130000,서울특별시 마포구
대흥동 주민센터,서울특별시,마포구,서울특별시 마포구 신촌로26길 10,서울특별시 마포구 노고산동 1-50,37.556046,126.942166,,서울특별시 대흥동 주민센터,02-3153-6642,2025-10-02,3130000,서울특별시 마포구
용강동 주민센터,서울특별시,마포구,서울특별시 마포구 토정로31길 31,서울특별시 마포구 용강동 505,37.542495,126.942738,,서울특별시 용강동 주민센터,02-3153-6605,2025-10-02,3130000,서울특별시 마포구
도화동 주민센터,서울특별시,마포구,서울특별시 마포구 도화길 37,서울특별시 마포구 도화동 557,37.541721,126.949912,,서울특별시 도화동 주민센터,02-3153-6577,2025-10-02,3130000,서울특별시 마포구
아현동 주민센터,서울특별시,마포구,서울특별시 마포구 마포대로7길 18,서울특별시 마포구 공덕동 458,37.547245,126.952168,,서울특별시 아현동 주민센터,02-3153-6543,2025-10-02,3130000,서울특별시 마포구
공덕동 주민센터,서울특별시,마포구,서울특별시 마포구 만리재옛길 84,서울특별시 마포구 공덕동 29-6,37.550408,126.960090,,서울특별시 공덕동 주민센터,02-3153-6519,2025-10-02,3130000,서울특별시 마포구
보건소 서강지소,서울특별시,마포구,"서울특별시 마포구 독막로 165, 3층",서울특별시 마포구 창전동 242 3층,37.547783,126.931937,,서울특별시 보건소 서강지소,02-3153-9842,2025-10-02,3130000,서울특별시 마포구
마포구시설관리공단,서울특별시,마포구,"서울특별시 마포구 마포대로11길 44-81, 2층",서울특별시 마포구 아현동770 2층,37.552355,126.951381,,서울특별시 마포구시설관리공단,02-362-9171,2025-10-02,3130000,서울특별시 마포구
마포 보건소,서울특별시,마포구,서울특별시 마포구 월드컵로 212 1층,서울특별시 마포구 성산동 370 1층,37.566446,126.901932,,서울특별시 마포 보건소,02-3153-9131,2025-10-02,3130000,서울특별시 마포구
동해시보건소,강원특별자치도,동해시,강원특별자치도 동해시 천곡로 100-2,강원특별자치도 동해시 천곡동 840,37.5229105,129.117065,보건소 내,강원특별자치도 동해시청,033-530-2371,2025-11-04,4211000,강원특별자치도 동해시
송정동행정복지센터,강원특별자치도,동해시,강원특별자치도 동해시 동해항2길 25,강원특별자치도 동해시 송정동 854-110,37.499715,129.128639,행정복지센터 내,강원특별자치도 동해시청,033-530-2371,2025-11-04,4211000,강원특별자치도 동해시
삼화동행정복지센터,강원특별자치도,동해시,강원특별자치도 동해시 무릉1길 10,강원특별자치도 동해시 이로동 183-2,37.488444,129.067599,행정복지센터 내,강원특별자치도 동해시청,033-530-2371,2025-11-04,4211000,강원특별자치도 동해시
천곡동행정복지센터,강원특별자치도,동해시,강원특별자치도 동해시 천곡로 98-1,강원특별자치도 동해시 천곡동 842,37.5229083,129.1163522,행정복지센터 내,강원특별자치도 동해시청,033-530-2371,2025-11-04,4211000,강원특별자치도 동해시
북삼동행정복지센터,강원특별자치도,동해시,강원특별자치도 동해시 효자남길 33-4,강원특별자치도 동해시 동회동 110,37.489408,129.107598,행정복지센터 내,강원특별자치도 동해시청,033-530-2371,2025-11-04,4211000,강원특별자치도 동해시
묵호동행정복지센터,강원특별자치도,동해시,강원특별자치도 동해시 논골길 78,강원특별자치도 동해시 묵호진동 1-44,37.558699,129.1142608,행정복지센터 내,강원특별자치도 동해시청,033-530-2371,2025-11-04,4211000,강원특별자치도 동해시
발한동행정복지센터,강원특별자치도,동해시,강원특별자치도 동해시 발한로 211,강원특별자치도 동해시 발한동 239-1,37.5485078,129.1076471,행정복지센터 내,강원특별자치도 동해시청,033-530-2371,2025-11-04,4211000,강원특별자치도 동해시
수영약국,전라남도,해남군,전라남도 해남군 문내면 우수영로 10-51,전라남도 해남군 문내면 동외리 859-8,34.59693347,126.3119132,,전라남도 해남군청,061-530-5336,2025-11-06,4930000,전라남도 해남군
대동약국,전라남도,해남군,전라남도 해남군 북평면 볼무당길 35,전라남도 해남군 북평면 남창리 352-1,34.40795074,126.6299333,,전라남도 해남군청,061-530-5336,2025-11-06,4930000,전라남도 해남군
광주약국,전라남도,해남군,전라남도 해남군 황산면 시등로 119-2,전라남도 해남군 황산면 남리리 27-2,34.57551655,126.4311633,,전라남도 해남군청,061-530-5336,2025-11-06,4930000,전라남도 해남군
대창약국,전라남도,해남군,전라남도 해남군 해남읍 중앙2로 124,전라남도 해남군 해남읍 고도리 115-3,34.56722062,126.5953491,,전라남도 해남군청,061-530-5336,2025-11-06,4930000,전라남도 해남군
장흥보건지소,경기도,양주시,경기도 양주시 장흥면 권율로 7,경기도 양주시 장흥면 일영리 137-2,37.7178852,126.9408836,보건지소내,보건행정과,031-8082-7133,2025-09-11,5590000,경기도 양주시
아영행정복지센터,전북특별자치도,남원시,전북특별자치도 남원시 아영면 아백로 380,,35.50864301,127.6128973,,아영행정복지센터,063-620-4087,2025-11-03,4701000,전북특별자치도 남원시
인월행정복지센터,전북특별자치도,남원시,전북특별자치도 남원시 인월면 인월장터로 53,,35.4643794,127.600177,,인월행정복지센터,063-620-4076,2025-11-03,4701000,전북특별자치도 남원시
이백행정복지센터,전북특별자치도,남원시,전북특별자치도 남원시 이백면 입촌길 16,,35.42710557,127.4580128,,이백행정복지센터,063-620-4049,2025-11-03,4701000,전북특별자치도 남원시
산동행정복지센터,전북특별자치도,남원시,전북특별자치도 남원시 산동면 요천로 2919,,35.49274346,127.4759526,,산동행정복지센터,063-620-4022,2025-11-03,4701000,전북특별자치도 남원시
보절행정복지센터,전북특별자치도,남원시,전북특별자치도 남원시 보절면 신흥2길 17,,35.5131512,127.4023717,,보절행정복지센터,063-620-4009,2025-11-03,4701000,전북특별자치도 남원시
덕과행정복지센터,전북특별자치도,남원시,전북특별자치도 남원시 덕과면 덕과월평길 3,,35.51705811,127.3523095,,덕과행정복지센터,063-620-3989,2025-11-03,4701000,전북특별자치도 남원시
사매행정복지센터,전북특별자치도,남원시,전북특별자치도 남원시 사매면 오신1길 9-4,,35.49853554,127.3605477,,사매행정복지센터,063-620-3968,2025-11-03,4701000,전북특별자치도 남원시
대산행정복지센터,전북특별자치도,남원시,전북특별자치도 남원시 대산면 운교1길 26,,35.43224489,127.3252435,,대산행정복지센터,063-620-3951,2025-11-03,4701000,전북특별자치도 남원시
대강행정복지센터,전북특별자치도,남원시,전북특별자치도 남원시 대강면 섬진로 865,,35.34732837,127.2277408,,대강행정복지센터,063-620-3930,2025-11-03,4701000,전북특별자치도 남원시
금지행정복지센터,전북특별자치도,남원시,전북특별자치도 남원시 금지면 금지순환길 917-27,,35.35761229,127.303834,,금지행정복지센터,063-620-3911,2025-11-03,4701000,전북특별자치도 남원시
주생행정복지센터,전북특별자치도,남원시,전북특별자치도 남원시 주생면 요천로 821,,35.3788391,127.3218702,,주생행정복지센터,063-620-3887,2025-11-03,4701000,전북특별자치도 남원시
송동행정복지센터,전북특별자치도,남원시,전북특별자치도 남원시 송동면 송기길 56,,35.35445791,127.3372469,,송동행정복지센터,063-620-3870,2025-11-03,4701000,전북특별자치도 남원시
수지행정복지센터,전북특별자치도,남원시,전북특별자치도 남원시 수지면 고주로 623-10,,35.33936377,127.3714668,,수지행정복지센터,063-620-3847,2025-11-03,4701000,전북특별자치도 남원시
주천행정복지센터,전북특별자치도,남원시,전북특별자치도 남원시 주천면 정령치로 61,,35.39100942,127.4421438,,주천행정복지센터,063-620-3837,2025-11-03,4701000,전북특별자치도 남원시
운봉행정복지센터,전북특별자치도,남원시,전북특별자치도 남원시 운봉읍 황산로 1083,,35.43933865,127.5291891,,운봉행정복지센터,063-620-3811,2025-11-03,4701000,전북특별자치도 남원시
보건소,전북특별자치도,남원시,전북특별자치도 남원시 요천로 1285,,35.39783988,127.3639897,,남원시보건소,063-620-7952,2025-11-03,4701000,전북특별자치도 남원시
푸르메재단 넥슨어린이재활병원,서울특별시,마포구,"서울특별시 마포구 월드컵북로 494, 지하1층~7층",서울특별시 마포구 상암동 1738,37.584866,126.880573,,서울특별시 마포구청,02-3153-9206,2025-10-02,3130000,서울특별시 마포구
에스엠씨요양병원,서울특별시,마포구,"서울특별시 마포구 월드컵북로 165, 지하1층~5층 (성산동, SMC)",서울특별시 마포구 성산동 200-22,37.567054,126.909865,,서울특별시 마포구청,02-3153-9206,2025-10-02,3130000,서울특별시 마포구
마포요양병원,서울특별시,마포구,"서울특별시 마포구 성산로 128, 지하1~지상5층",서울특별시 마포구 성산동 275-3 지하1~지상5층,37.563940,126.908440,,서울특별시 마포구청,02-3153-9206,2025-10-02,3130000,서울특별시 마포구
월드컵 아이파크 2차 아파트,서울특별시,마포구,서울특별시 마포구 모래내로9길 3,서울특별시 마포구 성산동 667,37.567147,126.913231,,서울특별시 마포구청,02-3153-9206,2025-10-02,3130000,서울특별시 마포구
월드컵 아이파크 1차 아파트,서울특별시,마포구,서울특별시 마포구 모래내로9길 6,서울특별시 마포구 성산동 667,37.567684,126.914442,,서울특별시 마포구청,02-3153-9206,2025-10-02,3130000,서울특별시 마포구
상암 월드컵파크 4단지 아파트,서울특별시,마포구,서울특별시 마포구 상암산로1길 24,서울특별시 마포구 상암동 1655,37.577882,126.888743,,서울특별시 마포구청,02-3153-9206,2025-10-02,3130000,서울특별시 마포구
마포한강 아이파크 아파트,서울특별시,마포구,서울특별시 마포구 희우정로 77,서울특별시 마포구 망원동 521,37.552781,126.903199,,서울특별시 마포구청,02-3153-9206,2025-10-02,3130000,서울특별시 마포구
래미안 밤섬 리베뉴 2차 아파트,서울특별시,마포구,서울특별시 마포구 독막로20나길 21,서울특별시 마포구 상수동 398,37.546760,126.927180,,서울특별시 마포구청,02-3153-9206,2025-10-02,3130000,서울특별시 마포구
망원 2차 대림 아파트,서울특별시,마포구,서울특별시 마포구 망원로1길 27,서울특별시 마포구 망원동 497,37.557342,126.899324,,서울특별시 마포구청,02-3153-9206,2025-10-02,3130000,서울특별시 마포구
망원 성원 2차 아파트,서울특별시,마포구,서울특별시 마포구 망원로4길 8,서울특별시 마포구 망원동 489,37.556408,126.901434,,서울특별시 마포구청,02-3153-9206,2025-10-02,3130000,서울특별시 마포구
상수 두산 위브 아파트,서울특별시,마포구,서울특별시 마포구 독막로18길 5,서울특별시 마포구 상수동 396,37.547128,126.924308,,서울특별시 마포구청,02-3153-9206,2025-10-02,3130000,서울특별시 마포구
상암월드컵파크 9단지 아파트,서울특별시,마포구,서울특별시 마포구 월드컵북로 501,서울특별시 마포구 상암동 1752,37.583606,126.878756,,서울특별시 마포구청,02-3153-9206,2025-10-02,3130000,서울특별시 마포구
서강 쌍용 예가 아파트,서울특별시,마포구,서울특별시 마포구 독막로 145,서울특별시 마포구 창전동 444,37.548515,126.929450,,서울특별시 마포구청,02-3153-9206,2025-10-02,3130000,서울특별시 마포구
상암동 주민센터,서울특별시,마포구,서울특별시 마포구 매봉산로2길 16,서울특별시 마포구 상암동 1616,37.578494,126.894655,,서울특별시 상암동 주민센터,02-3153-6964,2025-10-02,3130000,서울특별시 마포구
안천보건진료소,경상북도,영천시,경상북도 영천시 화남면 능계1길 26-5,경상북도 영천시 화남면 안천리 603,36.08459598,128.8954565,내부,영천시보건소,054-339-7786,2024-09-24,5100000,경상북도 영천시
상송보건진료소,경상북도,영천시,경상북도 영천시 화북면 상송안길 34-13,경상북도 영천시 화북면 죽전리 100-3,36.15240529,128.9159689,내부,영천시보건소,054-339-7786,2024-09-24,5100000,경상북도 영천시
암기보건진료소,경상북도,영천시,경상북도 영천시 화산면 가래실로 194,경상북도 영천시 화산면 암기리 647,36.01778776,128.8879594,내부,영천시보건소,054-339-7786,2024-09-24,5100000,경상북도 영천시
부산보건진료소,경상북도,영천시,경상북도 영천시 신녕면 치산효령로 578-14,경상북도 영천시 신녕면 부산리 913-1,36.0648521,128.7332643,내부,영천시보건소,054-339-7786,2024-09-24,5100000,경상북도 영천시
우천보건진료소,경상북도,영천시,경상북도 영천시 청통면 청통로 236,경상북도 영천시 청통면 우천리 730,35.98813039,128.8672113,내부,영천시보건소,054-339-7786,2024-09-24,5100000,경상북도 영천시
호남보건진료소,경상북도,영천시,경상북도 영천시 금호읍 호남안길 42,경상북도 영천시 금호읍 호남리 362,35.89725655,128.9157705,내부,영천시보건소,054-339-7786,2024-09-24,5100000,경상북도 영천시
대창보건지소,경상북도,영천시,경상북도 영천시 대창면 금박로 1057-7,경상북도 영천시 대창면 대창리 783-1,35.87575952,128.8946967,내부,영천시보건소,054-339-7786,2024-09-24,5100000,경상북도 영천시
북안보건지소,경상북도,영천시,경상북도 영천시 북안면 운북로 2051,경상북도 영천시 북안면 임포리 390-3,35.92002038,129.0074943,내부,영천시보건소,054-339-7786,2024-09-24,5100000,경상북도 영천시
고경보건지소,경상북도,영천시,경상북도 영천시 고경면 호국로 1065-20,경상북도 영천시 고경면 해선리 310-1,36.0017389,129.0462954,내부,영천시보건소,054-339-7786,2024-09-24,5100000,경상북도 영천시
임고보건지소,경상북도,영천시,경상북도 영천시 임고면 포은로 491,경상북도 영천시 임고면 양항리 616-1,36.02049979,128.9738177,내부,영천시보건소,054-339-7786,2024-09-24,5100000,경상북도 영천시
자양보건지소,경상북도,영천시,경상북도 영천시 자양면 포은로 1625-10,경상북도 영천시 자양면 성곡리 546-1,36.07894102,129.0181837,내부,영천시보건소,054-339-7786,2024-09-24,5100000,경상북도 영천시
화남보건지소,경상북도,영천시,경상북도 영천시 화남면 신화로 1193,경상북도 영천시 화남면 삼창리 975-2,36.05868032,128.8888805,내부,영천시보건소,054-339-7786,2024-09-24,5100000,경상북도 영천시
화북보건지소,경상북도,영천시,경상북도 영천시 화북면 화북길 93,경상북도 영천시 화북면 자천리 1470,36.10805795,128.9197447,내부,영천시보건소,054-339-7786,2024-09-24,5100000,경상북도 영천시
화산보건지소,경상북도,영천시,경상북도 영천시 화산면 연지길 14,경상북도 영천시 화산면 유성리 1379-8,36.02027053,128.8527199,내부,영천시보건소,054-339-7786,2024-09-24,5100000,경상북도 영천시
신녕보건지소,경상북도,영천시,경상북도 영천시 신녕면 신화로 26,경상북도 영천시 신녕면 화성리 420-2,36.04521272,128.7901966,내부,영천시보건소,054-339-7786,2024-09-24,5100000,경상북도 영천시
청통보건지소,경상북도,영천시,경상북도 영천시 청통면 청통초등길 11,경상북도 영천시 청통면 치일리 13,35.99202561,128.8234241,내부,영천시보건소,054-339-7786,2024-09-24,5100000,경상북도 영천시
금호보건지소,경상북도,영천시,경상북도 영천시 금호읍 교대8길 13,경상북도 영천시 금호읍 교대리 6-5,35.93436423,128.8785867,내부,영천시보건소,054-339-7786,2024-09-24,5100000,경상북도 영천시
서강약국,경상북도,영천시,경상북도 영천시 금호읍 금호로 129,경상북도 영천시 금호읍 교대리 180-16,35.93208466,128.8757518,내부,영천시보건소,054-339-7786,2024-09-24,5100000,경상북도 영천시
영천약국,경상북도,영천시,경상북도 영천시 오수1길 8,경상북도 영천시 오수동 122,35.95791986,128.912805,내부,영천시보건소,054-339-7786,2024-09-24,5100000,경상북도 영천시
새영천약국,경상북도,영천시,경상북도 영천시 시장로 59,경상북도 영천시 완산동 1067-3,35.96359599,128.9367056,내부,영천시보건소,054-339-7786,2024-09-24,5100000,경상북도 영천시
신세계약국,경상북도,영천시,경상북도 영천시 시장로 70-1,경상북도 영천시 완산동 988-11,35.96327339,128.9379338,내부,영천시보건소,054-339-7786,2024-09-24,5100000,경상북도 영천시
굿모닝약국,경상북도,영천시,경상북도 영천시 옛군청1길 34,경상북도 영천시 문내동 152-2,35.9680332,128.932826,내부,영천시보건소,054-339-7786,2024-09-24,5100000,경상북도 영천시
소원약국,경상북도,영천시,경상북도 영천시 호국로 93,경상북도 영천시 야사동 132-2,35.97502046,128.9474976,내부,영천시보건소,054-339-7786,2024-09-24,5100000,경상북도 영천시
도통행정복지센터,전북특별자치도,남원시,전북특별자치도 남원시 역재3길 8,,35.41982684,127.4000698,,도통행정복지센터,063-620-4849,2025-11-03,4701000,전북특별자치도 남원시
향교행정복지센터,전북특별자치도,남원시,전북특별자치도 남원시 동림로 116,,35.41802028,127.3845796,,향교행정복지센터,063-620-4899,2025-11-03,4701000,전북특별자치도 남원시
왕정행정복지센터,전북특별자치도,남원시,전북특별자치도 남원시 성황단길 7,,35.40839053,127.3698623,,왕정행정복지센터,063-620-4817,2025-11-03,4701000,전북특별자치도 남원시
금동행정복지센터,전북특별자치도,남원시,전북특별자치도 남원시 가방뜰길 8,,35.40243502,127.3754344,,금동행정복지센터,063-620-4794,2025-11-03,4701000,전북특별자치도 남원시
노암행정복지센터,전북특별자치도,남원시,전북특별자치도 남원시 소리길 10,,35.39955186,127.3803379,,노암행정복지센터,063-620-4774,2025-11-03,4701000,전북특별자치도 남원시
죽항행정복지센터,전북특별자치도,남원시,전북특별자치도 남원시 비석길 72,,35.40758216,127.3845475,,죽항행정복지센터,063-620-4742,2025-11-03,4701000,전북특별자치도 남원시
동충행정복지센터,전북특별자치도,남원시,전북특별자치도 남원시 향단로 86,,35.41095281,127.3830991,,동충행정복지센터,063-620-4723,2025-11-03,4701000,전북특별자치도 남원시
산내행정복지센터,전북특별자치도,남원시,전북특별자치도 남원시 산내면 대정길 21,,35.41910429,127.6228637,,산내행정복지센터,063-620-4708,2025-11-03,4701000,전북특별자치도 남원시
신천마을회관,전북특별자치도,임실군,전북특별자치도 임실군 지사면 원산2길 23,전북특별자치도 임실군 지사면 원산리 114-1,35.57853455,127.3636511,,전북특별자치도 임실군청,063-640-2393,2025-12-03,4761000,전북특별자치도 임실군
관기마을회관,전북특별자치도,임실군,전북특별자치도 임실군 지사면 관기1길 4,전북특별자치도 임실군 지사면 관기리 223-3,35.5958814,127.3596874,,전북특별자치도 임실군청,063-640-2393,2025-12-03,4761000,전북특별자치도 임실군
신촌경로당,전북특별자치도,임실군,전북특별자치도 임실군 덕치면 장암1길 13,전북특별자치도 임실군 덕치면 장암리 431-1,35.48785086,127.1524182,,전북특별자치도 임실군청,063-640-2393,2025-12-03,4761000,전북특별자치도 임실군
물우경로당,전북특별자치도,임실군,전북특별자치도 임실군 덕치면 물우1길 40-6,전북특별자치도 임실군 덕치면 물우리 723-1,35.49630739,127.1537621,,전북특별자치도 임실군청,063-640-2393,2025-12-03,4761000,전북특별자치도 임실군
방현경로당,전북특별자치도,임실군,전북특별자치도 임실군 강진면 강진방현길 63,전북특별자치도 임실군 강진면 방현리 160-3,35.55374603,127.1497731,,전북특별자치도 임실군청,063-640-2393,2025-12-03,4761000,전북특별자치도 임실군
가목경로당,전북특별자치도,임실군,전북특별자치도 임실군 강진면 부흥1길 66,전북특별자치도 임실군 강진면 부흥리 671-1,35.5325285,127.1755028,,전북특별자치도 임실군청,063-640-2393,2025-12-03,4761000,전북특별자치도 임실군
슬치경로당,전북특별자치도,임실군,전북특별자치도 임실군 관촌면 슬치1길 10,전북특별자치도 임실군 관촌면 슬치리 312-8,35.68936488,127.2523613,,전북특별자치도 임실군청,063-640-2393,2025-12-03,4761000,전북특별자치도 임실군
병암경로당,전북특별자치도,임실군,전북특별자치도 임실군 관촌면 병암2길 56-1,전북특별자치도 임실군 관촌면 병암리 198-1,35.66146447,127.2800983,,전북특별자치도 임실군청,063-640-2393,2025-12-03,4761000,전북특별자치도 임실군
두월리경로당,전북특별자치도,임실군,전북특별자치도 임실군 삼계면 충효로 1405-16,전북특별자치도 임실군 삼계면 두월리 568,35.51801699,127.2776935,,전북특별자치도 임실군청,063-640-2393,2025-12-03,4761000,전북특별자치도 임실군
후천경로당,전북특별자치도,임실군,전북특별자치도 임실군 삼계면 후천1길 38,전북특별자치도 임실군 삼계면 후천리 457-1,35.48359125,127.265446,,전북특별자치도 임실군청,063-640-2393,2025-12-03,4761000,전북특별자치도 임실군
조월경로당,전북특별자치도,임실군,전북특별자치도 임실군 신덕면 조월길 10,전북특별자치도 임실군 신덕면 조월리 404-1,35.71555257,127.1689126,,전북특별자치도 임실군청,063-640-2393,2025-12-03,4761000,전북특별자치도 임실군
하촌경로당,전북특별자치도,임실군,전북특별자치도 임실군 신덕면 오궁2길 3,전북특별자치도 임실군 신덕면 오궁리 497-1,35.68516618,127.2300996,,전북특별자치도 임실군청,063-640-2393,2025-12-03,4761000,전북특별자치도 임실군
주천부녀경로당,전북특별자치도,임실군,전북특별자치도 임실군 오수면 주천1길 42-11,전북특별자치도 임실군 오수면 주천리 622-2,35.54864565,127.2918728,,전북특별자치도 임실군청,063-640-2393,2025-12-03,4761000,전북특별자치도 임실군
관월모경로당,전북특별자치도,임실군,전북특별자치도 임실군 오수면 오수9길 4-1,전북특별자치도 임실군 오수면 오수리 298-1,35.53512685,127.3277117,,전북특별자치도 임실군청,063-640-2393,2025-12-03,4761000,전북특별자치도 임실군
오류모경로당,전북특별자치도,임실군,전북특별자치도 임실군 성수면 오류1길 52-12,전북특별자치도 임실군 성수면 오류리 224-1,35.60079176,127.3193967,,전북특별자치도 임실군청,063-640-2393,2025-12-03,4761000,전북특별자치도 임실군
오류경로당,전북특별자치도,임실군,전북특별자치도 임실군 성수면 오류1길 52-4,전북특별자치도 임실군 성수면 오류리 225-1,35.60079476,127.3196263,,전북특별자치도 임실군청,063-640-2393,2025-12-03,4761000,전북특별자치도 임실군
창인 아버지경로당,전북특별자치도,임실군,전북특별자치도 임실군 신평면 창인2길 41,전북특별자치도 임실군 신평면 창인리 351-1,35.6485585,127.2690129,,전북특별자치도 임실군청,063-640-2393,2025-12-03,4761000,전북특별자치도 임실군
대리 아버지경로당,전북특별자치도,임실군,전북특별자치도 임실군 신평면 대리1길 17,전북특별자치도 임실군 신평면 대리 829-1,35.6588341,127.2641774,,전북특별자치도 임실군청,063-640-2393,2025-12-03,4761000,전북특별자치도 임실군
마암경로당,전북특별자치도,임실군,전북특별자치도 임실군 운암면 마암1길 2,전북특별자치도 임실군 운암면 마암리 553,35.61507682,127.1024143,,전북특별자치도 임실군청,063-640-2393,2025-12-03,4761000,전북특별자치도 임실군
용운경로당,전북특별자치도,임실군,전북특별자치도 임실군 운암면 용운1길 190,전북특별자치도 임실군 운암면 용운리 346-1,35.62730712,127.1425179,,전북특별자치도 임실군청,063-640-2393,2025-12-03,4761000,전북특별자치도 임실군
명교경로당,전북특별자치도,임실군,전북특별자치도 임실군 청웅면 남산2길 5,전북특별자치도 임실군 청웅면 남산리 302-1,35.55755039,127.2134555,,전북특별자치도 임실군청,063-640-2393,2025-12-03,4761000,전북특별자치도 임실군
석두경로당,전북특별자치도,임실군,전북특별자치도 임실군 청웅면 석두길 2-2,전북특별자치도 임실군 청웅면 석두리 90,35.56467472,127.221977,,전북특별자치도 임실군청,063-640-2393,2025-12-03,4761000,전북특별자치도 임실군
망전경로당,전북특별자치도,임실군,전북특별자치도 임실군 임실읍 망전1길 106-2,전북특별자치도 임실군 임실읍 망전리 383-1,35.55350068,127.2673002,,전북특별자치도 임실군청,063-640-2393,2025-12-03,4761000,전북특별자치도 임실군
현곡경로당,전북특별자치도,임실군,전북특별자치도 임실군 임실읍 현곡1길 34,전북특별자치도 임실군 임실읍 현곡리 303-1,35.61547903,127.2508971,,전북특별자치도 임실군청,063-640-2393,2025-12-03,4761000,전북특별자치도 임실군
코아루아파트 관리사무소,전북특별자치도,임실군,전북특별자치도 임실군 임실읍 호반로 12,전북특별자치도 임실군 임실읍 이도리 982,35.61088525,127.2787034,,전북특별자치도 임실군청,063-640-2393,2025-12-03,4761000,전북특별자치도 임실군
하이젠아파트 관리사무소,전북특별자치도,임실군,전북특별자치도 임실군 임실읍 운수로 33-22,전북특별자치도 임실군 임실읍 이도리 272,35.61334403,127.2858703,,전북특별자치도 임실군청,063-640-2393,2025-12-03,4761000,전북특별자치도 임실군
"충경1,2아파트 관리사무소",전북특별자치도,임실군,전북특별자치도 임실군 임실읍 중동1길 12,전북특별자치도 임실군 임실읍 이도리 537-3,35.61161258,127.2821142,,전북특별자치도 임실군청,063-640-2393,2025-12-03,4761000,전북특별자치도 임실군
신우아파트 관리사무소,전북특별자치도,임실군,전북특별자치도 임실군 임실읍 운수로 33-22,전북특별자치도 임실군 임실읍 이도리 272,35.61334403,127.2858703,,전북특별자치도 임실군청,063-640-2393,2025-12-03,4761000,전북특별자치도 임실군
에코르아파트 관리사무소,전북특별자치도,임실군,전북특별자치도 임실군 임실읍 봉황11길 94,전북특별자치도 임실군 임실읍 이도리 987,35.61577037,127.2860672,,전북특별자치도 임실군청,063-640-2393,2025-12-03,4761000,전북특별자치도 임실군
이도주공아파트 관리사무소,전북특별자치도,임실군,전북특별자치도 임실군 임실읍 운수로 17,전북특별자치도 임실군 임실읍 이도리 231-7,35.61553722,127.2832745,,전북특별자치도 임실군청,063-640-2393,2025-12-03,4761000,전북특별자치도 임실군
수완골드클래스2차아파트,광주광역시,광산구,광주광역시 광산구 풍영로 285,,35.19639366,126.8149357,,광주광역시 광산구청,062-953-6567,2025-12-19,3630000,광주광역시 광산구
광주송정역모아엘가아파트,광주광역시,광산구,광주광역시 광산구 평동로1101번길 40,,35.13702537,126.7871777,,광주광역시 광산구청,062-941-1174,2025-12-19,3630000,광주광역시 광산구
송정우방아이유쉘아파트,광주광역시,광산구,광주광역시 광산구 평동로1100번길 71,,35.13149797,126.7856511,,광주광역시 광산구청,062-942-2888,2025-12-19,3630000,광주광역시 광산구
우방아이유쉘아파트,광주광역시,광산구,광주광역시 광산구 평동로1098번길 185,,35.12815313,126.7822794,,광주광역시 광산구청,062-946-3600,2025-12-19,3630000,광주광역시 광산구
한아름골드아파트,광주광역시,광산구,광주광역시 광산구 평동로 789-73,,35.12609751,126.7575548,,광주광역시 광산구청,062-944-3539,2025-12-19,3630000,광주광역시 광산구
첨단3-5호반리젠시빌아파트,광주광역시,광산구,광주광역시 광산구 첨단중앙로68번길 99,,35.21248237,126.8487728,,광주광역시 광산구청,062-971-0271,2025-12-19,3630000,광주광역시 광산구
첨단3-1호반리젠시빌아파트,광주광역시,광산구,광주광역시 광산구 첨단중앙로68번길 22,,35.21113237,126.8436314,,광주광역시 광산구청,062-971-0334,2025-12-19,3630000,광주광역시 광산구
첨단3-3호반리젠시빌아파트,광주광역시,광산구,광주광역시 광산구 첨단중앙로68번길 134,,35.20913989,126.8507344,,광주광역시 광산구청,062-971-6446,2025-12-19,3630000,광주광역시 광산구
첨단3-2호반리젠시빌아파트,광주광역시,광산구,광주광역시 광산구 첨단중앙로68번길 100,,35.21109402,126.8489194,,광주광역시 광산구청,062-971-0335,2025-12-19,3630000,광주광역시 광산구
에이엠시티센트럴파크아파트,광주광역시,광산구,광주광역시 광산구 첨단중앙로182번길 50,,35.22151342,126.8468882,,광주광역시 광산구청,062-973-1099,2025-12-19,3630000,광주광역시 광산구
첨단대우아파트,광주광역시,광산구,광주광역시 광산구 첨단중앙로181번길 88-21,,35.21961437,126.8304536,,광주광역시 광산구청,062-972-6266,2025-12-19,3630000,광주광역시 광산구
첨단라인5차아파트,광주광역시,광산구,광주광역시 광산구 첨단중앙로181번길 88-16,,35.21988163,126.8319481,,광주광역시 광산구청,062-971-3625,2025-12-19,3630000,광주광역시 광산구
첨단동아아파트,광주광역시,광산구,광주광역시 광산구 첨단중앙로181번길 7,,35.22105961,126.8404818,,광주광역시 광산구청,062-971-5559,2025-12-19,3630000,광주광역시 광산구
첨단우미1차아파트,광주광역시,광산구,광주광역시 광산구 첨단중앙로181번길 65,,35.21892468,126.8342461,,광주광역시 광산구청,062-972-7684,2025-12-19,3630000,광주광역시 광산구
첨단금광아파트,광주광역시,광산구,광주광역시 광산구 첨단중앙로181번길 42-4,,35.22114053,126.8380912,,광주광역시 광산구청,062-971-2250,2025-12-19,3630000,광주광역시 광산구
첨단일신아파트,광주광역시,광산구,광주광역시 광산구 첨단중앙로181번길 42-14,,35.22154158,126.8378503,,광주광역시 광산구청,062-973-3737,2025-12-19,3630000,광주광역시 광산구
첨단쌍용아파트,광주광역시,광산구,광주광역시 광산구 첨단중앙로181번길 21,,35.21974018,126.8398397,,광주광역시 광산구청,062-971-1660,2025-12-19,3630000,광주광역시 광산구
첨단벽산아파트,광주광역시,광산구,광주광역시 광산구 첨단중앙로181번길 16,,35.22192771,126.8388536,,광주광역시 광산구청,062-972-1574,2025-12-19,3630000,광주광역시 광산구
첨단건영아파트,광주광역시,광산구,광주광역시 광산구 첨단중앙로181번길 104,,35.21874626,126.8289042,,광주광역시 광산구청,062-972-7236,2025-12-19,3630000,광주광역시 광산구
에이엠시티센트럴파크2차아파트,광주광역시,광산구,광주광역시 광산구 첨단중앙로170번길 87,,35.22095967,126.8467095,,광주광역시 광산구청,062-972-0899,2025-12-19,3630000,광주광역시 광산구
광주첨단LH1단지아파트,광주광역시,광산구,광주광역시 광산구 첨단중앙로152번길 6-8,,35.21826735,126.8425693,,광주광역시 광산구청,062-974-4566,2025-12-19,3630000,광주광역시 광산구
첨단대주아파트,광주광역시,광산구,광주광역시 광산구 첨단중앙로 153,,35.21932019,126.8412425,,광주광역시 광산구청,062-971-2883,2025-12-19,3630000,광주광역시 광산구
첨단우미3차아파트,광주광역시,광산구,광주광역시 광산구 첨단내촌로 93,,35.21409685,126.8341651,,광주광역시 광산구청,062-972-0433,2025-12-19,3630000,광주광역시 광산구
첨단서라아파트,광주광역시,광산구,광주광역시 광산구 첨단내촌로 102,,35.2154624,126.8351589,,광주광역시 광산구청,062-972-3755,2025-12-19,3630000,광주광역시 광산구
첨단라인8차아파트,광주광역시,광산구,광주광역시 광산구 첨단내촌로 101,,35.2154798,126.8341059,,광주광역시 광산구청,062-971-5552,2025-12-19,3630000,광주광역시 광산구
신창동대광로제비앙아파트,광주광역시,광산구,광주광역시 광산구 장신로 306,,35.19111954,126.8434139,,광주광역시 광산구청,062-953-1160,2025-12-19,3630000,광주광역시 광산구
수완지구영무예다음아파트,광주광역시,광산구,광주광역시 광산구 장덕로95번길 15,,35.19575019,126.8190531,,광주광역시 광산구청,062-952-0053,2025-12-19,3630000,광주광역시 광산구
장덕마을부영애시앙아파트,광주광역시,광산구,광주광역시 광산구 장덕로6번길 59,,35.19389625,126.8111199,,광주광역시 광산구청,062-953-0267,2025-12-19,3630000,광주광역시 광산구
진흥수완더루벤스아파트,광주광역시,광산구,광주광역시 광산구 장덕로6번길 35,,35.19632734,126.8110946,,광주광역시 광산구청,062-953-0137,2025-12-19,3630000,광주광역시 광산구
골드클래스아파트,광주광역시,광산구,광주광역시 광산구 장덕로5번길 16,,35.19770968,126.8112873,,광주광역시 광산구청,062-962-3680,2025-12-19,3630000,광주광역시 광산구
수완지구 아뜨리움아파트,광주광역시,광산구,광주광역시 광산구 장덕로 160,,35.19663257,126.8259105,,광주광역시 광산구청,062-962-8825,2025-12-19,3630000,광주광역시 광산구
무들에코클래스아파트,광주광역시,광산구,광주광역시 광산구 임방울대로826번길 60-5,,35.21450523,126.8477386,,광주광역시 광산구청,062-971-8377,2025-12-19,3630000,광주광역시 광산구
일신프레뷰아파트,광주광역시,광산구,광주광역시 광산구 임방울대로826번길 22-22,,35.2167781,126.8481839,,광주광역시 광산구청,062-973-8708,2025-12-19,3630000,광주광역시 광산구
광주첨단LH2단지아파트,광주광역시,광산구,광주광역시 광산구 임방울대로825번길 9,,35.21823448,126.8483178,,광주광역시 광산구청,062-974-4565,2025-12-19,3630000,광주광역시 광산구
첨단대라수3차아파트,광주광역시,광산구,광주광역시 광산구 임방울대로825번길 22-77,,35.22077227,126.8502273,,광주광역시 광산구청,062-971-3379,2025-12-19,3630000,광주광역시 광산구
첨단대라수2차아파트,광주광역시,광산구,광주광역시 광산구 임방울대로825번길 22-54,,35.21971071,126.8513624,,광주광역시 광산구청,062-972-2289,2025-12-19,3630000,광주광역시 광산구
광주첨단LH3단지아파트,광주광역시,광산구,광주광역시 광산구 임방울대로800번길 11-5,,35.21719874,126.846814,,광주광역시 광산구청,062-974-4564,2025-12-19,3630000,광주광역시 광산구
해솔마을대방노블랜드2차아파트,광주광역시,광산구,광주광역시 광산구 임방울대로358번길 21,,35.19370836,126.824634,,광주광역시 광산구청,062-959-0970,2025-12-19,3630000,광주광역시 광산구
첨단삼성아파트,광주광역시,광산구,광주광역시 광산구 임방울대로 743,,35.21834315,126.840162,,광주광역시 광산구청,062-456-1210,2025-12-19,3630000,광주광역시 광산구
첨단기산아파트,광주광역시,광산구,광주광역시 광산구 임방울대로 727-6,,35.2183523,126.8384341,,광주광역시 광산구청,062-973-5200,2025-12-19,3630000,광주광역시 광산구
첨단라인3차아파트,광주광역시,광산구,광주광역시 광산구 임방울대로 727-5,,35.21817453,126.8370697,,광주광역시 광산구청,062-972-4737,2025-12-19,3630000,광주광역시 광산구
남부동행정복지센터,경상북도,영천시,경상북도 영천시 쇠늘안길 5,경상북도 영천시 도동 178-10,35.94149504,128.9351747,내부,영천시보건소,054-339-7786,2024-09-24,5100000,경상북도 영천시
완산동행정복지센터,경상북도,영천시,경상북도 영천시 완산2길 9,경상북도 영천시 완산동 994,35.96486375,128.9397927,내부,영천시보건소,054-339-7786,2024-09-24,5100000,경상북도 영천시
서부동행정복지센터,경상북도,영천시,경상북도 영천시 장수로 19,경상북도 영천시 화룡동 219-11,35.96384433,128.9209685,내부,영천시보건소,054-339-7786,2024-09-24,5100000,경상북도 영천시
중앙동행정복지센터,경상북도,영천시,경상북도 영천시 천문로 402-4,경상북도 영천시 문내동 2-4,35.97324195,128.9299623,내부,영천시보건소,054-339-7786,2024-09-24,5100000,경상북도 영천시
동부동행정복지센터,경상북도,영천시,경상북도 영천시 상록4길 63,경상북도 영천시 야사동 334-18,35.97449737,128.9425488,내부,영천시보건소,054-339-7786,2024-09-24,5100000,경상북도 영천시
대창면행정복지센터,경상북도,영천시,경상북도 영천시 대창면 금박로 1057-7,경상북도 영천시 대창면 대창리 783-1,35.87595982,128.8946881,내부,영천시보건소,054-339-7786,2024-09-24,5100000,경상북도 영천시
북안면행정복지센터,경상북도,영천시,경상북도 영천시 북안면 운북로 1995,경상북도 영천시 북안면 고지리 549-1,35.9152761,129.0089509,내부,영천시보건소,054-339-7786,2024-09-24,5100000,경상북도 영천시
고경면행정복지센터,경상북도,영천시,경상북도 영천시 고경면 호국로 1065-25,경상북도 영천시 고경면 해선리 309-2,36.00173978,129.0457846,내부,영천시보건소,054-339-7786,2024-09-24,5100000,경상북도 영천시
임고면행정복지센터,경상북도,영천시,경상북도 영천시 임고면 포은로 491,경상북도 영천시 임고면 양항리 616-1,36.02049979,128.9738177,내부,영천시보건소,054-339-7786,2024-09-24,5100000,경상북도 영천시
자양면행정복지센터,경상북도,영천시,경상북도 영천시 자양면 포은로 1631,경상북도 영천시 자양면 성곡리 549-1,36.0784011,129.0185376,내부,영천시보건소,054-339-7786,2024-09-24,5100000,경상북도 영천시
화남면행정복지센터,경상북도,영천시,경상북도 영천시 화남면 신화로 1197,경상북도 영천시 화남면 삼창리 1023-2,36.0591417,128.8891012,내부,영천시보건소,054-339-7786,2024-09-24,5100000,경상북도 영천시
화북면행정복지센터,경상북도,영천시,경상북도 영천시 화북면 화북길 93,경상북도 영천시 화북면 자천리 1470,36.10805795,128.9197447,내부,영천시보건소,054-339-7786,2024-09-24,5100000,경상북도 영천시
화산면행정복지센터,경상북도,영천시,경상북도 영천시 화산면 연지길 16,경상북도 영천시 화산면 유성리 1289,36.02024683,128.8520843,내부,영천시보건소,054-339-7786,2024-09-24,5100000,경상북도 영천시
신녕면행정복지센터,경상북도,영천시,경상북도 영천시 신녕면 화성중앙길 30,경상북도 영천시 신녕면 화성리 419,36.04533349,128.7897606,내부,영천시보건소,054-339-7786,2024-09-24,5100000,경상북도 영천시
청통면행정복지센터,경상북도,영천시,경상북도 영천시 청통면 금송로 978,경상북도 영천시 청통면 치일리 14-1,35.99236812,128.8230975,내부,영천시보건소,054-339-7786,2024-09-24,5100000,경상북도 영천시
금호읍행정복지센터,경상북도,영천시,경상북도 영천시 금호읍 금호로 153,경상북도 영천시 금호읍 교대리 149-2,35.93333733,128.8776435,내부,영천시보건소,054-339-7786,2024-09-24,5100000,경상북도 영천시
운천보건진료소,경상북도,영천시,경상북도 영천시 대창면 금창로 1188,경상북도 영천시 대창면 운천리 828-7,35.86432928,128.9446885,내부,영천시보건소,054-339-7786,2024-09-24,5100000,경상북도 영천시
명주보건진료소,경상북도,영천시,경상북도 영천시 북안면 운북로 1445,경상북도 영천시 북안면 명주리 307-3,35.87308658,128.9947737,내부,영천시보건소,054-339-7786,2024-09-24,5100000,경상북도 영천시
삼포보건진료소,경상북도,영천시,경상북도 영천시 고경면 상계로 278,경상북도 영천시 고경면 삼포리 742-1,36.01443965,129.1039717,내부,영천시보건소,054-339-7786,2024-09-24,5100000,경상북도 영천시
파계보건진료소,경상북도,영천시,경상북도 영천시 고경면 용담로 1807,경상북도 영천시 고경면 파계리 241,35.96076246,129.1106393,내부,영천시보건소,054-339-7786,2024-09-24,5100000,경상북도 영천시
사리보건진료소,경상북도,영천시,경상북도 영천시 임고면 운주로 915,경상북도 영천시 임고면 사리 971-3,36.04649777,129.0537364,내부,영천시보건소,054-339-7786,2024-09-24,5100000,경상북도 영천시
평천보건진료소,경상북도,영천시,경상북도 영천시 임고면 평천다산길 11,경상북도 영천시 임고면 평천리 656-2,36.04085725,128.9836415,내부,영천시보건소,054-339-7786,2024-09-24,5100000,경상북도 영천시
보현보건진료소,경상북도,영천시,경상북도 영천시 자양면 별빛로 1126,경상북도 영천시 자양면 보현리 792,36.13426054,129.0410764,내부,영천시보건소,054-339-7786,2024-09-24,5100000,경상북도 영천시
신성리보건진료소,전라남도,화순군,전라남도 화순군 도곡면 이문동길 25,전라남도 화순군 도곡면 신성리 93-3,35.00960216,126.899585,보건진료소내 1층,전라남도 화순군청,061-379-5333,2024-08-14,4900000,전라남도 화순군
매정리보건진료소,전라남도,화순군,전라남도 화순군 이양면 학포로 85,전라남도 화순군 이양면 매정리 473-1,34.86840204,127.0194043,보건진료소내 1층,전라남도 화순군청,061-379-5333,2024-08-14,4900000,전라남도 화순군
묵곡리보건진료소,전라남도,화순군,전라남도 화순군 이양면 월암길 8-1,전라남도 화순군 이양면 묵곡리 707,34.90754553,127.033484,보건진료소내 1층,전라남도 화순군청,061-379-5333,2024-08-14,4900000,전라남도 화순군
세청리보건진료소,전라남도,화순군,전라남도 화순군 청풍면 선하동길 80,전라남도 화순군 청풍면 세청리 412-2,34.89398311,126.9739453,보건진료소내 1층,전라남도 화순군청,061-379-5333,2024-08-14,4900000,전라남도 화순군
산간리보건진료소,전라남도,화순군,전라남도 화순군 춘양면 산간길 52,전라남도 화순군 춘양면 산간리 603-42,34.92939099,126.9516687,보건진료소내 1층,전라남도 화순군청,061-379-5333,2024-08-14,4900000,전라남도 화순군
동가리보건진료소,전라남도,화순군,전라남도 화순군 한천면 외남로 435,전라남도 화순군 한천면 동가리 30,34.97388513,127.0717324,보건진료소내 1층,전라남도 화순군청,061-379-5333,2024-08-14,4900000,전라남도 화순군
수만리보건진료소,전라남도,화순군,전라남도 화순군 화순읍 물촌길 3-1,전라남도 화순군 화순읍 수만리 96,35.08755661,127.0166703,보건진료소내 1층,전라남도 화순군청,061-379-5333,2024-08-14,4900000,전라남도 화순군
앵남리보건진료소,전라남도,화순군,전라남도 화순군 화순읍 앵무동길 18,전라남도 화순군 화순읍 앵남리 370-3,35.05425411,126.9098267,보건진료소내 1층,전라남도 화순군청,061-379-5333,2024-08-14,4900000,전라남도 화순군
동면보건지소,전라남도,화순군,전라남도 화순군 동면 충의로 745,전라남도 화순군 동면 장동리 585,35.02974829,127.0378968,보건지소내 1층,전라남도 화순군청,061-379-5333,2024-08-14,4900000,전라남도 화순군
사평보건지소,전라남도,화순군,전라남도 화순군 사평면 사호로 228,전라남도 화순군 사평면 사평리 104-1,35.00670038,127.0952135,보건지소내 1층,전라남도 화순군청,061-379-5333,2024-08-14,4900000,전라남도 화순군
동복보건지소,전라남도,화순군,전라남도 화순군 동복면 오지호로 276,전라남도 화순군 동복면 독상리 351-1,35.06910993,127.1282142,보건지소내 1층,전라남도 화순군청,061-379-5333,2024-08-14,4900000,전라남도 화순군
백아보건지소,전라남도,화순군,전라남도 화순군 백아면 학천길 10,전라남도 화순군 백아면 이천리 41,35.16687021,127.1334518,보건지소내 1층,전라남도 화순군청,061-379-5333,2024-08-14,4900000,전라남도 화순군
이서보건지소,전라남도,화순군,전라남도 화순군 이서면 적벽로 845,전라남도 화순군 이서면 야사리 652-1,35.11058108,127.0706992,보건지소내 1층,전라남도 화순군청,061-379-5333,2024-08-14,4900000,전라남도 화순군
도암보건지소,전라남도,화순군,전라남도 화순군 도암면 천태로 417,전라남도 화순군 도암면 원천리 364-13,34.93616508,126.8974339,보건지소내 1층,전라남도 화순군청,061-379-5333,2024-08-14,4900000,전라남도 화순군
도곡보건지소,전라남도,화순군,전라남도 화순군 도곡면 효자2길 71,전라남도 화순군 도곡면 효산리 668-3,34.99689734,126.9142731,보건지소내 1층,전라남도 화순군청,061-379-5333,2024-08-14,4900000,전라남도 화순군
능주보건지소,전라남도,화순군,전라남도 화순군 능주면 관동길 7,전라남도 화순군 능주면 관영리 96-1,34.99053688,126.9591909,보건지소내 1층,전라남도 화순군청,061-379-5333,2024-08-14,4900000,전라남도 화순군
이양보건지소,전라남도,화순군,전라남도 화순군 이양면 이양로 93,전라남도 화순군 이양면 오류리 674-10,34.88818722,126.9888362,보건지소내 1층,전라남도 화순군청,061-379-5333,2024-08-14,4900000,전라남도 화순군
청풍보건지소,전라남도,화순군,전라남도 화순군 청풍면 평지촌길 40,전라남도 화순군 청풍면 차리252,34.87631331,126.9700257,보건지소내 1층,전라남도 화순군청,061-379-5333,2024-08-14,4900000,전라남도 화순군
춘양보건지소,전라남도,화순군,전라남도 화순군 춘양면 강변길 17-1,전라남도 화순군 춘양면 석정리 573-80,34.95045948,126.9622988,보건지소내 1층,전라남도 화순군청,061-379-5333,2024-08-14,4900000,전라남도 화순군
한천보건지소,전라남도,화순군,전라남도 화순군 한천면 죽헌로 271,전라남도 화순군 한천면 한계리 848-19,34.97805513,126.9995774,보건지소내 1층,전라남도 화순군청,061-379-5333,2024-08-14,4900000,전라남도 화순군
화순군보건소,전라남도,화순군,전라남도 화순군 화순읍 쌍충로 62,전라남도 화순군 화순읍 삼천리 719,35.05713067,126.9820135,보건소내 1층,전라남도 화순군청,061-379-5333,2024-08-14,4900000,전라남도 화순군
오동리 경로당,경상북도,영천시,경상북도 영천시 화북면 오동안길 30,경상북도 영천시 화북면 오산리 1133-1,36.08925224,128.9128489,내부,영천시보건소,054-339-7786,2024-09-24,5100000,경상북도 영천시
대천2리 경로당,경상북도,영천시,경상북도 영천시 화남면 대천2길 7,경상북도 영천시 화남면 대천리 425-3,36.04071558,128.9083928,내부,영천시보건소,054-339-7786,2024-09-24,5100000,경상북도 영천시
당1리 경로당,경상북도,영천시,경상북도 영천시 북안면 당리길 56,경상북도 영천시 북안면 당리 210-2,35.86069282,128.9963586,내부,영천시보건소,054-339-7786,2024-09-24,5100000,경상북도 영천시
파계리 경로당,경상북도,영천시,경상북도 영천시 고경면 용담로 1809,경상북도 영천시 고경면 파계리 239,35.96089587,129.110723,내부,영천시보건소,054-339-7786,2024-09-24,5100000,경상북도 영천시
수성1리 경로당,경상북도,영천시,경상북도 영천시 임고면 구만길 63,경상북도 영천시 임고면 수성리 1245-3,36.05801815,129.1010768,내부,영천시보건소,054-339-7786,2024-09-24,5100000,경상북도 영천시
죽전1리 경로당,경상북도,영천시,경상북도 영천시 화북면 연지안길 26,경상북도 영천시 화북면 죽전리 142,36.15035984,128.9170249,내부,영천시보건소,054-339-7786,2024-09-24,5100000,경상북도 영천시
화산1리 경로당,경상북도,영천시,경상북도 영천시 화산면 화촌길 65,경상북도 영천시 화산면 화산리 1092,36.05728823,128.8553694,내부,영천시보건소,054-339-7786,2024-09-24,5100000,경상북도 영천시
부산2리 경로당,경상북도,영천시,경상북도 영천시 신녕면 도근리길 5,경상북도 영천시 신녕면 부산리 716,36.06837425,128.737101,내부,영천시보건소,054-339-7786,2024-09-24,5100000,경상북도 영천시
구암리 경로당,경상북도,영천시,경상북도 영천시 금호읍 구암길 135-6,경상북도 영천시 금호읍 구암리 1131-2,35.90893363,128.9368303,내부,영천시보건소,054-339-7786,2024-09-24,5100000,경상북도 영천시
연곡보건진료소,경기도,양주시,경기도 양주시 백석읍 부흥로419번길 26,경기도 양주시 백석읍 연곡리 241-2,37.8185357,126.9505062,보건진료소내,보건행정과,031-8082-7133,2025-09-11,5590000,경기도 양주시
그랜드약국,전라남도,화순군,전라남도 화순군 화순읍 서양로 340,전라남도 화순군 화순읍 일심리 70번지 3호,35.06197978,127.0006428,약국 내,전라남도 화순군청,061-371-8275,2024-08-14,4900000,전라남도 화순군
광주약국,전라남도,화순군,전라남도 화순군 화순읍 자치샘로 19,전라남도 화순군 화순읍 교리 101번지 3호,35.06260015,126.9834502,약국 내,전라남도 화순군청,061-374-2650,2024-08-14,4900000,전라남도 화순군
도곡제일약국,전라남도,화순군,전라남도 화순군 도곡면 효자1길 14-3,전라남도 화순군 도곡면 효산리 722번지 72호,34.99647397,126.9174105,약국 내,전라남도 화순군청,061-374-0344,2024-08-14,4900000,전라남도 화순군
밝은약국,전라남도,화순군,전라남도 화순군 화순읍 자치샘로 38,전라남도 화순군 화순읍 향청리 86번지 3호,35.06159036,126.9850278,약국 내,전라남도 화순군청,061-375-8281,2024-08-14,4900000,전라남도 화순군
열린성심약국,전라남도,화순군,전라남도 화순군 화순읍 자치샘로 96,전라남도 화순군 화순읍 광덕리 10번지 6호,35.05868808,126.9899165,약국 내,전라남도 화순군청,061-371-9300,2024-08-14,4900000,전라남도 화순군
나래약국,전라남도,화순군,전라남도 화순군 화순읍 중앙로 95,전라남도 화순군 화순읍 만연리 241번지 4호,35.06064232,126.9919217,약국 내,전라남도 화순군청,061-375-0622,2024-08-14,4900000,전라남도 화순군
나비약국,전라남도,화순군,전라남도 화순군 화순읍 칠충로 45,전라남도 화순군 화순읍 대리 108번지,35.05474404,126.9768532,약국 내,전라남도 화순군청,061-375-3328,2024-08-14,4900000,전라남도 화순군
옵티마푸른약국,전라남도,화순군,전라남도 화순군 화순읍 대교로 123,전라남도 화순군 화순읍 유천리 339번지 4호,35.06351947,126.9927903,약국 내,전라남도 화순군청,061-371-0236,2024-08-14,4900000,전라남도 화순군
다나약국,전라남도,화순군,전라남도 화순군 화순읍 중앙로 19,전라남도 화순군 화순읍 향청리 155번지 2호,35.06058037,126.9836172,약국 내,전라남도 화순군청,061-371-1413,2024-08-14,4900000,전라남도 화순군
은혜약국,전라남도,화순군,전라남도 화순군 화순읍 서양로 336,전라남도 화순군 화순읍 일심리,35.06157082,127.0009566,약국 내,전라남도 화순군청,061-375-0032,2024-08-14,4900000,전라남도 화순군
미래약국,전라남도,화순군,전라남도 화순군 화순읍 자치샘로 48 (미래타워),전라남도 화순군 화순읍 향청리 52,35.06103831,126.9861249,약국 내,전라남도 화순군청,061-373-7200,2024-08-14,4900000,전라남도 화순군
솔약국,전라남도,화순군,"전라남도 화순군 화순읍 진각로 113-1, 1층",전라남도 화순군 화순읍 향청리 71번지 2호,35.0614418,126.9856655,약국 내,전라남도 화순군청,061-171-1464,2024-08-14,4900000,전라남도 화순군
화순조은약국,전라남도,화순군,전라남도 화순군 화순읍 충의로 107,전라남도 화순군 화순읍 광덕리 181번지,35.05584466,126.9894844,약국 내,전라남도 화순군청,061-374-6635,2024-08-14,4900000,전라남도 화순군
희망약국,전라남도,화순군,전라남도 화순군 화순읍 서양로 334,전라남도 화순군 화순읍 일심리 425번지 5호,35.06146798,127.0007493,약국 내,전라남도 화순군청,061-372-1199,2024-08-14,4900000,전라남도 화순군
은약국,전라남도,화순군,전라남도 화순군 화순읍 만연로 32-1,전라남도 화순군 화순읍 광덕리 285번지,35.05856355,126.9903449,약국 내,전라남도 화순군청,061-372-4433,2024-08-14,4900000,전라남도 화순군
여신당한약국,전라남도,화순군,"전라남도 화순군 화순읍 노대길 39-1, 1층",전라남도 화순군 화순읍 광덕리 316번지,35.05752689,126.9905635,약국 내,전라남도 화순군청,061-373-8588,2024-08-14,4900000,전라남도 화순군
이양약국,전라남도,화순군,전라남도 화순군 이양면 학포로 558,전라남도 화순군 이양면 이양리 202번지 2호,34.88736074,126.9880089,약국 내,전라남도 화순군청,061-372-3011,2024-08-14,4900000,전라남도 화순군
우리약국,전라남도,화순군,전라남도 화순군 화순읍 칠충로 97,전라남도 화순군 화순읍 삼천리 641-9,35.05800887,126.9807793,약국 내,전라남도 화순군청,061-374-2334,2024-08-14,4900000,전라남도 화순군
바로약국,전라남도,화순군,전라남도 화순군 화순읍 칠충로 150-1,전라남도 화순군 화순읍 향청리 83-2,35.06184752,126.9843155,약국 내,전라남도 화순군청,061-375-8575,2024-08-14,4900000,전라남도 화순군
대학약국,전라남도,화순군,전라남도 화순군 화순읍 서양로 309,전라남도 화순군 화순읍 일심리 419-1,35.05966474,127.0004459,약국 내,전라남도 화순군청,061-870-7799,2024-08-14,4900000,전라남도 화순군
플러스약국,전라남도,화순군,"전라남도 화순군 화순읍 진각로 125, 동화빌딩 1층",전라남도 화순군 화순읍 향청리 125,35.06252376,126.9859842,약국 내,전라남도 화순군청,061-374-8272,2024-08-14,4900000,전라남도 화순군
다온약국,전라남도,화순군,"전라남도 화순군 화순읍 중앙로 69, 103호",전라남도 화순군 화순읍 향청리 9-3,35.06062027,126.9889303,약국 내,전라남도 화순군청,061-375-0503,2024-08-14,4900000,전라남도 화순군
하나약국,전라남도,화순군,"전라남도 화순군 화순읍 칠충로 141-7, 114동 106호 (힐스테이트 화순)",전라남도 화순군 화순읍 교리 405,35.06113919,126.9824882,약국 내,전라남도 화순군청,061-371-2223,2024-08-14,4900000,전라남도 화순군
정문약국,전라남도,화순군,전라남도 화순군 화순읍 서양로 313,전라남도 화순군 화순읍 일심리 411,35.05982536,126.9999167,약국 내,전라남도 화순군청,061-372-7077,2024-08-14,4900000,전라남도 화순군
진약국,전라남도,화순군,"전라남도 화순군 화순읍 자치샘로 23, 1층",전라남도 화순군 화순읍 교리 100-15,35.06247041,126.9839208,약국 내,전라남도 화순군청,061-374-2393,2024-08-14,4900000,전라남도 화순군
무포리보건진료소,전라남도,화순군,전라남도 화순군 동면 무리길 12,전라남도 화순군 동면 무포리 101-1,35.05442565,127.0740592,보건진료소내 1층,전라남도 화순군청,061-379-5333,2024-08-14,4900000,전라남도 화순군
다산리보건진료소,전라남도,화순군,전라남도 화순군 남면 효당로 256,전라남도 화순군 남면 다산리 435-1,35.02180464,127.1260683,보건진료소내 1층,전라남도 화순군청,061-379-5333,2024-08-14,4900000,전라남도 화순군
신율리보건진료소,전라남도,화순군,전라남도 화순군 동복면 신율길 15,전라남도 화순군 동복면 신율리 617,35.09296785,127.1320869,보건진료소내 1층,전라남도 화순군청,061-379-5333,2024-08-14,4900000,전라남도 화순군
맹리보건진료소,전라남도,화순군,전라남도 화순군 북면 맹리길 14-1,전라남도 화순군 북면 맹리 456-1,35.18114343,127.0926373,보건진료소내 1층,전라남도 화순군청,061-379-5333,2024-08-14,4900000,전라남도 화순군
용가리보건진료소,전라남도,화순군,전라남도 화순군 도암면 중장터길 37-12,전라남도 화순군 도암면 용가리 918-3,34.90814507,126.874318,보건진료소내 1층,전라남도 화순군청,061-379-5333,2024-08-14,4900000,전라남도 화순군
첨단삼능아파트,광주광역시,광산구,광주광역시 광산구 임방울대로 727-19,,35.21938587,126.8356131,,광주광역시 광산구청,062-971-0551,2025-12-19,3630000,광주광역시 광산구
남부인지건강센터,인천광역시,강화군,인천광역시 강화군 길상면 해란길32번길 89,인천광역시 강화군 길상면 온수리 470-13,37.6430009702,126.4865615692,센터내,인천광역시 강화군청,032-930-4089,2025-11-20,3570000,인천광역시 강화군
북부인지건강센터,인천광역시,강화군,인천광역시 강화군 하점면 강화대로 1220,인천광역시 강화군 하점면 신봉리 617-2,37.77424677,126.4115666,센터내,인천광역시 강화군청,032-930-4088,2025-11-20,3570000,인천광역시 강화군
e-믿음약국,인천광역시,강화군,인천광역시 강화군 강화읍 강화대로 402,인천광역시 강화군 강화읍 관청리 172-2,37.74610571,126.4868486,약국내,인천광역시 강화군청,032-323-1686,2025-11-20,3570000,인천광역시 강화군
하하약국,인천광역시,강화군,인천광역시 강화군 강화읍 강화대로 395(1층),인천광역시 강화군 강화읍 신문리 685-3,37.74539103,126.4868201,약국내,인천광역시 강화군청,032-932-7090,2025-11-20,3570000,인천광역시 강화군
평생약국,인천광역시,강화군,인천광역시 강화군 강화읍 강화대로 440,인천광역시 강화군 강화읍 관청리 543-8,37.74777425,126.4829858459,약국내,인천광역시 강화군청,032-933-6511,2025-11-20,3570000,인천광역시 강화군
유신약국,인천광역시,강화군,인천광역시 강화군 길상면 온수길36번길 2,인천광역시 강화군 길상면 온수리 510-3,37.63957785,126.4909474,약국내,인천광역시 강화군청,032-937-0020,2025-11-20,3570000,인천광역시 강화군
새봄약국,인천광역시,강화군,"인천광역시 강화군 강화읍 동문안길 9-1, 청원빌딩",인천광역시 강화군 강화읍 관청리 488-2,37.74729309,126.4860235,약국내,인천광역시 강화군청,032-934-1514,2025-11-20,3570000,인천광역시 강화군
보배약국,인천광역시,강화군,인천광역시 강화군 강화읍 중앙로 17-9,인천광역시 강화군 강화읍 갑곳리 849,37.74142155,126.4928692,약국내,인천광역시 강화군청,032-933-0799,2025-11-20,3570000,인천광역시 강화군
바다약국,인천광역시,강화군,인천광역시 강화군 내가면 중앙로 1312,인천광역시 강화군 내가면 외포리 547-4,37.70145908,126.3790738,약국내,인천광역시 강화군청,032-933-0075,2025-11-20,3570000,인천광역시 강화군
다나약국,인천광역시,강화군,인천광역시 강화군 강화읍 동문안길 9-1,인천광역시 강화군 강화읍 관청리 488-2,37.74729309,126.4860235,약국내,인천광역시 강화군청,032-932-8575,2025-11-20,3570000,인천광역시 강화군
교동약국,인천광역시,강화군,인천광역시 강화군 교동면 대룡안길 54-62,인천광역시 강화군 교동면 대룡리 479-9,37.78322144,126.2793441,약국내,인천광역시 강화군청,032-933-8358,2025-11-20,3570000,인천광역시 강화군
강화정문약국,인천광역시,강화군,인천광역시 강화군 강화읍 충렬사로 25,인천광역시 강화군 강화읍 남산리 303-1,37.73670608,126.4859795,약국내,인천광역시 강화군청,032-221-0014,2025-11-20,3570000,인천광역시 강화군
흥왕보건진료소,인천광역시,강화군,인천광역시 강화군 화도면 해안남로 1916,인천광역시 강화군 화도면 흥왕리 567-1,37.60853108,126.4171062,진료소내,인천광역시 강화군청,032-937-4554,2025-11-20,3570000,인천광역시 강화군
황청보건진료소,인천광역시,강화군,인천광역시 강화군 내가면 황청포구로 355,인천광역시 강화군 내가면 황청리 180,37.72118728,126.3614744,진료소내,인천광역시 강화군청,032-932-2819,2025-11-20,3570000,인천광역시 강화군
화도약국,인천광역시,강화군,인천광역시 강화군 화도면 마니산로 728,인천광역시 강화군 화도면 상방리 803-11,37.63315576,126.417366,약국내,인천광역시 강화군청,032-937-0777,2025-11-20,3570000,인천광역시 강화군
화도면보건지소,인천광역시,강화군,인천광역시 강화군 화도면 마니산로 703-14,인천광역시 강화군 화도면 상방리 839-1,37.63169982,126.4198415,지소내,인천광역시 강화군청,032-937-0256,2025-11-20,3570000,인천광역시 강화군
하점면보건지소,인천광역시,강화군,인천광역시 강화군 하점면 강화대로 1220,인천광역시 강화군 하점면 신봉리 617-2,37.77426218,126.4115677,지소내,인천광역시 강화군청,032-930-3544,2025-11-20,3570000,인천광역시 강화군
하리보건진료소,인천광역시,강화군,인천광역시 강화군 삼산면 삼산북로 790,인천광역시 강화군 삼산면 하리 269-11,37.72463087,126.2962788,진료소내,인천광역시 강화군청,032-932-3653,2025-11-20,3570000,인천광역시 강화군
큰샘온누리약국,인천광역시,강화군,인천광역시 강화군 강화읍 중앙로 9,인천광역시 강화군 강화읍 갑곳리 203-19,37.74212968,126.4920063,약국내,인천광역시 강화군청,032-934-0700,2025-11-20,3570000,인천광역시 강화군
진약국,인천광역시,강화군,인천광역시 강화군 강화읍 동문안길 6,인천광역시 강화군 강화읍 관청리 490-4,37.74701149,126.4855165,약국내,인천광역시 강화군청,032-933-2012,2025-11-20,3570000,인천광역시 강화군
주문도보건지소,인천광역시,강화군,인천광역시 강화군 서도면 주문도1길6번길 7-1,인천광역시 강화군 서도면 주문도리 842,37.65079367,126.2384123,지소내,인천광역시 강화군청,032-930-3549,2025-11-20,3570000,인천광역시 강화군
전등약국,인천광역시,강화군,인천광역시 강화군 길상면 온수길 23,인천광역시 강화군 길상면 온수리 544-17,37.63904809,126.4918479,약국내,인천광역시 강화군청,032-937-8219,2025-11-20,3570000,인천광역시 강화군
재경약국,인천광역시,강화군,인천광역시 강화군 강화읍 강화대로 412,인천광역시 강화군 강화읍 관청리 491-1,37.74668971,126.4859375,약국내,인천광역시 강화군청,032-934-4741,2025-11-20,3570000,인천광역시 강화군
인화보건진료소,인천광역시,강화군,인천광역시 강화군 양사면 서사길105번길 47,인천광역시 강화군 양사면 인화리 360-1,37.7965141165,126.3797484339,진료소내,인천광역시 강화군청,032-934-5583,2025-11-20,3570000,인천광역시 강화군
이화약국,인천광역시,강화군,인천광역시 강화군 강화읍 중앙로 27,인천광역시 강화군 강화읍 남산리 39-1,37.74064047,126.4907301,약국내,인천광역시 강화군청,032-934-5534,2025-11-20,3570000,인천광역시 강화군
은화약국,인천광역시,강화군,인천광역시 강화군 강화읍 강화대로 404,인천광역시 강화군 강화읍 관청리 175-4,37.74638794,126.4863436,약국내,인천광역시 강화군청,032-933-7570,2025-11-20,3570000,인천광역시 강화군
오두보건진료소,인천광역시,강화군,인천광역시 강화군 불은면 불은남로 293,인천광역시 강화군 불은면 오두리 312-9,37.67572706,126.5112701,진료소내,인천광역시 강화군청,032-937-6813,2025-11-20,3570000,인천광역시 강화군
연리보건진료소,인천광역시,강화군,인천광역시 강화군 선원면 연동로210번길 3,인천광역시 강화군 선원면 연리 782-3,37.7065858,126.4946485,진료소내,인천광역시 강화군청,032-932-1412,2025-11-20,3570000,인천광역시 강화군
양사면보건지소,인천광역시,강화군,인천광역시 강화군 양사면 전망대로 1391,인천광역시 강화군 양사면 교산리 846-1,37.79823229,126.408698,지소내,인천광역시 강화군청,032-932-5506,2025-11-20,3570000,인천광역시 강화군
첨단라인6차아파트,광주광역시,광산구,광주광역시 광산구 임방울대로 673-21,,35.21764218,126.8304967,,광주광역시 광산구청,062-971-5355,2025-12-19,3630000,광주광역시 광산구
우리약국,경상남도,남해군,경상남도 남해군 남해읍 화전로122번길 11,,34.84229036,127.895149,약국 내,남해군보건소,055-860-8748,2025-11-20,5430000,경상남도 남해군
새동천약국,경상남도,남해군,경상남도 남해군 삼동면 봉화로 11-1,,34.80724172,128.0345629,약국 내,남해군보건소,055-860-8748,2025-11-20,5430000,경상남도 남해군
보령약국,경상남도,남해군,경상남도 남해군 남면 남서대로 782-1,,34.77145146,127.8863594,약국 내,남해군보건소,055-860-8748,2025-11-20,5430000,경상남도 남해군
백산약국,경상남도,남해군,경상남도 남해군 남해읍 화전로 174 대교종합철강,,34.84644675,127.8948424,약국 내,남해군보건소,055-860-8748,2025-11-20,5430000,경상남도 남해군
미조약국,경상남도,남해군,경상남도 남해군 미조면 미조로 8,,34.71283724,128.0455175,약국 내,남해군보건소,055-860-8748,2025-11-20,5430000,경상남도 남해군
대교약국,경상남도,남해군,경상남도 남해군 남해읍 화전로96번가길 4,,34.84002949,127.8950222,약국 내,남해군보건소,055-860-8748,2025-11-20,5430000,경상남도 남해군
남일약국,경상남도,남해군,경상남도 남해군 창선면 옥천로 5,,34.85497475,128.0127475,약국 내,남해군보건소,055-860-8748,2025-11-20,5430000,경상남도 남해군
선구보건진료소,경상남도,남해군,경상남도 남해군 남면 남면로 1172,,34.73910465,127.8555793,진료소 내,남해군보건소,055-860-8748,2025-11-20,5430000,경상남도 남해군
동천보건진료소,경상남도,남해군,경상남도 남해군 삼동면 봉화로 22-8 동천보건진료소,,34.80712621,128.0337199,진료소 내,남해군보건소,055-860-8748,2025-11-20,5430000,경상남도 남해군
덕월보건진료소,경상남도,남해군,경상남도 남해군 남면 남서대로1180번길 57,,34.7824353,127.8611949,진료소 내,남해군보건소,055-860-8748,2025-11-20,5430000,경상남도 남해군
고두보건진료소,경상남도,남해군,경상남도 남해군 창선면 흥선로633번길 4,,34.8873295,128.0386133,진료소 내,남해군보건소,055-860-8748,2025-11-20,5430000,경상남도 남해군
적량보건진료소,경상남도,남해군,경상남도 남해군 창선면 흥선로1198번길 10 적량보건진료소,,34.86073796,128.059879,진료소 내,남해군보건소,055-860-8748,2025-11-20,5430000,경상남도 남해군
홍현보건진료소,경상남도,남해군,경상남도 남해군 남면 남면로 355-5,,34.7447988517,127.9079105,진료소 내,남해군보건소,055-860-8748,2025-11-20,5430000,경상남도 남해군
율도보건진료소,경상남도,남해군,경상남도 남해군 창선면 율도로 199 율도보건지료소,,34.89970026,127.9931131,진료소 내,남해군보건소,055-860-8748,2025-11-20,5430000,경상남도 남해군
광천보건진료소,경상남도,남해군,경상남도 남해군 창선면 서부로 442-1,,34.85670796,127.9654713,진료소 내,남해군보건소,055-860-8748,2025-11-20,5430000,경상남도 남해군
가인포보건진료소,경상남도,남해군,경상남도 남해군 미조면 동부대로 474 보건진료,,34.75196903,128.0514141,진료소 내,남해군보건소,055-860-8748,2025-11-20,5430000,경상남도 남해군
중현보건진료소,경상남도,남해군,경상남도 남해군 서면 남서대로2618번길 6,,34.8725047,127.8301154,진료소 내,남해군보건소,055-860-8748,2025-11-20,5430000,경상남도 남해군
대벽보건진료소,경상남도,남해군,경상남도 남해군 창선면 서부로1244번길 16 대벽보건진료소,,34.90882517,128.0011773,진료소 내,남해군보건소,055-860-8748,2025-11-20,5430000,경상남도 남해군
노량보건진료소,경상남도,남해군,경상남도 남해군 설천면 노량로 198,,34.93997637,127.8741844,진료소 내,남해군보건소,055-860-8748,2025-11-20,5430000,경상남도 남해군
남상보건진료소,경상남도,남해군,경상남도 남해군 서면 남서대로2197번길 6,,34.8472994403,127.8187188,진료소 내,남해군보건소,055-860-8748,2025-11-20,5430000,경상남도 남해군
시문보건진료소,경상남도,남해군,경상남도 남해군 삼동면 난음로 338,,34.8086346,127.9813188,진료소 내,남해군보건소,055-860-8748,2025-11-20,5430000,경상남도 남해군
연곡보건진료소,경상남도,남해군,경상남도 남해군 창선면 연곡로 25 연곡보건진료소,,34.86963442,128.0422742,진료소 내,남해군보건소,055-860-8748,2025-11-20,5430000,경상남도 남해군
서면보건지소,경상남도,남해군,경상남도 남해군 서면 스포츠로 671 서면 보건지소,,34.80933621,127.838820,지소 내,남해군보건소,055-860-8748,2025-11-20,5430000,경상남도 남해군
삼동면보건지소,경상남도,남해군,경상남도 남해군 삼동면 동부대로1876번가길 11-9,,34.83221335,128.0009035,지소 내,남해군보건소,055-860-8748,2025-11-20,5430000,경상남도 남해군
고현면보건지소,경상남도,남해군,경상남도 남해군 고현면 탑동로 43 고현면보건지소,,34.89522925,127.8736882,지소 내,남해군보건소,055-860-8748,2025-11-20,5430000,경상남도 남해군
창선면보건지소,경상남도,남해군,경상남도 남해군 창선면 창선로 54 1층 (창선누리타운),,34.85400123,128.0133908,지소 내,남해군보건소,055-860-8748,2025-11-20,5430000,경상남도 남해군
설천면보건지소,경상남도,남해군,경상남도 남해군 설천면 설천로 654 설천면보건지소,,34.9217594,127.9161016,지소 내,남해군보건소,055-860-8748,2025-11-20,5430000,경상남도 남해군
이동면보건지소,경상남도,남해군,경상남도 남해군 이동면 무림로 64-5,,34.7998257363,127.953090012,지소 내,남해군보건소,055-860-8748,2025-11-20,5430000,경상남도 남해군
상주면보건지소,경상남도,남해군,경상남도 남해군 상주면 남해대로 716,,34.72484822,127.9860439,지소 내,남해군보건소,055-860-8748,2025-11-20,5430000,경상남도 남해군
남면보건지소,경상남도,남해군,경상남도 남해군 남면 남서대로 778-11 남면보건지소,,34.77216343,127.8871185,지소 내,남해군보건소,055-860-8748,2025-11-20,5430000,경상남도 남해군
미조면보건지소,경상남도,남해군,경상남도 남해군 미조면 미조로236번길 41,,34.71224827,128.0472402,지소 내,남해군보건소,055-860-8748,2025-11-20,5430000,경상남도 남해군
남해군보건소,경상남도,남해군,경상남도 남해군 남해읍 선소로 6,,34.84474988,127.8987857,보건소내 1층,남해군보건소,055-860-8748,2025-11-20,5430000,경상남도 남해군
금정구보건소,부산광역시,금정구,부산광역시 금정구 중앙대로 1777,부산광역시 금정구 부곡동 78,35.2420498,129.0924585,1층 민원실,금정구보건소,051-519-5821,2025-10-25,3350000,부산광역시 금정구
신덕면사무소,전북특별자치도,임실군,전북특별자치도 임실군 신덕면 수지로 94,전북특별자치도 임실군 신덕면 수천리 501-3,35.68384735,127.1781552,,전북특별자치도 임실군청,063-640-2393,2025-12-03,4761000,전북특별자치도 임실군
신호동 행정복지센터,부산광역시,강서구,부산광역시 강서구 신호산단4로 56,부산광역시 강서구 신호동 218-6,35.085440,128.879100,2층 민원실 정수기 옆,부산광역시 강서구청,051-970-2860,2025-11-18,3360000,부산광역시 강서구
녹산동 행정복지센터,부산광역시,강서구,부산광역시 강서구 가락대로 900번가길 32,부산광역시 강서구 범방동 1843-2,35.153530,128.8837842801,입구 무인민원발급기 옆,부산광역시 강서구청,051-970-4621,2025-11-18,3360000,부산광역시 강서구
명지2동 행정복지센터,부산광역시,강서구,부산광역시 강서구 명지오션시티11로 35,부산광역시 강서구 명지동 3232-5,35.084560,128.900069,명지2동 행정복지센터 민원실 뒤편 문고 우측,부산광역시 강서구청,051-970-2988,2025-11-18,3360000,부산광역시 강서구
명지1동 행정복지센터,부산광역시,강서구,부산광역시 강서구 명지국제8로 131,부산광역시 강서구 명지동 1996,35.1003409429,128.9070575725,1층 민원실 입구 옆,부산광역시 강서구청,051-970-2942,2025-11-18,3360000,부산광역시 강서구
가락동 행정복지센터,부산광역시,강서구,부산광역시 강서구 가락대로 1476,부산광역시 강서구 죽림동 716-3,35.196450,128.901800,1층 민원실 내,부산광역시 강서구청,051-970-2952,2025-11-18,3360000,부산광역시 강서구
강동동 행정복지센터,부산광역시,강서구,부산광역시 강서구 제도로1171,부산광역시 강서구 강동동 135-1,35.214540,128.9352666,1층 출입문 내부,부산광역시 강서구청,051-970-2933,2025-11-18,3360000,부산광역시 강서구
대저2동 행정복지센터,부산광역시,강서구,부산광역시 강서구 공항로811번가길30-1,부산광역시 강서구 대저2동 2011-3,35.17854941,128.9564833,1층 민원실 내,부산광역시 강서구청,051-970-4414,2025-11-18,3360000,부산광역시 강서구
대저1동 행정복지센터,부산광역시,강서구,부산광역시 강서구 대저로221번길19,부산광역시 강서구 대저1동 684-2,35.21546593,128.9768404,1층 민원실 내,부산광역시 강서구청,051-970-4913,2025-11-18,3360000,부산광역시 강서구
부산광역시 강서구청,부산광역시,강서구,부산광역시 강서구 낙동북로 477,부산광역시 강서구 대저1동 2300,35.212200,128.9805851,구청 내 서편 1층,부산광역시 강서구청,051-970-4434,2025-11-18,3360000,부산광역시 강서구
상패동 행정복지센터,경기도,동두천시,경기도 동두천시 어수로 8,경기도 동두천시 상패동 122-2,37.90537313,127.0442787,1층 입구,경기도 동두천시 환경보호과,031-860-2251,2025-11-05,3920000,경기도 동두천시
소요동 행정복지센터,경기도,동두천시,경기도 동두천시 평화로 2706,경기도 동두천시 동두천동 262,37.92949062,127.0572526,1층 입구,경기도 동두천시 환경보호과,031-860-2251,2025-11-05,3920000,경기도 동두천시
송내동 행정복지센터,경기도,동두천시,경기도 동두천시 동두천로 97,경기도 동두천시 지행동 722-3,37.89032916,127.0544498,1층 입구,경기도 동두천시 환경보호과,031-860-2251,2025-11-05,3920000,경기도 동두천시
불현동 행정복지센터,경기도,동두천시,경기도 동두천시 행선로 123,경기도 동두천시 생연동 348,37.89851186,127.062438,1층 입구,경기도 동두천시 환경보호과,031-860-2251,2025-11-05,3920000,경기도 동두천시
보산동 행정복지센터,경기도,동두천시,경기도 동두천시 싸리말로 28,경기도 동두천시 보산동 314-5,37.91764264,127.061317,1층 입구,경기도 동두천시 환경보호과,031-860-2251,2025-11-05,3920000,경기도 동두천시
중앙동 행정복지센터,경기도,동두천시,경기도 동두천시 생연로 172,경기도 동두천시 생연동 587-16,37.90775602,127.0532387,1층 입구,경기도 동두천시 환경보호과,031-860-2251,2025-11-05,3920000,경기도 동두천시
생연2동 행정복지센터,경기도,동두천시,경기도 동두천시 생연로 95,경기도 동두천시 생연동 810-5,37.90121861,127.0499071,1층 입구,경기도 동두천시 환경보호과,031-860-2251,2025-11-05,3920000,경기도 동두천시
생연1동 행정복지센터,경기도,동두천시,경기도 동두천시 장고갯로 140,경기도 동두천시 생연동 215-1,37.90739536,127.0658957,1층 입구,경기도 동두천시 환경보호과,031-860-2251,2025-11-05,3920000,경기도 동두천시
동두천시 보건소,경기도,동두천시,경기도 동두천시 중앙로 167,경기도 동두천시 생연동 714-9,37.89661219,127.051717,치매안심센터 1층,경기도 동두천시 환경보호과,031-860-2251,2025-11-05,3920000,경기도 동두천시
동두천시 보건소,경기도,동두천시,경기도 동두천시 중앙로 167,경기도 동두천시 생연동 714-9,37.89661219,127.051717,본관 1층,경기도 동두천시 환경보호과,031-860-2251,2025-11-05,3920000,경기도 동두천시
인춘당약국,경상남도,남해군,경상남도 남해군 삼동면 동부대로1876번길 21,,34.83136845,128.0021471,약국 내,남해군보건소,055-860-8748,2025-11-20,5430000,경상남도 남해군
건강약국,경상남도,남해군,경상남도 남해군 남해읍 화전로96번가길 13-1,,34.84107278,127.894686,약국 내,남해군보건소,055-860-8748,2025-11-20,5430000,경상남도 남해군
금산약국,경상남도,남해군,경상남도 남해군 상주면 남해대로 699-3,,34.72320107,127.9861957,약국 내,남해군보건소,055-860-8748,2025-11-20,5430000,경상남도 남해군
메디팜 현대약국,경상남도,남해군,경상남도 남해군 남해읍 망운로 4,,34.83827315,127.8936889,약국 내,남해군보건소,055-860-8748,2025-11-20,5430000,경상남도 남해군
행복약국,경상남도,남해군,경상남도 남해군 남해읍 망운로10번길 20,,34.83996792,127.8931232,약국 내,남해군보건소,055-860-8748,2025-11-20,5430000,경상남도 남해군
한솔약국,경상남도,남해군,경상남도 남해군 남해읍 화전로 103,,34.84044074,127.8936806,약국 내,남해군보건소,055-860-8748,2025-11-20,5430000,경상남도 남해군
터미널약국,경상남도,남해군,경상남도 남해군 남해읍 화전로 85-1,,34.83893661,127.8938913,약국 내,남해군보건소,055-860-8748,2025-11-20,5430000,경상남도 남해군
청춘약국,경상남도,남해군,경상남도 남해군 남해읍 화전로 88-6,,34.83870707,127.8943386,약국 내,남해군보건소,055-860-8748,2025-11-20,5430000,경상남도 남해군
창선약국,경상남도,남해군,경상남도 남해군 창선면 창선로 68-1,,34.85527844,128.0135000697,약국 내,남해군보건소,055-860-8748,2025-11-20,5430000,경상남도 남해군
중앙약국,경상남도,남해군,경상남도 남해군 남해읍 화전로78번길 2,,34.83807243,127.8943493,약국 내,남해군보건소,055-860-8748,2025-11-20,5430000,경상남도 남해군
조은온누리약국,경상남도,남해군,경상남도 남해군 남해읍 화전로96번가길 9,,34.84061467,127.8947509,약국 내,남해군보건소,055-860-8748,2025-11-20,5430000,경상남도 남해군
제일약국,경상남도,남해군,경상남도 남해군 남해읍 화전로 70,,34.83747608,127.8943374,약국 내,남해군보건소,055-860-8748,2025-11-20,5430000,경상남도 남해군
고단보건진료소,강원특별자치도,강릉시,강원특별자치도 강릉시 강동면 율곡로 2208,,37.7280068735,128.9539204821,,강원특별자치도 강릉,,2025-11-12,4201000,강원특별자치도 강릉시
보광보건진료소,강원특별자치도,강릉시,강원특별자치도 강릉시 성산면 보현길 22-2,,37.7383391,128.8054738,,강원특별자치도 강릉,,2025-11-12,4201000,강원특별자치도 강릉시
옥계보건지소,강원특별자치도,강릉시,강원특별자치도 강릉시 옥계면 현내중길 8,,37.6090404,129.0344038485,,강원특별자치도 강릉,,2025-11-12,4201000,강원특별자치도 강릉시
강동보건지소,강원특별자치도,강릉시,강원특별자치도 강릉시 강동면 율곡로 2208,,37.7280068735,128.9539204821,,강원특별자치도 강릉,,2025-11-12,4201000,강원특별자치도 강릉시
사천보건지소,강원특별자치도,강릉시,강원특별자치도 강릉시 사천면 미노길 67,,37.8237935602,128.8486286311,,강원특별자치도 강릉,,2025-11-12,4201000,강원특별자치도 강릉시
구정보건지소,강원특별자치도,강릉시,강원특별자치도 강릉시 구정면 새끼미길 99,,37.7204308518,128.8834522548,,강원특별자치도 강릉,,2025-11-12,4201000,강원특별자치도 강릉시
왕산보건지소,강원특별자치도,강릉시,강원특별자치도 강릉시 백두대간로 1991,,37.6724082,128.8378668,,강원특별자치도 강릉,,2025-11-12,4201000,강원특별자치도 강릉시
성산보건지소,강원특별자치도,강릉시,강원특별자치도 강릉시 성산면 구산길 20,,37.7189351124,128.8321710919,,강원특별자치도 강릉,,2025-11-12,4201000,강원특별자치도 강릉시
경포동 행정복지센터,강원특별자치도,강릉시,강원특별자치도 강릉시 운정길 16,,37.7837939,128.8806116,,강원특별자치도 강릉,,2025-11-12,4201000,강원특별자치도 강릉시
성덕동 행정복지센터,강원특별자치도,강릉시,강원특별자치도 강릉시 성덕포남로 115,,37.763337572,128.9135006662,,강원특별자치도 강릉,,2025-11-12,4201000,강원특별자치도 강릉시
강남동 행정복지센터,강원특별자치도,강릉시,강원특별자치도 강릉시 남부로 232,,37.7441604,128.9056510862,,강원특별자치도 강릉,,2025-11-12,4201000,강원특별자치도 강릉시
송정동 행정복지센터,강원특별자치도,강릉시,강원특별자치도 강릉시 경강로 2451,,37.7744627,128.9275518,,강원특별자치도 강릉,,2025-11-12,4201000,강원특별자치도 강릉시
초당동 행정복지센터,강원특별자치도,강릉시,강원특별자치도 강릉시초당순두부길 99,,37.7918851,128.9159496,,강원특별자치도 강릉,,2025-11-12,4201000,강원특별자치도 강릉시
포남1동 행정복지센터,강원특별자치도,강릉시,강원특별자치도 강릉시 남구길10번길 25,,37.7660908692,128.9082054291,,강원특별자치도 강릉,,2025-11-12,4201000,강원특별자치도 강릉시
교2동 행정복지센터,강원특별자치도,강릉시,강원특별자치도 강릉시 율곡로 2974,,37.76797499,128.8923374628,,강원특별자치도 강릉,,2025-11-12,4201000,강원특별자치도 강릉시
교1동 행정복지센터,강원특별자치도,강릉시,강원특별자치도 강릉시 하슬라로 173,,37.7655871,128.8744088,,강원특별자치도 강릉,,2025-11-12,4201000,강원특별자치도 강릉시
옥천동 행정복지센터,강원특별자치도,강릉시,강원특별자치도 강릉시 경강로 2179,,37.7601128,128.9029406,,강원특별자치도 강릉,,2025-11-12,4201000,강원특별자치도 강릉시
연곡면사무소,강원특별자치도,강릉시,강원특별자치도 강릉시 연주로 35-8,,37.8601677,128.8376487,,강원특별자치도 강릉,,2025-11-12,4201000,강원특별자치도 강릉시
옥계면사무소,강원특별자치도,강릉시,강원특별자치도 강릉시 현내시장길 30,,37.6129915,129.0428161,,강원특별자치도 강릉,,2025-11-12,4201000,강원특별자치도 강릉시
강동면사무소,강원특별자치도,강릉시,강원특별자치도 강릉시 율곡로 2208,,37.7249954,128.9541856,,강원특별자치도 강릉,,2025-11-12,4201000,강원특별자치도 강릉시
구정면사무소,강원특별자치도,강릉시,강원특별자치도 강릉시 구정면 구정중앙로 237,,37.71832869,128.8800576449,,강원특별자치도 강릉,,2025-11-12,4201000,강원특별자치도 강릉시
왕산면사무소,강원특별자치도,강릉시,강원특별자치도 강릉시 백두대간로 1997,,37.6719492,128.8382754,,강원특별자치도 강릉,,2025-11-12,4201000,강원특별자치도 강릉시
성산면사무소,강원특별자치도,강릉시,강원특별자치도 강릉시 구산길 22,,37.718709,128.8320893,,강원특별자치도 강릉,,2025-11-12,4201000,강원특별자치도 강릉시
주문진통합보건지소,강원특별자치도,강릉시,강원특별자치도 강릉시 주문진읍 항구로 19,,37.8940411488,128.823318,,강원특별자치도 강릉,,2025-11-12,4201000,강원특별자치도 강릉시
강릉시보건소,강원특별자치도,강릉시,강원특별자치도 강릉시남부로17번길 38,,37.742823,128.882722,,강원특별자치도 강릉,,2025-11-12,4201000,강원특별자치도 강릉시
부산광역시 강서구 보건소,부산광역시,강서구,부산광역시 강서구 공항로811번길10,부산광역시 강서구 대저2동 1932-1,35.1802360869,128.957200,1층 민원실 내,부산광역시 강서구청,051-970-3416,2025-11-18,3360000,부산광역시 강서구
부산광역시 강서구 가덕도 보건지소,부산광역시,강서구,부산광역시 강서구 성북1길 70-1,부산광역시 강서구 성북동 440,35.053590,128.830400,"가덕도보건지소 내 로비, 상동",부산광역시 강서구청,051-970-4797,2025-11-18,3360000,부산광역시 강서구
부산광역시 강서구 녹산보건지소,부산광역시,강서구,부산광역시 강서구 생곡로 17,부산광역시 강서구 녹산동 14-6,35.123470,128.895500,녹산보건지소 1층 내부 정문,부산광역시 강서구청,051-970-4778,2025-11-18,3360000,부산광역시 강서구
부산광역시 강서구 가락보건지소,부산광역시,강서구,부산광역시 강서구 가락대로 1476,부산광역시 강서구 죽림동 716-3,35.196410,128.901800,가락보건지소 내부,부산광역시 강서구청,051-970-4798,2025-11-18,3360000,부산광역시 강서구
부산광역시 강서구 강동보건지소,부산광역시,강서구,부산광역시 강서구 낙동북로 102번길 76,부산광역시 강서구 강동동 60-3,35.216200,128.937671,강동 보건지소 로비,부산광역시 강서구청,051-970-4795,2025-11-18,3360000,부산광역시 강서구
가덕도 행정복지센터,부산광역시,강서구,부산광역시 강서구 동선길 10,부산광역시 강서구 성북동 228,35.056640,128.8316553873,가덕도 행정복지센터 1층 민원실 입구,부산광역시 강서구청,051-970-2973,2025-11-18,3360000,부산광역시 강서구
녹산동 행정복지센터 지사민원센터,부산광역시,강서구,부산광역시 강서구 과학산단2로20번길 7-7,부산광역시 강서구 지사동 1180,35.1513383507,128.8314007174,지사민원센터 내 책장 위,부산광역시 강서구청,051-970-4621,2025-11-18,3360000,부산광역시 강서구
신리보건진료소,전라남도,장흥군,전라남도 장흥군 대덕읍 장흥대로 76,전라남도 장흥군 대덕읍 신리 346-2,34.45966022,126.8594999,,전라남도 장흥군,061-860-7882,2025-10-31,4910000,전라남도 장흥군
죽청보건진료소,전라남도,장흥군,전라남도 장흥군 관산읍 죽청2길 4,전라남도 장흥군 관산읍 죽청리 318-1,34.58146824,126.9760367,,전라남도 장흥군,061-860-7881,2025-10-31,4910000,전라남도 장흥군
삼산보건진료소,전라남도,장흥군,전라남도 장흥군 관산읍 삼산로 61,전라남도 장흥군 관산읍 삼산리 324-1,34.52406904,126.9564245,,전라남도 장흥군,061-860-7880,2025-10-31,4910000,전라남도 장흥군
회진보건지소,전라남도,장흥군,전라남도 장흥군 회진면 회진중앙길 16-9,전라남도 장흥군 회진면 회진리 2143-2,34.48117659,126.9392284,,전라남도 장흥군,061-860-8983,2025-10-31,4910000,전라남도 장흥군
부산면보건지소,전라남도,장흥군,전라남도 장흥군 부산면 부유로 31,전라남도 장흥군 부산면 유량리 105-36,34.72308039,126.9025189,,전라남도 장흥군,061-860-8973,2025-10-31,4910000,전라남도 장흥군
유치보건지소,전라남도,장흥군,전라남도 장흥군 유치면 유치로 22,전라남도 장흥군 유치면 원등리 76,34.8022895,126.8390495,,전라남도 장흥군,061-860-8963,2025-10-31,4910000,전라남도 장흥군
북부통합지소,전라남도,장흥군,전라남도 장흥군 장평면 장평중앙길 29,전라남도 장흥군 장평면 용강리 69-2,34.77242143,126.9747179,,전라남도 장흥군,061-860-8953,2025-10-31,4910000,전라남도 장흥군
안양보건지소,전라남도,장흥군,전라남도 장흥군 안양면 남부관광로 728,전라남도 장흥군 안양면 운흥리 693-1,34.64943118,126.9710884,,전라남도 장흥군,061-860-8943,2025-10-31,4910000,전라남도 장흥군
용산보건지소,전라남도,장흥군,전라남도 장흥군 용산면 장흥대로 2467,전라남도 장흥군 용산면 접정리 385-1,34.61499475,126.9138313,,전라남도 장흥군,061-860-8933,2025-10-31,4910000,전라남도 장흥군
대덕보건지소,전라남도,장흥군,전라남도 장흥군 대덕읍 도청신월로 171-1,전라남도 장흥군 대덕읍 신월리 337-2,34.49763973,126.886003,,전라남도 장흥군,061-860-8926,2025-10-31,4910000,전라남도 장흥군
관산보건지소,전라남도,장흥군,전라남도 장흥군 관산읍 정남진로 27,전라남도 장흥군 관산읍 죽교리 291-3,34.56250934,126.9417085,,전라남도 장흥군,061-860-8917,2025-10-31,4910000,전라남도 장흥군
장흥군보건소,전라남도,장흥군,전라남도 장흥군 장흥읍 흥성로 49,전라남도 장흥군 장흥읍 건산리 378,34.67646848,126.9083329,,전라남도 장흥군,061-862-4000,2025-10-31,4910000,전라남도 장흥군
회진면사무소,전라남도,장흥군,전라남도 장흥군 회진면 회진중앙길 12,전라남도 장흥군 회진면 회진리 2140-3,34.48165008,126.9393891,,전라남도 장흥군,061-860-8330,2025-10-31,4910000,전라남도 장흥군
부산면사무소,전라남도,장흥군,전라남도 장흥군 부산면 내안구룡길 380,전라남도 장흥군 부산면 구룡리 884-3,34.72054517,126.9026777,,전라남도 장흥군,061-860-8369,2025-10-31,4910000,전라남도 장흥군
유치면사무소,전라남도,장흥군,전라남도 장흥군 유치면 유치로 22,전라남도 장흥군 유치면 원등리 76,34.8022895,126.8390495,,전라남도 장흥군,061-860-8358,2025-10-31,4910000,전라남도 장흥군
장평면사무소,전라남도,장흥군,전라남도 장흥군 장평면 장평중앙길 42,전라남도 장흥군 장평면 용강리 27-1,34.77367866,126.9748337,,전라남도 장흥군,061-860-8377,2025-10-31,4910000,전라남도 장흥군
장동면사무소,전라남도,장흥군,전라남도 장흥군 장동면 신북1길 35,전라남도 장흥군 장동면 북교리 7-1,34.74995321,126.9952904,,전라남도 장흥군,061-860-8326,2025-10-31,4910000,전라남도 장흥군
안양면사무소,전라남도,장흥군,전라남도 장흥군 안양면 안양로 135-8,전라남도 장흥군 안양면 운흥리 514-1,34.65034128,126.9739531,,전라남도 장흥군,061-860-8335,2025-10-31,4910000,전라남도 장흥군
용산면사무소,전라남도,장흥군,전라남도 장흥군 용산면 장흥대로 2467,전라남도 장흥군 용산면 접정리 385-1,34.61499475,126.9138313,,전라남도 장흥군,061-860-8344,2025-10-31,4910000,전라남도 장흥군
대덕읍사무소,전라남도,장흥군,전라남도 장흥군 대덕읍 대대로 929,전라남도 장흥군 대덕읍 신월리 118-6,34.49941506,126.8879556,,전라남도 장흥군,061-860-8373,2025-10-31,4910000,전라남도 장흥군
관산읍사무소,전라남도,장흥군,전라남도 장흥군 관산읍 관산로 71,전라남도 장흥군 관산읍 옥당리 421-3,34.56147251,126.9388051,,전라남도 장흥군,061-860-8452,2025-10-31,4910000,전라남도 장흥군
장흥읍사무소,전라남도,장흥군,,전라남도 장흥군 장흥읍 기양리 110,34.67974213,126.902653,,전라남도 장흥군,061-860-8441,2025-10-31,4910000,전라남도 장흥군
진주시 보건소 의약팀,경상남도,진주시,경상남도 진주시 초전동 월아산로 2026 경남서부청사 1층,경상남도 진주시 초전동 348-2,35.21469804,128.122903,보건행정과 의약팀,진주시 보건소,055-749-5713,2025-11-13,5310000,경상남도 진주시
남부건강생활지원센터,강원특별자치도,강릉시,강원특별자치도 강릉시 성덕포남로 80-22,,37.7632167,128.9188057,,강원특별자치도 강릉,,2025-11-12,4201000,강원특별자치도 강릉시
동부건강생활지원센터,강원특별자치도,강릉시,강원특별자치도 강릉시 강릉대로313번길 6,,37.7649948171,128.9019204821,,강원특별자치도 강릉,,2025-11-12,4201000,강원특별자치도 강릉시
삼산보건진료소,강원특별자치도,강릉시,강원특별자치도 강릉시 연곡면 삼산길 3,,37.8470939,128.6998130184,,강원특별자치도 강릉,,2025-11-12,4201000,강원특별자치도 강릉시
사천진보건진료소,강원특별자치도,강릉시,강원특별자치도 강릉시 진리항구2길 16 사천보건진료소,,37.8372595,128.8751105,,강원특별자치도 강릉,,2025-11-12,4201000,강원특별자치도 강릉시
산계보건진료소,강원특별자치도,강릉시,강원특별자치도 강릉시 산계길 952-1,,37.5751817,128.945834,,강원특별자치도 강릉,,2025-11-12,4201000,강원특별자치도 강릉시
남양보건진료소,강원특별자치도,강릉시,강원특별자치도 강릉시 옥계로 712-2,,37.579321,129.025970,,강원특별자치도 강릉,,2025-11-12,4201000,강원특별자치도 강릉시
임곡보건진료소,강원특별자치도,강릉시,강원특별자치도 강릉시 임곡로 738,,37.6882796,128.9730223,,강원특별자치도 강릉,,2025-11-12,4201000,강원특별자치도 강릉시
정동보건진료소,강원특별자치도,강릉시,강원특별자치도 강릉시 헌화로 1054 정동진타임스토리(시간테마박물,,37.6882252,129.0340165,,강원특별자치도 강릉,,2025-11-12,4201000,강원특별자치도 강릉시
대기보건진료소,강원특별자치도,강릉시,강원특별자치도 강릉시 왕산면 왕산로 1324-4,,37.5878042,128.7781904,,강원특별자치도 강릉,,2025-11-12,4201000,강원특별자치도 강릉시
계명아파트,전라남도,장흥군,전라남도 장흥군 장흥읍 장흥대로 3492,전라남도 장흥군 장흥읍 건산리 767,34.67534692,126.9059676,,전라남도 장흥군,061-860-6424,2025-10-31,4910000,전라남도 장흥군
수창1차아파트,전라남도,장흥군,전라남도 장흥군 장흥읍 북부로 39,전라남도 장흥군 장흥읍 건산리 670,34.68533483,126.9069879,,전라남도 장흥군,061-860-6424,2025-10-31,4910000,전라남도 장흥군
수창휴그린,전라남도,장흥군,전라남도 장흥군 장흥읍 동교로 67,전라남도 장흥군 장흥읍 건산리 635-1,34.68635377,126.9032367,,전라남도 장흥군,061-860-6424,2025-10-31,4910000,전라남도 장흥군
신동현강변타운,전라남도,장흥군,,전라남도 장흥군 장흥읍 건산리 688-1,34.68531285,126.9037536,,전라남도 장흥군,061-860-6424,2025-10-31,4910000,전라남도 장흥군
미래 3차아파트,전라남도,장흥군,,전라남도 장흥군 장흥읍 건산리 129,34.67896648,126.9148628,,전라남도 장흥군,061-860-6424,2025-10-31,4910000,전라남도 장흥군
미래 2차아파트,전라남도,장흥군,전라남도 장흥군 장흥읍 동교로 43,전라남도 장흥군 장흥읍 건산리 685-4,34.68412737,126.904315,,전라남도 장흥군,061-860-6424,2025-10-31,4910000,전라남도 장흥군
미래 1차아파트,전라남도,장흥군,,전라남도 장흥군 장흥읍 건산리 473-31,34.67975976,126.9101209,,전라남도 장흥군,061-860-6424,2025-10-31,4910000,전라남도 장흥군
솔뫼아파트,전라남도,장흥군,,전라남도 장흥군 장흥읍 건산리 413,34.67807683,126.9134209,,전라남도 장흥군,061-860-6424,2025-10-31,4910000,전라남도 장흥군
신생약국(폐업),전라남도,장흥군,전라남도 장흥군 관산읍 관산로 81-1,전라남도 장흥군 관산읍 옥당리 453-19,34.56264056,126.9385152,,전라남도 장흥군,061-867-2018,2025-10-31,4910000,전라남도 장흥군
영생약국,전라남도,장흥군,전라남도 장흥군 대덕읍 대대로 925,전라남도 장흥군 대덕읍 신월리 103-1,34.49897452,126.8877579,,전라남도 장흥군,061-867-4344,2025-10-31,4910000,전라남도 장흥군
소명약국,전라남도,장흥군,전라남도 장흥군 관산읍 관산로 89,전라남도 장흥군 관산읍 옥당리 452-12,34.56315976,126.9382753,,전라남도 장흥군,061-867-2072,2025-10-31,4910000,전라남도 장흥군
송약국,전라남도,장흥군,전라남도 장흥군 회진면 가학회진로1617-1,전라남도 장흥군 회진면 회진리 933-2,34.48359272,126.9400422,,전라남도 장흥군,061-867-5035,2025-10-31,4910000,전라남도 장흥군
조은약국,전라남도,장흥군,전라남도 장흥군 회진면 가학회진로 1609,전라남도 장흥군 회진면 회진리 922-1,34.48290863,126.9399195,,전라남도 장흥군,061-867-8813,2025-10-31,4910000,전라남도 장흥군
신화약국,전라남도,장흥군,전라남도 장흥군 장흥읍 동교1길 22,전라남도 장흥군 장흥읍 건산리 738-2,34.6769509,126.9080666,,전라남도 장흥군,061-863-7090,2025-10-31,4910000,전라남도 장흥군
푸른약국,전라남도,장흥군,전라남도 장흥군 장흥읍 중앙로15,전라남도 장흥군 장흥읍 건산리 386-3,34.67743532,126.9086438,,전라남도 장흥군,061-864-4111,2025-10-31,4910000,전라남도 장흥군
중앙약국,전라남도,장흥군,전라남도 장흥군 장흥읍 중앙로 23,전라남도 장흥군 장흥읍 건산리 386-2,34.67810226,126.9082532,,전라남도 장흥군,061-864-8875,2025-10-31,4910000,전라남도 장흥군
솔약국,전라남도,장흥군,전라남도 장흥군 장흥읍 동교2길13-21,전라남도 장흥군 장흥읍 건산리 739-33,34.67881628,126.9064707,,전라남도 장흥군,061-864-8878,2025-10-31,4910000,전라남도 장흥군
장생약국,전라남도,장흥군,전라남도 장흥군 장흥읍 동교1길 42,전라남도 장흥군 장흥읍 건산리 384-29,34.67798309,126.9098188,,전라남도 장흥군,061-864-5100,2025-10-31,4910000,전라남도 장흥군
그랜드약국,전라남도,장흥군,전라남도 장흥군 장흥읍 부동로3,전라남도 장흥군 장흥읍 건산리 402-25,34.67808274,126.9108562,,전라남도 장흥군,061-864-3100,2025-10-31,4910000,전라남도 장흥군
온누리약국,전라남도,장흥군,전라남도 장흥군 장흥읍 남부관광로7,전라남도 장흥군 장흥읍 건산리 381-10,34.6767207,126.9106486,,전라남도 장흥군,061-864-6100,2025-10-31,4910000,전라남도 장흥군
하나로약국,전라남도,장흥군,전라남도 장흥군 장흥읍 동교1길33,전라남도 장흥군 장흥읍 건산리 385-31,34.67785256,126.9089637,,전라남도 장흥군,061-863-1588,2025-10-31,4910000,전라남도 장흥군
새장흥약국,전라남도,장흥군,전라남도 장흥군 장흥읍 중앙로1길7-1,전라남도 장흥군 장흥읍 건산리 382-9,34.67744067,126.9095384,,전라남도 장흥군,061-863-0690,2025-10-31,4910000,전라남도 장흥군
호남약국,전라남도,장흥군,전라남도 장흥군 장흥읍 중앙로1길12,전라남도 장흥군 장흥읍 건산리 384-13,34.67754224,126.9101161,,전라남도 장흥군,061-863-3334,2025-10-31,4910000,전라남도 장흥군
감초약국,전라남도,장흥군,전라남도 장흥군 장흥읍 중앙로1길 8,전라남도 장흥군 장흥읍 건산리 382,34.67726267,126.9095877,,전라남도 장흥군,061-863-9217,2025-10-31,4910000,전라남도 장흥군
삭금보건진료소,전라남도,장흥군,전라남도 장흥군 회진면 가학회진로 895,,34.4486311,126.9273652,,전라남도 장흥군,061-860-7890,2025-10-31,4910000,전라남도 장흥군
대신보건진료소,전라남도,장흥군,전라남도 장흥군 회진면 회진로 877,전라남도 장흥군 회진면 신상리 284-1,34.48489998,126.9676148,,전라남도 장흥군,061-860-7889,2025-10-31,4910000,전라남도 장흥군
대천보건진료소,전라남도,장흥군,전라남도 장흥군 유치면 암천길 15-15,전라남도 장흥군 유치면 대천리 550-11,34.84150225,126.8773535,,전라남도 장흥군,061-860-7888,2025-10-31,4910000,전라남도 장흥군
부평보건진료소,전라남도,장흥군,전라남도 장흥군 장평면 임리어곡길 68,전라남도 장흥군 장평면 임리 342-2,34.8074745,126.9897034,,전라남도 장흥군,061-860-7887,2025-10-31,4910000,전라남도 장흥군
봉림보건진료소,전라남도,장흥군,전라남도 장흥군 장평면 곰치로 845,전라남도 장흥군 장평면 봉림리 795-4,34.79798082,126.9315134,,전라남도 장흥군,061-860-7886,2025-10-31,4910000,전라남도 장흥군
장동보건진료소,전라남도,장흥군,전라남도 장흥군 장동면 곰치로 10,전라남도 장흥군 장동면 배산리 541-5,34.75313112,126.9965366,,전라남도 장흥군,061-860-7885,2025-10-31,4910000,전라남도 장흥군
수문보건진료소,전라남도,장흥군,전라남도 장흥군 안양면 수문1길 9,전라남도 장흥군 안양면 수문리 286-12,34.62927033,127.0279063,,전라남도 장흥군,061-860-7884,2025-10-31,4910000,전라남도 장흥군
상발보건진료소,전라남도,장흥군,전라남도 장흥군 용산면 접정남포로 945,전라남도 장흥군 용산면 상발리 221-1,34.60545717,126.9974659,,전라남도 장흥군,061-860-7883,2025-10-31,4910000,전라남도 장흥군
영양읍분회경로당,경상북도,영양군,경상북도 영양군 영양읍 동서부길 15,경상북도 영양군 영양읍 동부리 194-3,36.66513676,129.1167131,,경상북도 영양군청,054-680-5195,2025-11-10,5170000,경상북도 영양군
일월면사무소,경상북도,영양군,경상북도 영양군 일월면 영양로 2419,경상북도 영양군 일월면 도계리 653-2,36.70237538,129.128760,,경상북도 영양군청,054-680-5195,2025-11-10,5170000,경상북도 영양군
입암면행정복지센터,경상북도,영양군,경상북도 영양군 입암면 조기리길 10,경상북도 영양군 입암면 신구리 481-1,36.59305723,129.0902661,,경상북도 영양군청,054-680-5195,2025-11-10,5170000,경상북도 영양군
청기면사무소,경상북도,영양군,경상북도 영양군 청기면 청기1길 9-6,경상북도 영양군 청기면 청기리 791-1,36.66141502,129.0624646,,경상북도 영양군청,054-680-5195,2025-11-10,5170000,경상북도 영양군
수비면행정복지센터,경상북도,영양군,경상북도 영양군 수비면 한티로 503,경상북도 영양군 수비면 발리리 503-1,36.76522193,129.2025632,,경상북도 영양군청,054-680-5195,2025-11-10,5170000,경상북도 영양군
석보면사무소,경상북도,영양군,경상북도 영양군 석보면 원리3길 3,경상북도 영양군 석보면 원리리 292,36.55805279,129.1247235,,경상북도 영양군청,054-680-5195,2025-11-10,5170000,경상북도 영양군
영양읍행정복지센터,경상북도,영양군,경상북도 영양군 영양읍 군청길 53,경상북도 영양군 영양읍 동부리 550-10,36.66716018,129.1141042,,경상북도 영양군청,054-680-5195,2025-11-10,5170000,경상북도 영양군
보건약국,경상북도,영양군,경상북도 영양군 영양읍 동서대로 62,경상북도 영양군 영양읍 서부리 108-7,36.66232943,129.1157781,,경상북도 영양군청,054-680-5195,2025-11-10,5170000,경상북도 영양군
보성약국,경상북도,영양군,경상북도 영양군 입암면 입암로 130-1,경상북도 영양군 입암면 신구리 435-16,36.5964543,129.0891841,,경상북도 영양군청,054-680-5195,2025-11-10,5170000,경상북도 영양군
일월산약국,경상북도,영양군,경상북도 영양군 영양읍 동서대로 78,경상북도 영양군 영양읍 서부리 100-11,36.66220186,129.1175919,,경상북도 영양군청,054-680-5195,2025-11-10,5170000,경상북도 영양군
명성약국,경상북도,영양군,경상북도 영양군 영양읍 동서대로 76-1,경상북도 영양군 영양읍 서부리 100-2,36.66217637,129.1173737,,경상북도 영양군청,054-680-5195,2025-11-10,5170000,경상북도 영양군
화매보건진료소,경상북도,영양군,경상북도 영양군 석보면 석보로 1189,경상북도 영양군 석보면 화매리 777-3,36.51500339,129.1809805,,경상북도 영양군청,054-680-5195,2025-11-10,5170000,경상북도 영양군
상청보건진료소,경상북도,영양군,경상북도 영양군 청기면 청기로 553,경상북도 영양군 청기면 저리 158-11,36.63531287,129.0648448,,경상북도 영양군청,054-680-5195,2025-11-10,5170000,경상북도 영양군
당리보건진료소,경상북도,영양군,경상북도 영양군 청기면 재일로 1377-3,경상북도 영양군 청기면 당리 649-15,36.75580362,129.052750,,경상북도 영양군청,054-680-5195,2025-11-10,5170000,경상북도 영양군
용화보건진료소,경상북도,영양군,경상북도 영양군 일월면 영양로 3773,경상북도 영양군 일월면 용화리 225-1,36.78902227,129.1502844,,경상북도 영양군청,054-680-5195,2025-11-10,5170000,경상북도 영양군
수하보건진료소,경상북도,영양군,경상북도 영양군 수비면 낙동정맥로 3457,경상북도 영양군 수비면 수하리 388-1,36.82765321,129.2590124,,경상북도 영양군청,054-680-5195,2025-11-10,5170000,경상북도 영양군
무창보건진료소,경상북도,영양군,경상북도 영양군 영양읍 화무로 1988,경상북도 영양군 영양읍 무창리 584,36.63150157,129.2006999,,경상북도 영양군청,054-680-5195,2025-11-10,5170000,경상북도 영양군
송하보건진료소,경상북도,영양군,경상북도 영양군 수비면 가천로 629,경상북도 영양군 수비면 송하리 369-11,36.70098424,129.1938959,,경상북도 영양군청,054-680-5195,2025-11-10,5170000,경상북도 영양군
대천보건진료소,경상북도,영양군,경상북도 영양군 입암면 선바위로 460,경상북도 영양군 입암면 대천리 194-3,36.62195134,129.0420594,,경상북도 영양군청,054-680-5195,2025-11-10,5170000,경상북도 영양군
입암보건지소,경상북도,영양군,경상북도 영양군 입암면 조기리길 18,경상북도 영양군 입암면 신구리 480-3,36.59418336,129.0903635,,경상북도 영양군청,054-680-5195,2025-11-10,5170000,경상북도 영양군
석보보건지소,경상북도,영양군,경상북도 영양군 석보면 두들마을길 51,경상북도 영양군 석보면 원리리 304-15,36.55992012,129.1262903,,경상북도 영양군청,054-680-5195,2025-11-10,5170000,경상북도 영양군
청기보건지소,경상북도,영양군,경상북도 영양군 청기면 청기2길 2,경상북도 영양군 청기면 청기리 758-5,36.66058601,129.0633662,,경상북도 영양군청,054-680-5195,2025-11-10,5170000,경상북도 영양군
수비보건지소,경상북도,영양군,경상북도 영양군 수비면 한티로 479-5,경상북도 영양군 수비면 발리리 335-1,36.76620502,129.2001396,,경상북도 영양군청,054-680-5195,2025-11-10,5170000,경상북도 영양군
일월보건지소,경상북도,영양군,경상북도 영양군 일월면 영양로 2405,경상북도 영양군 일월면 도계리 708-2,36.70220711,129.1272019,,경상북도 영양군청,054-680-5195,2025-11-10,5170000,경상북도 영양군
영양군보건소,경상북도,영양군,경상북도 영양군 영양읍 동서대로 82,경상북도 영양군 영양읍 동부리 164-1,36.66194588,129.1180639,,경상북도 영양군청,054-680-5195,2025-11-10,5170000,경상북도 영양군
성은아파트,전라남도,장흥군,전라남도 장흥군 장흥읍 우드랜드길 136,전라남도 장흥군 장흥읍 우산리 16-1,34.67169656,126.9311986,,전라남도 장흥군,061-860-6424,2025-10-31,4910000,전라남도 장흥군
현남팰리스,전라남도,장흥군,전라남도 장흥군 장흥읍 동교1길 10-10,전라남도 장흥군 장흥읍 건산리 751-2,34.6760782,126.9067226,,전라남도 장흥군,061-860-6424,2025-10-31,4910000,전라남도 장흥군
주공2차아파트,전라남도,장흥군,전라남도 장흥군 장흥읍 북부로 3,전라남도 장흥군 장흥읍 건산리 810,34.68483359,126.9027771,,전라남도 장흥군,061-860-6424,2025-10-31,4910000,전라남도 장흥군
건산주공1차아파트,전라남도,장흥군,전라남도 장흥군 장흥읍 북부로 62-1,전라남도 장흥군 장흥읍 건산리 529-1,34.68564517,126.9085086,,전라남도 장흥군,061-860-6424,2025-10-31,4910000,전라남도 장흥군
정하리버하임,전라남도,장흥군,,전라남도 장흥군 장흥읍 건산리 811,34.68007441,126.9061193,,전라남도 장흥군,061-860-6424,2025-10-31,4910000,전라남도 장흥군
한빛맨션,전라남도,장흥군,,전라남도 장흥군 장흥읍 건산리 752,34.6763513,126.9070295,,전라남도 장흥군,061-860-6424,2025-10-31,4910000,전라남도 장흥군
신평면사무소,전북특별자치도,임실군,전북특별자치도 임실군 신평면 석등슬치로 369,전북특별자치도 임실군 신평면 원천리 212,35.65705012,127.223673,,전북특별자치도 임실군청,063-640-2393,2025-12-03,4761000,전북특별자치도 임실군
청웅면사무소,전북특별자치도,임실군,전북특별자치도 임실군 청웅면 청웅로 153,전북특별자치도 임실군 청웅면 구고리 219-7,35.56977389,127.2012925,,전북특별자치도 임실군청,063-640-2393,2025-12-03,4761000,전북특별자치도 임실군
지사면사무소,전북특별자치도,임실군,전북특별자치도 임실군 지사면 충효로 2437,전북특별자치도 임실군 지사면 방계리 556-1,35.56377923,127.357456,,전북특별자치도 임실군청,063-640-2393,2025-12-03,4761000,전북특별자치도 임실군
강진면사무소,전북특별자치도,임실군,전북특별자치도 임실군 강진면 호국로 47,전북특별자치도 임실군 강진면 갈담리 303-1,35.53034294,127.1635723,,전북특별자치도 임실군청,063-640-2393,2025-12-03,4761000,전북특별자치도 임실군
덕치면사무소,전북특별자치도,임실군,전북특별자치도 임실군 덕치면 인덕로 1397-1,전북특별자치도 임실군 덕치면 회문리 101-2,35.5097339,127.1571916,,전북특별자치도 임실군청,063-640-2393,2025-12-03,4761000,전북특별자치도 임실군
오수면사무소,전북특별자치도,임실군,전북특별자치도 임실군 오수면 삼일로 27,전북특별자치도 임실군 오수면 오수리 392-11,35.54133754,127.3266755,,전북특별자치도 임실군청,063-640-2393,2025-12-03,4761000,전북특별자치도 임실군
운암면사무소,전북특별자치도,임실군,전북특별자치도 임실군 운암면 상운길 27,전북특별자치도 임실군 운암면 쌍암리 612-11,35.66298076,127.1549758,,전북특별자치도 임실군청,063-640-2393,2025-12-03,4761000,전북특별자치도 임실군
성수면사무소,전북특별자치도,임실군,전북특별자치도 임실군 성수면 임진로 213,전북특별자치도 임실군 성수면 양지리 267-10,35.62991857,127.3331064,,전북특별자치도 임실군청,063-640-2393,2025-12-03,4761000,전북특별자치도 임실군
관촌면사무소,전북특별자치도,임실군,전북특별자치도 임실군 관촌면 사선1길 13,전북특별자치도 임실군 관촌면 관촌리 346,35.67382517,127.2708381,,전북특별자치도 임실군청,063-640-2393,2025-12-03,4761000,전북특별자치도 임실군
삼계면사무소,전북특별자치도,임실군,전북특별자치도 임실군 삼계면 충효로 1281,전북특별자치도 임실군 삼계면 삼계리 425-1,35.5076723,127.2741776,,전북특별자치도 임실군청,063-640-2393,2025-12-03,4761000,전북특별자치도 임실군
임실읍사무소,전북특별자치도,임실군,전북특별자치도 임실군 임실읍 봉황로 162-2,전북특별자치도 임실군 임실읍 이도리 719-4,35.6145644,127.2803744,,전북특별자치도 임실군청,063-640-2393,2025-12-03,4761000,전북특별자치도 임실군
시장약국,전북특별자치도,임실군,전북특별자치도 임실군 임실읍 운수로 34,전북특별자치도 임실군 임실읍 이도리 252-3,35.61398401,127.2840879,,전북특별자치도 임실군청,063-640-2393,2025-12-03,4761000,전북특별자치도 임실군
임실백제약국,전북특별자치도,임실군,전북특별자치도 임실군 임실읍 운수로 17,전북특별자치도 임실군 임실읍 이도리 231-7,35.61553722,127.2832745,,전북특별자치도 임실군청,063-640-2393,2025-12-03,4761000,전북특별자치도 임실군
희망약국,전북특별자치도,임실군,전북특별자치도 임실군 임실읍 봉황로 203-1,전북특별자치도 임실군 임실읍 이도리 172-18,35.61804369,127.283051,,전북특별자치도 임실군청,063-640-2393,2025-12-03,4761000,전북특별자치도 임실군
보건약국,전북특별자치도,임실군,전북특별자치도 임실군 임실읍 봉황로 162-2,전북특별자치도 임실군 임실읍 이도리 719-4,35.6145644,127.2803744,,전북특별자치도 임실군청,063-640-2393,2025-12-03,4761000,전북특별자치도 임실군
임실약국,전북특별자치도,임실군,전북특별자치도 임실군 임실읍 봉황로 139,전북특별자치도 임실군 임실읍 이도리 607-1,35.61329901,127.2784611,,전북특별자치도 임실군청,063-640-2393,2025-12-03,4761000,전북특별자치도 임실군
전주약국,전북특별자치도,임실군,전북특별자치도 임실군 임실읍 봉황8길 11,전북특별자치도 임실군 임실읍 이도리 731-3,35.61486868,127.2818009,,전북특별자치도 임실군청,063-640-2393,2025-12-03,4761000,전북특별자치도 임실군
북새경로당,경상북도,영양군,경상북도 영양군 영양읍 지역골길 9,경상북도 영양군 영양읍 서부리 386-4,36.6656596,129.1104906,,경상북도 영양군청,054-680-5195,2025-11-10,5170000,경상북도 영양군
서부3리경로당,경상북도,영양군,경상북도 영양군 영양읍 자부1길 25,경상북도 영양군 영양읍 서부리 431-7,36.66602603,129.1099568,,경상북도 영양군청,054-680-5195,2025-11-10,5170000,경상북도 영양군
영양할머니경로당,경상북도,영양군,경상북도 영양군 영양읍 옥골3길 12-3,경상북도 영양군 영양읍 서부리 469-5,36.663956,129.1121763,,경상북도 영양군청,054-680-5195,2025-11-10,5170000,경상북도 영양군
서부경로당,경상북도,영양군,경상북도 영양군 영양읍 옥골1길 5,경상북도 영양군 영양읍 서부리 197,36.66469124,129.1131731,,경상북도 영양군청,054-680-5195,2025-11-10,5170000,경상북도 영양군
무학리 경로당,경상북도,영양군,경상북도 영양군 영양읍 비리동천길 429-61,경상북도 영양군 영양읍 무학리 175,36.68071946,129.1859811,,경상북도 영양군청,054-680-5195,2025-11-10,5170000,경상북도 영양군
팔수로 경로당,경상북도,영양군,경상북도 영양군 영양읍 팔수로 542,경상북도 영양군 영양읍 서부리 534-4,36.66151295,129.1117205,,경상북도 영양군청,054-680-5195,2025-11-10,5170000,경상북도 영양군
서부2리경로당,경상북도,영양군,경상북도 영양군 영양읍 팔수로 541,경상북도 영양군 영양읍 서부리 534-1,36.66171162,129.1119177,,경상북도 영양군청,054-680-5195,2025-11-10,5170000,경상북도 영양군
서부1리경로당,경상북도,영양군,경상북도 영양군 영양읍 시장4길 19,경상북도 영양군 영양읍 서부리 2-23,36.6634808,129.1170531,,경상북도 영양군청,054-680-5195,2025-11-10,5170000,경상북도 영양군
도무골경로당,경상북도,영양군,경상북도 영양군 영양읍 동부천2길 39,경상북도 영양군 영양읍 동부리 442-5,36.67012616,129.1142443,,경상북도 영양군청,054-680-5195,2025-11-10,5170000,경상북도 영양군
서부LH아파트경로당,경상북도,영양군,경상북도 영양군 영양읍 동서대로 34,경상북도 영양군 영양읍 서부리 497,36.66277233,129.1121203,,경상북도 영양군청,054-680-5195,2025-11-10,5170000,경상북도 영양군
LH아파트경로당,경상북도,영양군,경상북도 영양군 영양읍 영양창수로 93(영양동부엘에이치아파트),,36.66301519,129.1243154,,경상북도 영양군청,054-680-5195,2025-11-10,5170000,경상북도 영양군
영의33경로당,경상북도,영양군,경상북도 영양군 영양읍 동서부길 15,경상북도 영양군 영양읍 동부리 194-3,36.66513676,129.1167131,,경상북도 영양군청,054-680-5195,2025-11-10,5170000,경상북도 영양군
동부1리경로당,경상북도,영양군,경상북도 영양군 영양읍 황용천길 68,경상북도 영양군 영양읍 동부리 508-4,36.66720163,129.1153718,,경상북도 영양군청,054-680-5195,2025-11-10,5170000,경상북도 영양군
첨단우미2차아파트,광주광역시,광산구,광주광역시 광산구 임방울대로 673-13,,35.21672405,126.8308688,,광주광역시 광산구청,062-972-0396,2025-12-19,3630000,광주광역시 광산구
운남 우방아이유쉘아파트,광주광역시,광산구,광주광역시 광산구 임방울대로 154-24,,35.17482017,126.8188489,,광주광역시 광산구청,062-954-6802,2025-12-19,3630000,광주광역시 광산구
한성2차아파트,광주광역시,광산구,광주광역시 광산구 월곡산정로 96-21,,35.16439529,126.8131136,,광주광역시 광산구청,062-952-6448,2025-12-19,3630000,광주광역시 광산구
우미아파트,광주광역시,광산구,광주광역시 광산구 월곡산정로 40,,35.16588491,126.8065352,,광주광역시 광산구청,062-951-5256,2025-12-19,3630000,광주광역시 광산구
동산아파트,광주광역시,광산구,광주광역시 광산구 월곡산정로 20-49,,35.16543665,126.8057354,,광주광역시 광산구청,062-954-3882,2025-12-19,3630000,광주광역시 광산구
하남주공2단지아파트,광주광역시,광산구,광주광역시 광산구 월곡산정로 12,,35.16631715,126.8038702,,광주광역시 광산구청,062-451-3730,2025-12-19,3630000,광주광역시 광산구
건강약국,강원특별자치도,태백시,강원특별자치도 태백시 황지로 87,강원특별자치도 태백시 황지동 59-34,37.166686,128.991754,,,033-550-2063,2024-10-21,4221000,강원특별자치도 태백시
정다운약국,강원특별자치도,태백시,강원특별자치도 태백시 서황지로 4,강원특별자치도 태백시 황지동 25-150,37.1720086872,128.9901312485,,,033-550-2063,2024-10-21,4221000,강원특별자치도 태백시
푸른약국,강원특별자치도,태백시,강원특별자치도 태백시 번영로 359-1,강원특별자치도 태백시 황지동 30-15,37.171740,128.992790,,,033-550-2063,2024-10-21,4221000,강원특별자치도 태백시
전문약국,강원특별자치도,태백시,강원특별자치도 태백시 황지로 96,강원특별자치도 태백시 황지동 62-1,37.1672980771,128.9920196984,,,033-550-2063,2024-10-21,4221000,강원특별자치도 태백시
대황지약국,강원특별자치도,태백시,강원특별자치도 태백시 황지로 169,강원특별자치도 태백시 황지동 253-48,37.1734286175,128.991050,,,033-550-2063,2024-10-21,4221000,강원특별자치도 태백시
태백김약국,강원특별자치도,태백시,강원특별자치도 태백시 광장로 16,강원특별자치도 태백시 황지동 270-30,37.177350,128.9858037851,,,033-550-2063,2024-10-21,4221000,강원특별자치도 태백시
한솔약국,강원특별자치도,태백시,강원특별자치도 태백시 연지로 21,강원특별자치도 태백시 황지동 265-41,37.175676,128.9893523792,,,033-550-2063,2024-10-21,4221000,강원특별자치도 태백시
동광약국,강원특별자치도,태백시,강원특별자치도 태백시 번영로 357,강원특별자치도 태백시 황지동 30-11,37.1718193727,128.992430,,,033-550-2063,2024-10-21,4221000,강원특별자치도 태백시
신화메디컬약국,강원특별자치도,태백시,강원특별자치도 태백시 황지로 92,강원특별자치도 태백시 황지동 62-10,37.166950,128.9920111242,,,033-550-2063,2024-10-21,4221000,강원특별자치도 태백시
태백시민약국,강원특별자치도,태백시,강원특별자치도 태백시 장성로 27-1,강원특별자치도 태백시 장성동 157-9,37.102489,129.009323,,,033-550-2063,2024-10-21,4221000,강원특별자치도 태백시
장춘당약국,강원특별자치도,태백시,강원특별자치도 태백시 황지로 176-1,강원특별자치도 태백시 황지동 12-10,37.1741272981,128.990620,,,033-550-2063,2024-10-21,4221000,강원특별자치도 태백시
태백시보건소,강원특별자치도,태백시,강원특별자치도 태백시 태백로 905 보건소,강원특별자치도 태백시 황지동 20-8,37.1766329182,128.9924325015,,,033-550-2063,2024-10-21,4221000,강원특별자치도 태백시
터미널약국,전북특별자치도,장수군,전북특별자치도 장계면 한들로 90-1,전북특별자치도 장수군 장계면 장계리 296-6,35.73093747,127.5820676,,,063-350-2538,2024-10-30,4751000,전북특별자치도 장수군
태평양약국,전북특별자치도,장수군,전북특별자치도 장수읍 장천로 175,전북특별자치도 장수군 장수읍 장수리 472-1,35.64827518,127.5182645,,,063-350-2538,2024-10-30,4751000,전북특별자치도 장수군
장수종로약국,전북특별자치도,장수군,전북특별자치도 장수읍 장천로 189,전북특별자치도 장수군 장수읍 장수리 458-6,35.64911117,127.5187547,,,063-350-2538,2024-10-30,4751000,전북특별자치도 장수군
장계백제약국,전북특별자치도,장수군,전북특별자치도 장계면 한들로 93,전북특별자치도 장수군 장계면 장계리 299-2,35.73147552,127.5822926,,,063-350-2538,2024-10-30,4751000,전북특별자치도 장수군
독일약국,전북특별자치도,장수군,전북특별자치도 장계면 한들로 108,전북특별자치도 장수군 장계면 장계리 351-57,35.73107582,127.5839264,,,063-350-2538,2024-10-30,4751000,전북특별자치도 장수군
유약국,전북특별자치도,장수군,전북특별자치도 장계면 한들로 107,전북특별자치도 장수군 장계면 장계리 350-9,35.73146504,127.5835996,,,063-350-2538,2024-10-30,4751000,전북특별자치도 장수군
보건약국,전북특별자치도,장수군,전북특별자치도 산서면 비행로 24,전북특별자치도 장수군 산서면 동화리 155-3,35.58476649,127.3952692,,,063-350-2538,2024-10-30,4751000,전북특별자치도 장수군
세계로 약국,전북특별자치도,장수군,전북특별자치도 장수읍 장천로 180,전북특별자치도 장수군 장수읍 장수리 475-2,35.64814501,127.5189191,,,063-350-2538,2024-10-30,4751000,전북특별자치도 장수군
늘푸른 약국,전북특별자치도,장수군,전북특별자치도 장수읍 장천로 172,전북특별자치도 장수군 장수읍 장수리 508-5,35.64758189,127.5186496,,,063-350-2538,2024-10-30,4751000,전북특별자치도 장수군
계북면사무소,전북특별자치도,장수군,전북특별자치도 계북면 장무로 961,전북특별자치도 장수군 계북면 어전리 860-1,35.78550612,127.6124813,,,063-350-1511,2024-10-30,4751000,전북특별자치도 장수군
계남면사무소,전북특별자치도,장수군,전북특별자치도 계남면 장수로 3071,전북특별자치도 장수군 계남면 화음리 974-1,35.70294089,127.5777235,,,063-350-1463,2024-10-30,4751000,전북특별자치도 장수군
천천면사무소,전북특별자치도,장수군,전북특별자치도 천천면 장천로 1186,전북특별자치도 장수군 천천면 봉덕리 15-2,35.73344704,127.5326261,,,063-350-1411,2024-10-30,4751000,전북특별자치도 장수군
장계면사무소,전북특별자치도,장수군,전북특별자치도 장계면 한들로 153-3,전북특별자치도 장수군 장계면 장계리 684,35.73196891,127.5892619,,,063-350-1361,2024-10-30,4751000,전북특별자치도 장수군
대광약국,전북특별자치도,임실군,전북특별자치도 임실군 오수면 오수로 178,전북특별자치도 임실군 오수면 오수리 363-2,35.540060,127.3268563,,전북특별자치도 임실군청,063-640-2393,2025-12-03,4761000,전북특별자치도 임실군
광혜당약국,전북특별자치도,임실군,전북특별자치도 임실군 오수면 오수로 165,전북특별자치도 임실군 오수면 오수리 362-19,35.53889642,127.3269241,,전북특별자치도 임실군청,063-640-2393,2025-12-03,4761000,전북특별자치도 임실군
메디팜백제약국,전북특별자치도,임실군,전북특별자치도 임실군 오수면 오수로 142-2,전북특별자치도 임실군 오수면 오수리 342-53,35.53791458,127.3290964,,전북특별자치도 임실군청,063-640-2393,2025-12-03,4761000,전북특별자치도 임실군
금성약국,전북특별자치도,임실군,전북특별자치도 임실군 오수면 삼일로 11,전북특별자치도 임실군 오수면 오수리 366-3,35.53962747,127.3270187,,전북특별자치도 임실군청,063-640-2393,2025-12-03,4761000,전북특별자치도 임실군
관촌약국,전북특별자치도,임실군,전북특별자치도 임실군 관촌면 사선로 40,전북특별자치도 임실군 관촌면 관촌리 498,35.67403292,127.270238,,전북특별자치도 임실군청,063-640-2393,2025-12-03,4761000,전북특별자치도 임실군
소약국,전북특별자치도,임실군,전북특별자치도 임실군 관촌면 사선로 36,전북특별자치도 임실군 관촌면 관촌리 347-3,35.67376741,127.2703913,,전북특별자치도 임실군청,063-640-2393,2025-12-03,4761000,전북특별자치도 임실군
무지개약국,전북특별자치도,임실군,전북특별자치도 임실군 강진면 호국로 8,전북특별자치도 임실군 강진면 갈담리 515-6,35.52942023,127.1603808,,전북특별자치도 임실군청,063-640-2393,2025-12-03,4761000,전북특별자치도 임실군
하운암보건진료소,전북특별자치도,임실군,전북특별자치도 임실군 운암면 강운로 991-31,전북특별자치도 임실군 운암면 운암리 458,35.59185469,127.1241367,,전북특별자치도 임실군청,063-640-2393,2025-12-03,4761000,전북특별자치도 임실군
원산보건진료소,전북특별자치도,임실군,전북특별자치도 임실군 지사면 원산3길 18-1,전북특별자치도 임실군 지사면 원산리 382-1,35.58831366,127.3601939,,전북특별자치도 임실군청,063-640-2393,2025-12-03,4761000,전북특별자치도 임실군
사곡보건진료소,전북특별자치도,임실군,전북특별자치도 임실군 덕치면 사곡1길 18-8,전북특별자치도 임실군 덕치면 사곡리 401-22,35.51469279,127.1807463,,전북특별자치도 임실군청,063-640-2393,2025-12-03,4761000,전북특별자치도 임실군
학석보건진료소,전북특별자치도,임실군,전북특별자치도 임실군 강진면 강진방현길 63,전북특별자치도 임실군 강진면 방현리 160-3,35.55374603,127.1497731,,전북특별자치도 임실군청,063-640-2393,2025-12-03,4761000,전북특별자치도 임실군
옥정보건진료소,전북특별자치도,임실군,전북특별자치도 임실군 강진면 옥정호로 800-4,전북특별자치도 임실군 강진면 옥정리 244-7,35.5495041,127.1047326,,전북특별자치도 임실군청,063-640-2393,2025-12-03,4761000,전북특별자치도 임실군
신전보건진료소,전북특별자치도,임실군,전북특별자치도 임실군 관촌면 신전4길 3-3,전북특별자치도 임실군 관촌면 신전리 28-3,35.72010839,127.2678627,,전북특별자치도 임실군청,063-640-2393,2025-12-03,4761000,전북특별자치도 임실군
방수보건진료소,전북특별자치도,임실군,전북특별자치도 임실군 관촌면 방수1길 16-17,전북특별자치도 임실군 관촌면 방수리 748-7,35.69913536,127.2786695,,전북특별자치도 임실군청,063-640-2393,2025-12-03,4761000,전북특별자치도 임실군
도봉보건진료소,전북특별자치도,임실군,전북특별자치도 임실군 관촌면 도봉1길 8-18,전북특별자치도 임실군 관촌면 도봉리 517-1,35.65765979,127.297943,,전북특별자치도 임실군청,063-640-2393,2025-12-03,4761000,전북특별자치도 임실군
송정보건진료소,전북특별자치도,임실군,전북특별자치도 임실군 삼계면 충효로 1451,전북특별자치도 임실군 삼계면 덕계리 55-2,35.520707,127.2821641,,전북특별자치도 임실군청,063-640-2393,2025-12-03,4761000,전북특별자치도 임실군
세심보건진료소,전북특별자치도,임실군,전북특별자치도 임실군 삼계면 세심길 80,전북특별자치도 임실군 삼계면 세심리 253-1,35.49328053,127.244615,,전북특별자치도 임실군청,063-640-2393,2025-12-03,4761000,전북특별자치도 임실군
지장보건진료소,전북특별자치도,임실군,전북특별자치도 임실군 신덕면 지장1길 12,전북특별자치도 임실군 신덕면 지장리 652-1,35.69170793,127.2079039,,전북특별자치도 임실군청,063-640-2393,2025-12-03,4761000,전북특별자치도 임실군
신덕보건진료소,전북특별자치도,임실군,전북특별자치도 임실군 신덕면 불재로 336,전북특별자치도 임실군 신덕면 신덕리 240-8,35.70100001,127.1601533,,전북특별자치도 임실군청,063-640-2393,2025-12-03,4761000,전북특별자치도 임실군
봉천보건진료소,전북특별자치도,임실군,전북특별자치도 임실군 오수면 봉천1길 7,전북특별자치도 임실군 오수면 봉천리 735-12,35.57627855,127.3126551,,전북특별자치도 임실군청,063-640-2393,2025-12-03,4761000,전북특별자치도 임실군
둔기보건진료소,전북특별자치도,임실군,전북특별자치도 임실군 오수면 둔기길 42,전북특별자치도 임실군 오수면 둔기리 138-6,35.50682208,127.3324716,,전북특별자치도 임실군청,063-640-2393,2025-12-03,4761000,전북특별자치도 임실군
둔덕보건진료소,전북특별자치도,임실군,전북특별자치도 임실군 오수면 둔덕2길 48,전북특별자치도 임실군 오수면 둔덕리 460-6,35.50358551,127.3172722,,전북특별자치도 임실군청,063-640-2393,2025-12-03,4761000,전북특별자치도 임실군
오류보건진료소,전북특별자치도,임실군,전북특별자치도 임실군 성수면 오류1길 33,전북특별자치도 임실군 성수면 오류리 42-2,35.60226542,127.3209058,,전북특별자치도 임실군청,063-640-2393,2025-12-03,4761000,전북특별자치도 임실군
북창보건진료소,전북특별자치도,임실군,전북특별자치도 임실군 신평면 용암2길 5,전북특별자치도 임실군 신평면 용암리 100-11,35.63335874,127.2111009,,전북특별자치도 임실군청,063-640-2393,2025-12-03,4761000,전북특별자치도 임실군
번암면사무소,전북특별자치도,장수군,전북특별자치도 번암면 장수로 485,전북특별자치도 장수군 번암면 노단리 1191-4,35.53198899,127.5438114,,,063-350-1311,2024-10-30,4751000,전북특별자치도 장수군
산서면사무소,전북특별자치도,장수군,전북특별자치도 산서면 보산로 1858,전북특별자치도 장수군 산서면 동화리 122-2,35.58421357,127.3964147,,,063-350-1261,2024-10-30,4751000,전북특별자치도 장수군
장수읍사무소,전북특별자치도,장수군,전북특별자치도 장수읍 장천로 245,전북특별자치도 장수군 장수읍 장수리 425,35.65389494,127.5198244,,,063-350-1211,2024-10-30,4751000,전북특별자치도 장수군
장수군보건의료원,전북특별자치도,장수군,전북특별자치도 장수읍 장천로 245,전북특별자치도 장수군 장수읍 장수리 425,35.65389494,127.5198244,,,063-350-2613,2024-10-30,4751000,전북특별자치도 장수군
신시경로당,전라남도,강진군,전라남도 강진군 성전면 신시길 16,전라남도 강진군 성전면 성전리 615-1,34.68773059,126.7117824,,,,2025-09-10,4920000,전라남도 강진군
원기경로당,전라남도,강진군,전라남도 강진군 성전면 예향로 11-6,전라남도 강진군 성전면 월평리 55-27,34.69229277,126.707985,,,,2025-09-10,4920000,전라남도 강진군
처인경로당,전라남도,강진군,전라남도 강진군 성전면 처인1길 11,전라남도 강진군 성전면 월평리 645-5,34.68816645,126.7007223,,,,2025-09-10,4920000,전라남도 강진군
월산경로당,전라남도,강진군,전라남도 강진군 성전면 월산길 25,전라남도 강진군 성전면 월평리 269-1,34.69187236,126.6922389,,,,2025-09-10,4920000,전라남도 강진군
제전경로당,전라남도,강진군,전라남도 강진군 성전면 제전길 11,전라남도 강진군 성전면 월평리 906-3,34.69575058,126.6834841,,,,2025-09-10,4920000,전라남도 강진군
대월경로당,전라남도,강진군,전라남도 강진군 성전면 달마지길 2,전라남도 강진군 성전면 송월리 947-2,34.705598,126.6989238,,,,2025-09-10,4920000,전라남도 강진군
신안경로당,전라남도,강진군,전라남도 강진군 성전면 녹향월촌길 46,전라남도 강진군 성전면 송월리 307-2,34.70664157,126.7036295,,,,2025-09-10,4920000,전라남도 강진군
검단신협불로지점,인천광역시,서구,인천광역시 서구 검단로768번길 4(불로동),,37.6133854,126.685863,신협 내,,032-718-0425,2025-07-11,3560000,인천광역시 서구
검단신협본점,인천광역시,서구,인천광역시 서구 완정로 158(마전동),,37.6018141863,126.6589439842,신협 내,,032-718-0425,2025-07-11,3560000,인천광역시 서구
서로신협 청라지점,인천광역시,서구,인천광역시 서구 중봉대로 610,,37.5338943853,126.6502905545,신협 내,,032-718-0425,2025-07-11,3560000,인천광역시 서구
서로신협 본점,인천광역시,서구,인천광역시 서구 가정로 288(석남동),,37.51050872,126.6727776,신협 내,,032-718-0425,2025-07-11,3560000,인천광역시 서구
서인천신협 본점,인천광역시,서구,인천광역시 서구 가정로 386(가정동),,37.5192853021,126.6733108827,신협 내,,032-718-0425,2025-07-11,3560000,인천광역시 서구
서인천 새마을금고 아라지점,인천광역시,서구,인천광역시 서구 원당대로 1045,,37.5939873765,126.7167466851,새마을금고 내,,032-718-0425,2025-07-11,3560000,인천광역시 서구
서인천 새마을금고 검단지점,인천광역시,서구,인천광역시 서구 검단로 505(마전동),,37.60330621,126.6601901,새마을금고 내,,032-718-0425,2025-07-11,3560000,인천광역시 서구
서인천 새마을금고 완정지점,인천광역시,서구,인천광역시 서구 원당대로 631,,37.5941464058,126.6715484645,새마을금고 내,,032-718-0425,2025-07-11,3560000,인천광역시 서구
서인천 새마을금고 검암지점,인천광역시,서구,인천광역시 서구 승학로 487(검암동),,37.565295898,126.6737929204,새마을금고 내,,032-718-0425,2025-07-11,3560000,인천광역시 서구
서인천 새마을금고 청라지점,인천광역시,서구,인천광역시 서구 청라라임로 86(청라동),,37.5343653006,126.6536721751,새마을금고 내,,032-718-0425,2025-07-11,3560000,인천광역시 서구
서인천 새마을금고 본점,인천광역시,서구,인천광역시 서구 승학로 247(심곡동),,37.5447521326,126.6723203294,새마을금고 내,,032-718-0425,2025-07-11,3560000,인천광역시 서구
정서진 새마을금고 청라지점,인천광역시,서구,인천광역시 서구 보석로 42(청라동),,37.5233601544,126.624227366,새마을금고 내,,032-718-0425,2025-07-11,3560000,인천광역시 서구
정서진 새마을금고 석남지점,인천광역시,서구,인천광역시 서구 옻우물로3(석남동),,37.5066399796,126.6728683597,새마을금고 내,,032-718-0425,2025-07-11,3560000,인천광역시 서구
정서진 새마을금고 루원시티 제1지점,인천광역시,서구,,인천광역시 서구 가정동 493-1(가정동),37.522213486,126.6737687426,새마을금고 내,,032-718-0425,2025-07-11,3560000,인천광역시 서구
정서진 새마을금고 신현지점,인천광역시,서구,인천광역시 서구 신현로 45(신현동),,37.5174233296,126.672054822,새마을금고 내,,032-718-0425,2025-07-11,3560000,인천광역시 서구
정서진 새마을금고 가정지점,인천광역시,서구,인천광역시 서구 청중로 486,,37.5297114481,126.665320356,새마을금고 내,,032-718-0425,2025-07-11,3560000,인천광역시 서구
정서진 새마을금고 본점,인천광역시,서구,인천광역시 서구 율도로 84,,37.5131987915,126.6715289138,새마을금고 내,,032-718-0425,2025-07-11,3560000,인천광역시 서구
연세송약국,인천광역시,서구,인천광역시 서구 한중1로 14,,37.5775437,126.676197,약국 내부,,032-718-0425,2025-07-11,3560000,인천광역시 서구
검로푸 한들약국,인천광역시,서구,인천광역시 서구 한들로 74,,37.5767944,126.6702423,약국 내부,,032-718-0425,2025-07-11,3560000,인천광역시 서구
세종약국,인천광역시,서구,"인천광역시 서구 청라루비로 81, 108호 (청라동)",,37.5325808675,126.6401083964,약국 내부,,032-718-0425,2025-07-11,3560000,인천광역시 서구
탄탄약국,인천광역시,서구,"인천광역시 서구 가정로308번길 2, 101호(석남동)",,37.5120900852,126.6728833699,약국 내부,,032-718-0425,2025-07-11,3560000,인천광역시 서구
조은약국,전라남도,순천시,전라남도 순천시 우명길 35 (연향동),,34.9483113439,127.5128686533,,,061-749-6827,2024-12-04,4820000,전라남도 순천시
월송경로당,전라남도,강진군,전라남도 강진군 성전면 월송길 13,전라남도 강진군 성전면 송월리 667-3,34.71736829,126.6930597,,,,2025-09-10,4920000,전라남도 강진군
영흥경로당,전라남도,강진군,전라남도 강진군 성전면 영흥동길 25,전라남도 강진군 성전면 영풍리 589-2,34.70334201,126.7167079,,,,2025-09-10,4920000,전라남도 강진군
신풍경로당,전라남도,강진군,전라남도 강진군 성전면 무위사로 8-17,전라남도 강진군 성전면 영풍리 1021-1,34.71981381,126.7098962,,,,2025-09-10,4920000,전라남도 강진군
죽전경로당,전라남도,강진군,전라남도 강진군 성전면 죽전길 11,전라남도 강진군 성전면 월하리 1129,34.73512246,126.6874921,,,,2025-09-10,4920000,전라남도 강진군
월하경로당,전라남도,강진군,전라남도 강진군 성전면 월하안운길 34-3,전라남도 강진군 성전면 월하리 699,34.73374023,126.6948882,,,,2025-09-10,4920000,전라남도 강진군
안운경로당,전라남도,강진군,전라남도 강진군 성전면 월하안운길 100-14,전라남도 강진군 성전면 월하리 515-5,34.73992215,126.6960398,,,,2025-09-10,4920000,전라남도 강진군
달빛한옥,전라남도,강진군,전라남도 강진군 성전면 달빛한옥길 39,전라남도 강진군 성전면 월남리 1285,34.74058296,126.718072,,,,2025-09-10,4920000,전라남도 강진군
월남경로당,전라남도,강진군,전라남도 강진군 성전면 월남1길 76,전라남도 강진군 성전면 월남리 887-1,34.74054345,126.7130038,,,,2025-09-10,4920000,전라남도 강진군
상월경로당,전라남도,강진군,전라남도 강진군 성전면 상월길 16,전라남도 강진군 성전면 월남리 162,34.74036326,126.7235242,,,,2025-09-10,4920000,전라남도 강진군
신월경로당,전라남도,강진군,전라남도 강진군 성전면 예향로 745-65,전라남도 강진군 성전면 월남리 47,34.75358915,126.7339366,,,,2025-09-10,4920000,전라남도 강진군
새로운약국,전라남도,순천시,전라남도 순천시 백강로 375-11 (조례동),,34.9665333378,127.5204909496,,,061-749-6827,2024-12-04,4820000,전라남도 순천시
새진교약국,경상남도,하동군,경상남도 하동군 진교면 진교중앙길 14-8,경상남도 하동군 진교면 진교리 426-66,35.0295275927,127.9031693259,,,055-880-6784?,2024-08-14,5440000,경상남도 하동군
시장약국,경상남도,하동군,경상남도 하동군 진교면 진교중앙길 17,경상남도 하동군 진교면 진교리 426-125,35.0287793067,127.9029261613,,,055-880-6784?,2024-08-14,5440000,경상남도 하동군
명성약국,경상남도,하동군,경상남도 하동군 금남면 섬진강대로 971,경상남도 하동군 금남면 계천리 223-184,34.9966836851,127.8092492386,,,055-880-6784?,2024-08-14,5440000,경상남도 하동군
화개약국,경상남도,하동군,경상남도 하동군 화개면 화개로 26,경상남도 하동군 화개면 탑리 663-2,35.1904498673,127.6239905751,,,055-880-6784?,2024-08-14,5440000,경상남도 하동군
오약국,경상남도,하동군,경상남도 하동군 하동읍 시장1길 2,경상남도 하동군 하동읍 읍내리 319-22,35.0705058717,127.7485310477,,,055-880-6784?,2024-08-14,5440000,경상남도 하동군
서울미보약국,경상남도,하동군,경상남도 하동군 하동읍 중앙로 33,경상남도 하동군 하동읍 읍내리 322-6,35.0705140482,127.7488272442,,,055-880-6784?,2024-08-14,5440000,경상남도 하동군
삼일약국,경상남도,하동군,경상남도 하동군 하동읍 중앙로 18,경상남도 하동군 하동읍 읍내리 325-13,35.0705341510,127.7506056940,,,055-880-6784?,2024-08-14,5440000,경상남도 하동군
새지리산약국,경상남도,하동군,경상남도 하동군 하동읍 경서대로 162,경상남도 하동군 하동읍 읍내리 209-2,35.0693298775,127.7510836288,,,055-880-6784?,2024-08-14,5440000,경상남도 하동군
용현2동 행정복지센터,인천광역시,미추홀구,인천광역시 미추홀구 용마루로 56,,37.45827824,126.6447096,,인천광역시 미추홀구보건소,032-728-6181,2025-11-01,3510500,인천광역시 미추홀구
숭의2동 행정복지센터,인천광역시,미추홀구,인천광역시 미추홀구 경인로34번길 20,,37.46303566,126.6472695,,인천광역시 미추홀구보건소,032-728-6121,2025-11-01,3510500,인천광역시 미추홀구
숭의1.3동 행정복지센터,인천광역시,미추홀구,인천광역시 미추홀구 석정로92번길 21-17,,37.46724303,126.6472204,,인천광역시 미추홀구보건소,032-728-6101,2025-11-01,3510500,인천광역시 미추홀구
기산리경로당,경상북도,영양군,경상북도 영양군 영양읍 기산길 491,경상북도 영양군 영양읍 기산리 16-3,36.67697156,129.2587077,,경상북도 영양군청,054-680-5195,2025-11-10,5170000,경상북도 영양군
양구리경로당,경상북도,영양군,경상북도 영양군 영양읍 양구길 9,경상북도 영양군 영양읍 양구리 75-8,36.59483979,129.2121101,,경상북도 영양군청,054-680-5195,2025-11-10,5170000,경상북도 영양군
무창3리경로당,경상북도,영양군,경상북도 영양군 영양읍 금지1길 10-4,경상북도 영양군 영양읍 무창리 850-2,36.61954214,129.1994369,,경상북도 영양군청,054-680-5195,2025-11-10,5170000,경상북도 영양군
무창2리경로당,경상북도,영양군,경상북도 영양군 영양읍 낙동정맥로 182,경상북도 영양군 영양읍 무창리 351-4,36.64908747,129.2053301,,경상북도 영양군청,054-680-5195,2025-11-10,5170000,경상북도 영양군
무창1리경로당,경상북도,영양군,경상북도 영양군 영양읍 영양창수로 939,경상북도 영양군 영양읍 무창리 628-1,36.63256158,129.1994488,,경상북도 영양군청,054-680-5195,2025-11-10,5170000,경상북도 영양군
화천2리경로당,경상북도,영양군,경상북도 영양군 영양읍 창암3길 31,경상북도 영양군 영양읍 화천리 622-1,36.63656503,129.1771957,,경상북도 영양군청,054-680-5195,2025-11-10,5170000,경상북도 영양군
화천1리경로당,경상북도,영양군,경상북도 영양군 영양읍 영양창수로 577,경상북도 영양군 영양읍 화천리 879-5,36.64523217,129.1711307,,경상북도 영양군청,054-680-5195,2025-11-10,5170000,경상북도 영양군
대천2리경로당,경상북도,영양군,경상북도 영양군 영양읍 옥산3길 9,경상북도 영양군 영양읍 대천리 933-10,36.65672866,129.1422878,,경상북도 영양군청,054-680-5195,2025-11-10,5170000,경상북도 영양군
선당 경로당,경상북도,영양군,경상북도 영양군 영양읍 선당길 5,경상북도 영양군 영양읍 대천리 257-1,36.64795541,129.1618876,,경상북도 영양군청,054-680-5195,2025-11-10,5170000,경상북도 영양군
대천1리경로당,경상북도,영양군,경상북도 영양군 영양읍 영양창수로 421-2,경상북도 영양군 영양읍 대천리 433,36.65064688,129.1562618,,경상북도 영양군청,054-680-5195,2025-11-10,5170000,경상북도 영양군
상원3리경로당,경상북도,영양군,경상북도 영양군 영양읍 상원로 472,경상북도 영양군 영양읍 상원리 808-4,36.68723075,129.1388273,,경상북도 영양군청,054-680-5195,2025-11-10,5170000,경상북도 영양군
상원2리경로당,경상북도,영양군,경상북도 영양군 영양읍 새못골길 6,경상북도 영양군 영양읍 상원리 318-4,36.68397858,129.1480986,,경상북도 영양군청,054-680-5195,2025-11-10,5170000,경상북도 영양군
상원1리경로당,경상북도,영양군,경상북도 영양군 영양읍 상원로 260,경상북도 영양군 영양읍 상원리 405-5,36.67810629,129.1476391,,경상북도 영양군청,054-680-5195,2025-11-10,5170000,경상북도 영양군
하원리경로당,경상북도,영양군,경상북도 영양군 영양읍 상원로 27,경상북도 영양군 영양읍 하원리 290-7,36.66173417,129.1393814,,경상북도 영양군청,054-680-5195,2025-11-10,5170000,경상북도 영양군
삼지2리경로당,경상북도,영양군,경상북도 영양군 영양읍 연지길 126-1,경상북도 영양군 영양읍 삼지리 49-15,36.67376321,129.1328807,,경상북도 영양군청,054-680-5195,2025-11-10,5170000,경상북도 영양군
삼지1리경로당,경상북도,영양군,경상북도 영양군 영양읍 삼지길 98-4,경상북도 영양군 영양읍 삼지리 312-2,36.6666242,129.1281308,,경상북도 영양군청,054-680-5195,2025-11-10,5170000,경상북도 영양군
감천2리경로당,경상북도,영양군,경상북도 영양군 영양읍 지평길 51,경상북도 영양군 영양읍 감천리 581-7,36.620357,129.0898605,,경상북도 영양군청,054-680-5195,2025-11-10,5170000,경상북도 영양군
감천리진막골경로당,경상북도,영양군,경상북도 영양군 영양읍 진막골길 73,경상북도 영양군 영양읍 감천리 88,36.65055233,129.0947629,,경상북도 영양군청,054-680-5195,2025-11-10,5170000,경상북도 영양군
감천리경로당,경상북도,영양군,경상북도 영양군 영양읍 감천2길 31,경상북도 영양군 영양읍 감천리 826-11,36.63312383,129.0888137,,경상북도 영양군청,054-680-5195,2025-11-10,5170000,경상북도 영양군
현3리경로당,경상북도,영양군,경상북도 영양군 영양읍 현동3길 5-5,경상북도 영양군 영양읍 현리 232-6,36.64544095,129.1219826,,경상북도 영양군청,054-680-5195,2025-11-10,5170000,경상북도 영양군
양평경로당,경상북도,영양군,경상북도 영양군 영양읍 양평길 88-18,경상북도 영양군 영양읍 현리 653-11,36.64812965,129.1068036,,경상북도 영양군청,054-680-5195,2025-11-10,5170000,경상북도 영양군
현1리경로당,경상북도,영양군,경상북도 영양군 영양읍 현동1길 33,경상북도 영양군 영양읍 현리 295-1,36.65351159,129.1186504,,경상북도 영양군청,054-680-5195,2025-11-10,5170000,경상북도 영양군
황용리경로당,경상북도,영양군,경상북도 영양군 영양읍 황용길 131,경상북도 영양군 영양읍 황용리 121-7,36.69252691,129.1034254,,경상북도 영양군청,054-680-5195,2025-11-10,5170000,경상북도 영양군
서부4리경로당,경상북도,영양군,경상북도 영양군 영양읍 솔광장길 9-3,경상북도 영양군 영양읍 서부리 336-2,36.66548156,129.113173,,경상북도 영양군청,054-680-5195,2025-11-10,5170000,경상북도 영양군
박약국,경상남도,하동군,경상남도 하동군 옥종면 옥종중앙길 60-1,경상남도 하동군 옥종면 청룡리 142-16,35.1806992124,127.8798813839,,,055-880-6784?,2024-08-14,5440000,경상남도 하동군
옥산약국,경상남도,하동군,경상남도 하동군 옥종면 옥종중앙길 61,경상남도 하동군 옥종면 청룡리 142-34,35.1807437407,127.8793721517,,,055-880-6784?,2024-08-14,5440000,경상남도 하동군
우리약국,경상남도,하동군,경상남도 하동군 진교면 민다리길 82,경상남도 하동군 진교면 진교리 426-91,35.0290247909,127.9026772717,,,055-880-6784?,2024-08-14,5440000,경상남도 하동군
건강당약국,경상남도,하동군,경상남도 하동군 진교면 진교중앙길 15,경상남도 하동군 진교면 진교리 426-75,35.0288196216,127.9031650442,,,055-880-6784?,2024-08-14,5440000,경상남도 하동군
선거보건진료소,전북특별자치도,임실군,전북특별자치도 임실군 운암면 청운로 527,전북특별자치도 임실군 운암면 선거리 276-1,35.60452577,127.1782474,,전북특별자치도 임실군청,063-640-2393,2025-12-03,4761000,전북특별자치도 임실군
학암보건진료소,전북특별자치도,임실군,전북특별자치도 임실군 운암면 학암2길 28,전북특별자치도 임실군 운암면 학암리 916-1,35.61177465,127.1981159,,전북특별자치도 임실군청,063-640-2393,2025-12-03,4761000,전북특별자치도 임실군
신안보건진료소,전북특별자치도,임실군,전북특별자치도 임실군 임실읍 신안2길 42-3,전북특별자치도 임실군 임실읍 신안리 241,35.60104592,127.2447314,,전북특별자치도 임실군청,063-640-2393,2025-12-03,4761000,전북특별자치도 임실군
지사보건지소,전북특별자치도,임실군,전북특별자치도 임실군 지사면 충효로 2451-5,전북특별자치도 임실군 지사면 방계리 896,35.5653294,127.3583103,,전북특별자치도 임실군청,063-640-2393,2025-12-03,4761000,전북특별자치도 임실군
삼계보건지소,전북특별자치도,임실군,전북특별자치도 임실군 삼계면 충효로 1284-8,전북특별자치도 임실군 삼계면 삼계리 435-3,35.50735101,127.2753116,,전북특별자치도 임실군청,063-640-2393,2025-12-03,4761000,전북특별자치도 임실군
오수보건지소,전북특별자치도,임실군,전북특별자치도 임실군 오수면 오수4길 9-3,전북특별자치도 임실군 오수면 오수리 345-8,35.53880869,127.3284275,,전북특별자치도 임실군청,063-640-2393,2025-12-03,4761000,전북특별자치도 임실군
성수보건지소,전북특별자치도,임실군,전북특별자치도 임실군 성수면 월삼로 356,전북특별자치도 임실군 성수면 양지리 1083-240,35.62956079,127.3350119,,전북특별자치도 임실군청,063-640-2393,2025-12-03,4761000,전북특별자치도 임실군
관촌보건지소,전북특별자치도,임실군,전북특별자치도 임실군 관촌면 사선1길 4,전북특별자치도 임실군 관촌면 관촌리 206-1,35.67283386,127.2715575,,전북특별자치도 임실군청,063-640-2393,2025-12-03,4761000,전북특별자치도 임실군
신덕보건지소,전북특별자치도,임실군,전북특별자치도 임실군 신덕면 수지로 102,전북특별자치도 임실군 신덕면 수천리 502-6,35.6842101,127.1785316,,전북특별자치도 임실군청,063-640-2393,2025-12-03,4761000,전북특별자치도 임실군
신평보건지소,전북특별자치도,임실군,전북특별자치도 임실군 신평면 석등슬치로 339,전북특별자치도 임실군 신평면 원천리 302,35.65468641,127.2228992,,전북특별자치도 임실군청,063-640-2393,2025-12-03,4761000,전북특별자치도 임실군
운암보건지소,전북특별자치도,임실군,전북특별자치도 임실군 운암면 임운로 1886,전북특별자치도 임실군 운암면 쌍암리 819-1,35.66064353,127.1600277,,전북특별자치도 임실군청,063-640-2393,2025-12-03,4761000,전북특별자치도 임실군
덕치보건지소,전북특별자치도,임실군,전북특별자치도 임실군 덕치면 인덕로 1400,전북특별자치도 임실군 덕치면 회문리 930-1,35.50992489,127.1578071,,전북특별자치도 임실군청,063-640-2393,2025-12-03,4761000,전북특별자치도 임실군
강진보건지소,전북특별자치도,임실군,전북특별자치도 임실군 강진면 호국로 47-1,전북특별자치도 임실군 강진면 갈담리 281-1,35.53032515,127.163329,,전북특별자치도 임실군청,063-640-2393,2025-12-03,4761000,전북특별자치도 임실군
청웅보건지소,전북특별자치도,임실군,전북특별자치도 임실군 청웅면 청웅로 143,전북특별자치도 임실군 청웅면 구고리 223-6,35.56893087,127.2005578,,전북특별자치도 임실군청,063-640-2393,2025-12-03,4761000,전북특별자치도 임실군
힐스테이트푸르지오주안,인천광역시,미추홀구,인천광역시 미추홀구 남주길 150 힐스테이트푸르지오주안 관리사무소,,37.45343014,126.6768057,,인천광역시 미추홀구보건소,032-873-0995,2025-11-01,3510500,인천광역시 미추홀구
수성당약국,인천광역시,미추홀구,인천광역시 미추홀구 경인로 344 (주안동),,37.45835196,126.6781803,,인천광역시 미추홀구보건소,032-866-6181,2025-11-01,3510500,인천광역시 미추홀구
도화태평양약국,인천광역시,미추홀구,"인천광역시 미추홀구 제일로 34, 1층 (도화동)",,37.45854234,126.6739386,,인천광역시 미추홀구보건소,070-8845-6257,2025-11-01,3510500,인천광역시 미추홀구
주안2동 행정복지센터,인천광역시,미추홀구,인천광역시 미추홀구 남주길43번길 14-29,,37.45469924,126.6727245,,인천광역시 미추홀구보건소,032-728-6341,2025-11-01,3510500,인천광역시 미추홀구
주안1동 행정복지센터,인천광역시,미추홀구,인천광역시 미추홀구 주안서로53번길 22,,37.46379112,126.676580,,인천광역시 미추홀구보건소,032-728-6321,2025-11-01,3510500,인천광역시 미추홀구
도화2.3동 행정복지센터,인천광역시,미추홀구,인천광역시 미추홀구 장고개로 29-1,,37.47092611,126.6661471,,인천광역시 미추홀구보건소,032-728-6301,2025-11-01,3510500,인천광역시 미추홀구
도화1동 행정복지센터,인천광역시,미추홀구,인천광역시 미추홀구 경인로 295,,37.46090745,126.673829,,인천광역시 미추홀구보건소,032-728-6281,2025-11-01,3510500,인천광역시 미추홀구
숭의4동 행정복지센터,인천광역시,미추홀구,인천광역시 미추홀구 경인로156번길 32,,37.46483916,126.6591374,,인천광역시 미추홀구보건소,032-728-6141,2025-11-01,3510500,인천광역시 미추홀구
용현1.4동 행정복지센터,인천광역시,미추홀구,인천광역시 미추홀구 인주대로 198,,37.45480112,126.6585755,,인천광역시 미추홀구보건소,032-728-6161,2025-11-01,3510500,인천광역시 미추홀구
미추홀노인인력개발센터,인천광역시,미추홀구,인천광역시 미추홀구 독정이로 87 미추홀구청 본관3청사 1층,,37.46255406,126.6505414,,인천광역시 미추홀구보건소,032-888-8260,2025-11-01,3510500,인천광역시 미추홀구
용현독일약국,인천광역시,미추홀구,인천광역시 미추홀구 독정이로 7 (용현동),,37.45677715,126.6546771,,인천광역시 미추홀구보건소,032-882-8899,2025-11-01,3510500,인천광역시 미추홀구
열린연세약국,인천광역시,미추홀구,"인천광역시 미추홀구 토금남로 53 (용현동, 한양프라자 105호)",,37.45081807,126.6380872,,인천광역시 미추홀구보건소,032-882-7749,2025-11-01,3510500,인천광역시 미추홀구
인소망약국,인천광역시,미추홀구,인천광역시 미추홀구 미추로 52 (숭의동),,37.46459516,126.6462289,,인천광역시 미추홀구보건소,032-873-7426,2025-11-01,3510500,인천광역시 미추홀구
용현5동 행정복지센터,인천광역시,미추홀구,인천광역시 미추홀구 토금북로 60,,37.45255004,126.6402604,,인천광역시 미추홀구보건소,032-728-6221,2025-11-01,3510500,인천광역시 미추홀구
용현3동 행정복지센터,인천광역시,미추홀구,인천광역시 미추홀구 인주대로 133,,37.45674657,126.6519011,,인천광역시 미추홀구보건소,032-728-6201,2025-11-01,3510500,인천광역시 미추홀구
하남다누리체육센터,광주광역시,광산구,,광주광역시 광산구 흑석동 695,35.18475821,126.8027059,,광주광역시 광산구청,062-616-5845,2025-12-19,3630000,광주광역시 광산구
광주이주민건강센터,광주광역시,광산구,광주광역시 광산구 사암로 167 (우산동),,35.15931267,126.8075588,,광주광역시 광산구청,,2025-12-19,3630000,광주광역시 광산구
광산구장애인복지관,광주광역시,광산구,,광주광역시 광산구 우산동 1612-2,35.16076001,126.8102348,,광주광역시 광산구청,062-960-6942,2025-12-19,3630000,광주광역시 광산구
하남종합사회복지관,광주광역시,광산구,광주광역시 광산구 월곡산정로 12 (우산동),,35.16631715,126.8038702,,광주광역시 광산구청,062-951-0701,2025-12-19,3630000,광주광역시 광산구
행복나루노인복지관,광주광역시,광산구,광주광역시 광산구 송정로52번길 20 (도산동),,35.13485872,126.795151,,광주광역시 광산구청,062-960-9964,2025-12-19,3630000,광주광역시 광산구
송광종합사회복지관,광주광역시,광산구,광주광역시 광산구 우산로 17 (우산동),,35.15982377,126.8041467,,광주광역시 광산구청,062-941-8248,2025-12-19,3630000,광주광역시 광산구
첨단종합사회복지관,광주광역시,광산구,광주광역시 광산구 첨단중앙로 160 (쌍암동),,35.21952708,126.8423636,,광주광역시 광산구청,062-971-9503,2025-12-19,3630000,광주광역시 광산구
더불어락노인복지관,광주광역시,광산구,광주광역시 광산구 목련로 156 (운남동),,35.17144137,126.8159402,,광주광역시 광산구청,062-960-3908,2025-12-19,3630000,광주광역시 광산구
산수보건진료소,광주광역시,광산구,광주광역시 광산구 본량용강길 10,,35.19169166,126.7460573,,광주광역시 광산구청,062-944-4549,2025-12-19,3630000,광주광역시 광산구
명화보건진료소,광주광역시,광산구,광주광역시 광산구 평동로 427,,35.12299894,126.7229158,,광주광역시 광산구청,062-943-0013,2025-12-19,3630000,광주광역시 광산구
동호보건진료소,광주광역시,광산구,광주광역시 광산구 본동로 363-10,,35.18568588,126.6806734,,광주광역시 광산구청,062-943-1156,2025-12-19,3630000,광주광역시 광산구
광산보건지료소,광주광역시,광산구,광주광역시 광산구 오룡동길 54(광산동),,35.25100929,126.7451783,,광주광역시 광산구청,062-952-1610,2025-12-19,3630000,광주광역시 광산구
신룡보건진료소,광주광역시,광산구,광주광역시 광산구 임곡신촌길 35,,35.22187046,126.7748873,,광주광역시 광산구청,062-952-7653,2025-12-19,3630000,광주광역시 광산구
양동보건진료소,광주광역시,광산구,광주광역시 광산구 체암로 1745,,35.1505043,126.6628597,,광주광역시 광산구청,062-943-7946,2025-12-19,3630000,광주광역시 광산구
신동보건진료소,광주광역시,광산구,광주광역시 광산구 신동산길 117,,35.11039702,126.6979868,,광주광역시 광산구청,062-943-2935,2025-12-19,3630000,광주광역시 광산구
송정보건지소,광주광역시,광산구,"광주광역시 광산구 광산로29번길 15, 1층",,35.13964744,126.7936443,,광주광역시 광산구청,062-616-5828,2025-12-19,3630000,광주광역시 광산구
우산건강생활지원센터,광주광역시,광산구,광주광역시 광산구 장덕로 158,,35.19707398,126.8257309,,광주광역시 광산구청,,2025-12-19,3630000,광주광역시 광산구
수완건강생활지원센터,광주광역시,광산구,광주광역시 광산구 사암로 167,,35.15931267,126.8075588,,광주광역시 광산구청,,2025-12-19,3630000,광주광역시 광산구
광산구보건소,광주광역시,광산구,광주광역시 광산구 하남마항로48번길 7,,35.18495355,126.8007715,,광주광역시 광산구청,062-960-8746,2025-12-19,3630000,광주광역시 광산구
본량동 행정복지센터,광주광역시,광산구,광주광역시 광산구 용진로 379,,35.18118405,126.7285596,,광주광역시 광산구청,062-960-7263,2025-12-19,3630000,광주광역시 광산구
삼도동 행정복지센터,광주광역시,광산구,광주광역시 광산구 오운로 433-1,,35.16220711,126.6975795,,광주광역시 광산구청,062-960-7852,2025-12-19,3630000,광주광역시 광산구
동곡동 행정복지센터,광주광역시,광산구,광주광역시 광산구 동곡로 151-56,,35.09839505,126.7720857,,광주광역시 광산구청,062-960-6492,2025-12-19,3630000,광주광역시 광산구
임곡동 행정복지센터,광주광역시,광산구,광주광역시 광산구 고봉로 788,,35.21959848,126.7447902,,광주광역시 광산구청,062-960-7822,2025-12-19,3630000,광주광역시 광산구
평동 행정복지센터,광주광역시,광산구,광주광역시 광산구 평동로 790,,35.12452441,126.7604342,,광주광역시 광산구청,062-960-7845,2025-12-19,3630000,광주광역시 광산구
신창동 행정복지센터,광주광역시,광산구,광주광역시 광산구 왕버들로 291,,35.1955816,126.8407125,,광주광역시 광산구청,062-960-7771,2025-12-19,3630000,광주광역시 광산구
신가동 행정복지센터,광주광역시,광산구,광주광역시 광산구 목련로382번안길 36-1,,35.17994173,126.8359395,,광주광역시 광산구청,062-960-7746,2025-12-19,3630000,광주광역시 광산구
수완동 행정복지센터,광주광역시,광산구,광주광역시 광산구 장덕로 158,,35.19707398,126.8257309,,광주광역시 광산구청,062-960-7990,2025-12-19,3630000,광주광역시 광산구
첨단2동 행정복지센터,광주광역시,광산구,광주광역시 광산구 첨단중앙로124번길 24,,35.21624335,126.8433211,,광주광역시 광산구청,062-960-7714,2025-12-19,3630000,광주광역시 광산구
비아동 행정복지센터,광주광역시,광산구,광주광역시 광산구 비아중앙로31번길 8-6,,35.2222375,126.8242162,,광주광역시 광산구청,062-960-7692,2025-12-19,3630000,광주광역시 광산구
첨단1동 행정복지센터,광주광역시,광산구,광주광역시 광산구 첨단중앙로 160,,35.21952708,126.8423636,,광주광역시 광산구청,062-960-7971,2025-12-19,3630000,광주광역시 광산구
하남동 행정복지센터,광주광역시,광산구,광주광역시 광산구 하남대로 54번길 15,,35.17954464,126.8000112,,광주광역시 광산구청,062-960-7955,2025-12-19,3630000,광주광역시 광산구
운남동 행정복지센터,광주광역시,광산구,광주광역시 광산구 목련로 217번길 10,,35.1732666,126.8218974,,광주광역시 광산구청,062-960-7753,2025-12-19,3630000,광주광역시 광산구
월곡2동 행정복지센터,광주광역시,광산구,광주광역시 광산구 산정공원로72번길 21-12,,35.17435442,126.8080108,,광주광역시 광산구청,062-960-7684,2025-12-19,3630000,광주광역시 광산구
월곡1동 행정복지센터,광주광역시,광산구,광주광역시 광산구 사암로 306,,35.1717952,126.8097249,,광주광역시 광산구청,062-960-7673,2025-12-19,3630000,광주광역시 광산구
우산동 행정복지센터,광주광역시,광산구,광주광역시 광산구 무진대로 246-12,,35.16021575,126.8070581,,광주광역시 광산구청,062-960-7662,2025-12-19,3630000,광주광역시 광산구
어룡동 행정복지센터,광주광역시,광산구,광주광역시 광산구 선운중앙로 67번길 6,,35.14841258,126.7798951,,광주광역시 광산구청,062-960-7644,2025-12-19,3630000,광주광역시 광산구
신흥동 행정복지센터,광주광역시,광산구,광주광역시 광산구 신흥동안길 9,,35.14533803,126.8004985,,광주광역시 광산구청,062-960-7633,2025-12-19,3630000,광주광역시 광산구
도산동 행정복지센터,광주광역시,광산구,광주광역시 광산구 도산로 12,,35.12951272,126.7918612,,광주광역시 광산구청,062-960-7628,2025-12-19,3630000,광주광역시 광산구
송정2동 행정복지센터,광주광역시,광산구,광주광역시 광산구 광산로 29번길 5,,35.13909154,126.7944227,,광주광역시 광산구청,062-960-7612,2025-12-19,3630000,광주광역시 광산구
송정1동 행정복지센터,광주광역시,광산구,광주광역시 광산구 광산로 92,,35.14187324,126.800854,,광주광역시 광산구청,062-960-7602,2025-12-19,3630000,광주광역시 광산구
신도산경로당,광주광역시,광산구,광주광역시 광산구 신도산길 77 (도산동),,35.13322581,126.7918687,,광주광역시 광산구청,,2025-12-19,3630000,광주광역시 광산구
선창경로당,광주광역시,광산구,광주광역시 광산구 신가삼효로 23-10 (신가동),,35.18695818,126.835131,,광주광역시 광산구청,,2025-12-19,3630000,광주광역시 광산구
장안경로당,광주광역시,광산구,광주광역시 광산구 장안길 51 (안청동),,35.21881353,126.8049595,,광주광역시 광산구청,,2025-12-19,3630000,광주광역시 광산구
산정경로당,광주광역시,광산구,광주광역시 광산구 하남지실길 249 (산정동),,35.1731519,126.7926898,,광주광역시 광산구청,,2025-12-19,3630000,광주광역시 광산구
야촌경로당,광주광역시,광산구,광주광역시 광산구 야촌길 35 (신촌동),,35.13944796,126.8067071,,광주광역시 광산구청,,2025-12-19,3630000,광주광역시 광산구
부동남자경로당,광주광역시,광산구,광주광역시 광산구 사암로24번길 7 (신촌동),,35.1464495,126.8077524,,광주광역시 광산구청,,2025-12-19,3630000,광주광역시 광산구
중앙경로당,광주광역시,광산구,광주광역시 광산구 송정로39번길 10-8 (송정동),,35.13574723,126.7961386,,광주광역시 광산구청,,2025-12-19,3630000,광주광역시 광산구
동작경로당,광주광역시,광산구,광주광역시 광산구 우산로125번길 24 (우산동),,35.15674701,126.8151836,,광주광역시 광산구청,,2025-12-19,3630000,광주광역시 광산구
월곡2동 푸른 경로당,광주광역시,광산구,광주광역시 광산구 산정공원로28번길 13-13 (월곡동),,35.17104877,126.8067538,,광주광역시 광산구청,,2025-12-19,3630000,광주광역시 광산구
월곡2동경로당,광주광역시,광산구,광주광역시 광산구 산정로37번길 14-8 (산정동),,35.17043108,126.8034539,,광주광역시 광산구청,,2025-12-19,3630000,광주광역시 광산구
월산경로당,광주광역시,광산구,광주광역시 광산구 산정공원로71번길 10-9 (산정동),,35.17450412,126.8058534,,광주광역시 광산구청,,2025-12-19,3630000,광주광역시 광산구
운남경로당,광주광역시,광산구,광주광역시 광산구 목련로273번안길 23 (운남동),,35.17787419,126.8235865,,광주광역시 광산구청,062-955-0506,2025-12-19,3630000,광주광역시 광산구
장수경로당,광주광역시,광산구,광주광역시 광산구 장수길 65 (장수동),,35.18299657,126.7870628,,광주광역시 광산구청,062-953-0238,2025-12-19,3630000,광주광역시 광산구
안청경로당,광주광역시,광산구,광주광역시 광산구 계안길 18-1 (안청동),,35.21799454,126.8014005,,광주광역시 광산구청,062-953-4848,2025-12-19,3630000,광주광역시 광산구
도천경로당,광주광역시,광산구,광주광역시 광산구 도천북길 156  (도천동),,35.21660554,126.820794,,광주광역시 광산구청,062-955-4307,2025-12-19,3630000,광주광역시 광산구
원동경로당,광주광역시,광산구,광주광역시 광산구 광산로 98-3 (송정동),,35.14222442,126.8013019,,광주광역시 광산구청,062-944-2229,2025-12-19,3630000,광주광역시 광산구
매결경로당,광주광역시,광산구,광주광역시 광산구 신가매결길 72 (신창동),,35.18825465,126.8406288,,광주광역시 광산구청,062-953-5999,2025-12-19,3630000,광주광역시 광산구
반촌경로당,광주광역시,광산구,광주광역시 광산구 구촌반촌길 231 (신창동),,35.19073719,126.8496044,,광주광역시 광산구청,062-953-7337,2025-12-19,3630000,광주광역시 광산구
신덕경로당,광주광역시,광산구,광주광역시 광산구 평동로1119번길 25-12 (송정동),,35.13590934,126.7877105,,광주광역시 광산구청,062-942-5388,2025-12-19,3630000,광주광역시 광산구
화전경로당,광주광역시,광산구,광주광역시 광산구 평동화전안길 15(연산동),,35.11657032,126.7548816,,광주광역시 광산구청,,2025-12-19,3630000,광주광역시 광산구
선운경로당,광주광역시,광산구,광주광역시 광산구 선운로 2번길 40 (선암동),,35.14604759,126.7732908,,광주광역시 광산구청,,2025-12-19,3630000,광주광역시 광산구
운수경로당,광주광역시,광산구,광주광역시 광산구 어등대로533번길 46 (운수동),,35.15632173,126.782436,,광주광역시 광산구청,062-941-9477,2025-12-19,3630000,광주광역시 광산구
영동경로당,광주광역시,광산구,광주광역시 광산구 내상로53번길 17 (송정동),,35.13825805,126.7981772,,광주광역시 광산구청,062-943-6694,2025-12-19,3630000,광주광역시 광산구
용보경로당,광주광역시,광산구,광주광역시 광산구 용보로 42-14 (송정동),,35.13488962,126.8023609,,광주광역시 광산구청,062-941-8862,2025-12-19,3630000,광주광역시 광산구
비아1통경로당,광주광역시,광산구,광주광역시 광산구 아산길 39 (비아동),,35.22397756,126.8226761,,광주광역시 광산구청,062-953-5030,2025-12-19,3630000,광주광역시 광산구
서봉경로당,광주광역시,광산구,광주광역시 광산구 어등대로233번길 59 (서봉동),,35.15429592,126.7480541,,광주광역시 광산구청,062-941-5267,2025-12-19,3630000,광주광역시 광산구
한성1차아파트,광주광역시,광산구,광주광역시 광산구 월곡산정로 108,,35.16553599,126.8153094,,광주광역시 광산구청,062-951-7958,2025-12-19,3630000,광주광역시 광산구
첨단호반2차아파트,광주광역시,광산구,광주광역시 광산구 월계로 59,,35.21276028,126.8323661,,광주광역시 광산구청,062-971-3075,2025-12-19,3630000,광주광역시 광산구
강화건강약국,인천광역시,강화군,인천광역시 강화군 강화읍 강화대로312번길 12,인천광역시 강화군 강화읍 갑곳리 341-4,37.74202828,126.4961739,약국내,인천광역시 강화군청,032-932-0249,2025-11-20,3570000,인천광역시 강화군
감초약국,인천광역시,강화군,인천광역시 강화군 강화읍 강화대로 431,인천광역시 강화군 강화읍 신문리 238-2,37.74712539,126.4836239,약국내,인천광역시 강화군청,032-934-3806,2025-11-20,3570000,인천광역시 강화군
동산약국,경상남도,거창군,경상남도 거창군 거창읍 시장길 40-1,,35.68594923,127.9130015,,경상남도 거창군,055-940-3505,2025-12-01,5470000,경상남도 거창군
국민약국,경상남도,거창군,경상남도 거창군 거창읍 시장길 44,,35.68598934,127.9131197,,경상남도 거창군,055-940-3505,2025-12-01,5470000,경상남도 거창군
거창약국,경상남도,거창군,경상남도 거창군 거창읍 강남로 204,,35.68566226,127.9193141,,경상남도 거창군,055-940-3505,2025-12-01,5470000,경상남도 거창군
서부약국,경상남도,거창군,경상남도 거창군 거창읍 시장길 98,,35.6871181,127.9159016,,경상남도 거창군,055-940-3505,2025-12-01,5470000,경상남도 거창군
진명약국,경상남도,거창군,경상남도 거창군 거창읍 중앙로 158-1,,35.6874212,127.9154498,,경상남도 거창군,055-940-3505,2025-12-01,5470000,경상남도 거창군
대성약국,경상남도,거창군,경상남도 거창군 거창읍 중앙로 96,,35.68554192,127.9091714,,경상남도 거창군,055-940-3505,2025-12-01,5470000,경상남도 거창군
성호당약국,경상남도,거창군,경상남도 거창군 거창읍 창동로 123,,35.68819903,127.9202653,,경상남도 거창군,055-940-3505,2025-12-01,5470000,경상남도 거창군
덕성약국,경상남도,거창군,경상남도 거창군 가조면 지산로 1487,,35.70952643,128.0156788,,경상남도 거창군,055-940-3505,2025-12-01,5470000,경상남도 거창군
대동약국,경상남도,거창군,경상남도 거창군 거창읍 중앙로 157,,35.68780354,127.9152801,,경상남도 거창군,055-940-3505,2025-12-01,5470000,경상남도 거창군
수승대약국,경상남도,거창군,경상남도 거창군 거창읍 거창대로 71-1,,35.68797125,127.9154469,,경상남도 거창군,055-940-3505,2025-12-01,5470000,경상남도 거창군
메디팜하나로약국,경상남도,거창군,경상남도 거창군 거창읍 거창대로 97,,35.69019134,127.9147046,,경상남도 거창군,055-940-3505,2025-12-01,5470000,경상남도 거창군
배약국,경상남도,거창군,경상남도 거창군 거창읍 중앙로 131-2,,35.68710775,127.912696,,경상남도 거창군,055-940-3505,2025-12-01,5470000,경상남도 거창군
건강한약국,경상남도,거창군,"경상남도 거창군 거창읍 거창대로 78, 1층",,35.68851204,127.9158794,,경상남도 거창군,055-940-3505,2025-12-01,5470000,경상남도 거창군
상동약국,경상남도,거창군,경상남도 거창군 거창읍 상동2길 1,,35.68553628,127.9080686,,경상남도 거창군,055-940-3505,2025-12-01,5470000,경상남도 거창군
백두산약국,경상남도,거창군,경상남도 거창군 거창읍 거창대로 52,,35.68639967,127.9167601,,경상남도 거창군,055-940-3505,2025-12-01,5470000,경상남도 거창군
태평양약국,경상남도,거창군,경상남도 거창군 거창읍 거창대로 55 (성은주상복합빌딩),,35.68653886,127.9159864,,경상남도 거창군,055-940-3505,2025-12-01,5470000,경상남도 거창군
조은약국,경상남도,거창군,경상남도 거창군 거창읍 거창대로2길 5 (삼보의원),,35.68747775,127.9162376,,경상남도 거창군,055-940-3505,2025-12-01,5470000,경상남도 거창군
중앙약국,경상남도,거창군,경상남도 거창군 거창읍 상동2길 2,,35.68557666,127.9082467,,경상남도 거창군,055-940-3505,2025-12-01,5470000,경상남도 거창군
선보약국,경상남도,거창군,"경상남도 거창군 거창읍 거창대로 100, 선보프라자 101호",,35.69043468,127.9151905,,경상남도 거창군,055-940-3505,2025-12-01,5470000,경상남도 거창군
세종약국,경상남도,거창군,경상남도 거창군 거창읍 수남로 2287,,35.68290096,127.9117634,,경상남도 거창군,055-940-3505,2025-12-01,5470000,경상남도 거창군
가북보건지소,경상남도,거창군,경상남도 거창군 가북면 용암로 37,,35.76473843,127.994980,,경상남도 거창군,055-940-3505,2025-12-01,5470000,경상남도 거창군
가조보건지소,경상남도,거창군,경상남도 거창군 가조면 장군봉1길 26,,35.71136827,128.0147393,,경상남도 거창군,055-940-3505,2025-12-01,5470000,경상남도 거창군
신원보건지소,경상남도,거창군,경상남도 거창군 신원면 신차로 3079,,35.56887334,127.9253777,,경상남도 거창군,055-940-3505,2025-12-01,5470000,경상남도 거창군
남하보건지소,경상남도,거창군,경상남도 거창군 남하면 무릉4길 19-27,,35.66262902,127.9450229,,경상남도 거창군,055-940-3505,2025-12-01,5470000,경상남도 거창군
남상보건지소,경상남도,거창군,경상남도 거창군 남상면 수남로 1827,,35.6438167,127.9078432,,경상남도 거창군,055-940-3505,2025-12-01,5470000,경상남도 거창군
마리보건지소,경상남도,거창군,경상남도 거창군 마리면 거안로 845,,35.69970448,127.8558419,,경상남도 거창군,055-940-3505,2025-12-01,5470000,경상남도 거창군
위천보건지소,경상남도,거창군,경상남도 거창군 위천면 원학길 325,,35.74929763,127.8322716,,경상남도 거창군,055-940-3505,2025-12-01,5470000,경상남도 거창군
북상보건지소,경상남도,거창군,경상남도 거창군 북상면 덕유월성로 2313,,35.77762769,127.8182894,,경상남도 거창군,055-940-3505,2025-12-01,5470000,경상남도 거창군
고제보건지소,경상남도,거창군,경상남도 거창군 고제면 고제로 72,,35.81491884,127.8721797,,경상남도 거창군,055-940-3505,2025-12-01,5470000,경상남도 거창군
웅양보건지소,경상남도,거창군,경상남도 거창군 웅양면 웅양로 1438-1,,35.80561435,127.9193171,,경상남도 거창군,055-940-3505,2025-12-01,5470000,경상남도 거창군
주상보건지소,경상남도,거창군,경상남도 거창군 주상면 주곡로 655,,35.74916739,127.9133698,,경상남도 거창군,055-940-3505,2025-12-01,5470000,경상남도 거창군
첨단도휘에드가2차아파트,광주광역시,광산구,광주광역시 광산구 월계로 223-20,,35.21525281,126.8504149,,광주광역시 광산구청,062-416-2255,2025-12-19,3630000,광주광역시 광산구
첨단남양아파트,광주광역시,광산구,광주광역시 광산구 월계로 137,,35.21363222,126.8408971,,광주광역시 광산구청,062-972-3239,2025-12-19,3630000,광주광역시 광산구
거창군보건소,경상남도,거창군,경상남도 거창군 거창읍 거함대로 3079,,35.6809354,127.8987277,,경상남도 거창군,055-940-3505,2025-12-01,5470000,경상남도 거창군
강남경로당,경상북도,안동시,경상북도 안동시 먼달길 11 (정하동),,36.55103634,128.7223233,,강남경로당,,2025-11-01,5070000,경상북도 안동시
호암경로당,경상북도,안동시,경상북도 안동시 호암길 128 (송현동),,36.56864741,128.6776635,,호암경로당,,2025-11-01,5070000,경상북도 안동시
미륵당경로당,경상북도,안동시,경상북도 안동시 미륵당길 202,,36.55315612,128.6916584,,미륵당경로당,,2025-11-01,5070000,경상북도 안동시
한화경로당,경상북도,안동시,경상북도 안동시 한화3길 48 (안기동),,36.57246327,128.7184969691,,한화경로당,,2025-11-01,5070000,경상북도 안동시
복지경로당,경상북도,안동시,경상북도 안동시 평화7길 47-19 (평화동),,36.56892139,128.7170268,,복지경로당,,2025-11-01,5070000,경상북도 안동시
태화대성경로당,경상북도,안동시,경상북도 안동시 포도3길 15,,36.57040871,128.7064265,,태화대성경로당,,2025-11-01,5070000,경상북도 안동시
법석골경로당,경상북도,안동시,경상북도 안동시 법상길 41-6 (법상동),,36.56879638,128.7242766,,법석골경로당,,2025-11-01,5070000,경상북도 안동시
용성경로당,경상북도,안동시,경상북도 안동시 용상북길 116 (용상동),,36.56057311,128.7525524,,용성경로당,,2025-11-01,5070000,경상북도 안동시
치이골경로당,경상북도,안동시,경상북도 안동시 치이골길 19 (안막동),,36.57585911,128.7350134,,치이골경로당,,2025-11-01,5070000,경상북도 안동시
신세동경로당,경상북도,안동시,경상북도 안동시 성진2길 10 (신세동),,36.56591531,128.7384828,,신세동경로당,,2025-11-01,5070000,경상북도 안동시
사신리경로당,경상북도,안동시,경상북도 안동시 녹전면 감애구송로 536,,36.69747734,128.7703828,,사신리경로당,,2025-11-01,5070000,경상북도 안동시
신평1리경로당,경상북도,안동시,경상북도 안동시 녹전면 녹전로 739,,36.74408435,128.7721257,,신평1리경로당,,2025-11-01,5070000,경상북도 안동시
온혜2리경로당,경상북도,안동시,경상북도 안동시 도산면 온천로 691,,36.74667088,128.8321627,,온혜2리경로당,,2025-11-01,5070000,경상북도 안동시
서부리경로당,경상북도,안동시,경상북도 안동시 도산면 선성5길 10,,36.6973337,128.8135787,,서부리경로당,,2025-11-01,5070000,경상북도 안동시
삼계리경로당,경상북도,안동시,경상북도 안동시 예안면 밀바들길 3,,36.71905198,128.9245289,,삼계리경로당,,2025-11-01,5070000,경상북도 안동시
예안면분회경로당,경상북도,안동시,경상북도 안동시 예안면 농암로 1481-1,,36.66265161,128.8836396,,예안면분회경로당,,2025-11-01,5070000,경상북도 안동시
고천2리경로당,경상북도,안동시,경상북도 안동시 임동면 고천지촌로 277,,36.54819654,128.9686387,,고천2리경로당,,2025-11-01,5070000,경상북도 안동시
중평1리경로당,경상북도,안동시,경상북도 안동시 임동면 편항길 33,,36.5692258,128.919218,,중평1리경로당,,2025-11-01,5070000,경상북도 안동시
묵계1리경로당,경상북도,안동시,경상북도 안동시 묵계중리길 8,,36.41618687,128.913952,,묵계1리경로당,,2025-11-01,5070000,경상북도 안동시
송사1리경로당,경상북도,안동시,경상북도 안동시 송사시장길 62,,36.36489851,128.9290738,,송사1리경로당,,2025-11-01,5070000,경상북도 안동시
임하1리경로당,경상북도,안동시,경상북도 안동시 임하면 임하현길 11-4,,36.52170585,128.8650264,,임하1리경로당,,2025-11-01,5070000,경상북도 안동시
상무수무경로당,경상북도,안동시,경상북도 안동시 남선면 무선리길 419,,36.49115751,128.7270787,,상무수무경로당,,2025-11-01,5070000,경상북도 안동시
광음1리경로당,경상북도,안동시,경상북도 안동시 남후면 감재길 68,,36.50834467,128.6668881,,광음1리경로당,,2025-11-01,5070000,경상북도 안동시
광연리경로당,경상북도,안동시,경상북도 안동시 일직면 광연길 32,,36.44503579,128.6792285,,광연리경로당,,2025-11-01,5070000,경상북도 안동시
운산리경로당,경상북도,안동시,경상북도 안동시 일직면 논들길 19,,36.47383396,128.6592937,,운산리경로당,,2025-11-01,5070000,경상북도 안동시
기산2리경로당,경상북도,안동시,경상북도 안동시 풍천면 기산구장길 69-7,,36.53297967,128.4696931,,기산2리경로당,,2025-11-01,5070000,경상북도 안동시
기산1리경로당,경상북도,안동시,경상북도 안동시 풍천면 안사풍천길 1816,,36.53278422,128.4847122,,기산1리경로당,,2025-11-01,5070000,경상북도 안동시
이송천리경로당,경상북도,안동시,경상북도 안동시 서후면 이송천1길 51,,36.61153276,128.6907607,,이송천리경로당,,2025-11-01,5070000,경상북도 안동시
서후면분회경로당,경상북도,안동시,경상북도 안동시 서후면 서후중앙길 17,,36.6164907307,128.663494,,서후면분회경로당,,2025-11-01,5070000,경상북도 안동시
옹천3리경로당,경상북도,안동시,경상북도 안동시 북후면 옹천남2길 8-4,,36.68551868,128.7004529,,옹천3리경로당,,2025-11-01,5070000,경상북도 안동시
물한리경로당,경상북도,안동시,경상북도 안동시 물한길 126,,36.65776102,128.7127173,,물한리경로당,,2025-11-01,5070000,경상북도 안동시
침산2동 행정복지센터,대구광역시,북구,대구광역시 북구 침산남로 195 (침산동),,35.88727813,128.5969861,행정복지센터 내,,053-665-3465,2025-07-23,3450000,대구광역시 북구
침산1동 행정복지센터,대구광역시,북구,대구광역시 북구 침산남로13길 16 (침산동),,35.89035602,128.5811926,행정복지센터 내,,053-665-3455,2025-07-23,3450000,대구광역시 북구
국우동 행정복지센터,대구광역시,북구,대구광역시 북구 구리로 188 (국우동),,35.94802719,128.5753996,행정복지센터 내,,053-665-3882,2025-07-23,3450000,대구광역시 북구
동천동 행정복지센터,대구광역시,북구,대구광역시 북구 대천로 81 (동천동),,35.93732717,128.5581813,행정복지센터 내,,053-665-3864,2025-07-23,3450000,대구광역시 북구
읍내동 행정복지센터,대구광역시,북구,대구광역시 북구 칠곡중앙대로 561 (읍내동),,35.94592174,128.5505276,행정복지센터 내,,053-665-3845,2025-07-23,3450000,대구광역시 북구
관음동 행정복지센터,대구광역시,북구,대구광역시 북구 관음동로 125 (관음동),,35.94422798,128.5473263,행정복지센터 내,,053-665-3826,2025-07-23,3450000,대구광역시 북구
구암동 행정복지센터,대구광역시,북구,대구광역시 북구 구암서로 32 (구암동),,35.93893365,128.5660406,행정복지센터 내,,053-665-3813,2025-07-23,3450000,대구광역시 북구
태전2동 행정복지센터,대구광역시,북구,대구광역시 북구 칠곡중앙대로52길 32 (태전동),,35.92149453,128.5487633,행정복지센터 내,,053-665-3788,2025-07-23,3450000,대구광역시 북구
태전1동 행정복지센터,대구광역시,북구,대구광역시 북구 태전로7길 10-24 (태전동),,35.92403326,128.5432097,행정복지센터 내,,053-665-3769,2025-07-23,3450000,대구광역시 북구
금호분소,대구광역시,북구,대구광역시 북구 한강로4길 1 (금호동),,35.89678132,128.5145289,분소,,053-665-3381,2025-07-23,3450000,대구광역시 북구
노곡분소,대구광역시,북구,대구광역시 북구 노곡로 25 (노곡동),,35.90627017,128.562659,분소,,053-665-3158,2025-07-23,3450000,대구광역시 북구
관문동 행정복지센터,대구광역시,북구,대구광역시 북구 매천로18길 34 (매천동),,35.9016891,128.5421594,행정복지센터 내,,053-665-3747,2025-07-23,3450000,대구광역시 북구
연경분소,대구광역시,북구,대구광역시 북구 연경중앙로 5 (연경동),,35.94327291,128.617999,분소,,053-665-3981,2025-07-23,3450000,대구광역시 북구
조야분소,대구광역시,북구,대구광역시 북구 조야로 37 (조야동),,35.91051449,128.576387,분소,,053-665-3157,2025-07-23,3450000,대구광역시 북구
무태조야동 행정복지센터,대구광역시,북구,대구광역시 북구 호국로43길 20 (서변동),,35.92135364,128.5970467,행정복지센터 내,,053-665-3724,2025-07-23,3450000,대구광역시 북구
검단동 행정복지센터,대구광역시,북구,대구광역시 북구 검단로41길 12 (검단동),,35.91346481,128.6272275,행정복지센터 내,,053-665-3712,2025-07-23,3450000,대구광역시 북구
대현동 행정복지센터,대구광역시,북구,대구광역시 북구 대현남로 25 (대현동),,35.88219079,128.6058241,행정복지센터 내,,053-665-3686,2025-07-23,3450000,대구광역시 북구
복현2동 행정복지센터,대구광역시,북구,대구광역시 북구 복현로8길 16-5 (복현동),,35.89536271,128.6254897,행정복지센터 내,,053-665-3647,2025-07-23,3450000,대구광역시 북구
복현1동 행정복지센터,대구광역시,북구,대구광역시 북구 동북로52길 7 (복현동),,35.89377478,128.6185932,행정복지센터 내,,053-665-3624,2025-07-23,3450000,대구광역시 북구
산격4동 행정복지센터,대구광역시,북구,대구광역시 북구 대구체육관로 48 (산격동),,35.89224262,128.6043067,행정복지센터 내,,053-665-3604,2025-07-23,3450000,대구광역시 북구
산격3동 행정복지센터,대구광역시,북구,대구광역시 북구 대학로15길 16 (산격동),,35.89347548,128.6086991,행정복지센터 내,,053-665-3589,2025-07-23,3450000,대구광역시 북구
산격2동 행정복지센터,대구광역시,북구,대구광역시 북구 동북로31길 30 (산격동),,35.90174977,128.6092688,행정복지센터 내,,053-665-3566,2025-07-23,3450000,대구광역시 북구
산격1동 행정복지센터,대구광역시,북구,대구광역시 북구 연암로36길 6 (산격동),,35.90037155,128.5968793,행정복지센터 내,,053-665-3557,2025-07-23,3450000,대구광역시 북구
노원동 행정복지센터,대구광역시,북구,대구광역시 북구 노원로10길 166 (노원동2가),,35.8901469,128.5762257,행정복지센터 내,,053-665-3505,2025-07-23,3450000,대구광역시 북구
침산3동 행정복지센터,대구광역시,북구,대구광역시 북구 성북로 55 (침산동),,35.89199775,128.5892559,행정복지센터 내,,053-665-3486,2025-07-23,3450000,대구광역시 북구
용운경로당,전라남도,강진군,전라남도 강진군 성전면 용운길 46-12,전라남도 강진군 성전면 성전리 224-20,34.68690667,126.7224565,,,,2025-09-10,4920000,전라남도 강진군
대명약국,인천광역시,서구,"인천광역시 서구 청라라임로 71, 111호 (연희동, 진영메디피아)",,37.5339466874,126.6529014756,약국 내부,,032-718-0425,2025-07-11,3560000,인천광역시 서구
금빛약국,인천광역시,서구,"인천광역시 서구 중봉대로586번길 9-4, 쓰리엠타워 113호 (청라동)",,37.5320947486,126.6509349034,약국 내부,,032-718-0425,2025-07-11,3560000,인천광역시 서구
검단종로약국,인천광역시,서구,"인천광역시 서구 이음5로 60, JS프라자 117, 118호 (원당동)",,37.5943541206,126.7146016123,약국 내부,,032-718-0425,2025-07-11,3560000,인천광역시 서구
검단아라태평양약국,인천광역시,서구,"인천광역시 서구 이음대로 378, 로뎀타워 1층 109~111호 (원당동)",,37.5938566064,126.7126027869,약국 내부,,032-718-0425,2025-07-11,3560000,인천광역시 서구
검단보령약국,인천광역시,서구,"인천광역시 서구 원당대로 1039, 태경타워 105,106호 (원당동)",,37.5938006879,126.7163601202,약국 내부,,032-718-0425,2025-07-11,3560000,인천광역시 서구
검단365약국,인천광역시,서구,"인천광역시 서구 완정로178번길 1, 검단빌딩 102호 (마전동)",,37.6027562608,126.6568315245,약국 내부,,032-718-0425,2025-07-11,3560000,인천광역시 서구
SK성모약국,인천광역시,서구,"인천광역시 서구 가정로 437, 301동 B117호 (가정동, 루원시티 SK Leaders VIEW)",,37.5219556542,126.6765081795,약국 내부,,032-718-0425,2025-07-11,3560000,인천광역시 서구
3층 조은약국,인천광역시,서구,인천광역시 서구 청라한내로72번길 23 (청라동),,37.532043269,126.6302880193,약국 내부,,032-718-0425,2025-07-11,3560000,인천광역시 서구
365열린약국,인천광역시,서구,"인천광역시 서구 청라라임로 51, 105호 (청라동, 청라 에일린의뜰)",,37.532140394,126.6529099598,약국 내부,,032-718-0425,2025-07-11,3560000,인천광역시 서구
365아라약국,인천광역시,서구,"인천광역시 서구 이음5로 30, 연세프라자9 106호 (원당동)",,37.5937880367,126.7109709039,약국 내부,,032-718-0425,2025-07-11,3560000,인천광역시 서구
계산경로당,전라남도,강진군,전라남도 강진군 도암면 계산길 107,전라남도 강진군 도암면 계라리 871-1,34.56635117,126.703256,,,,2025-09-10,4920000,전라남도 강진군
귀라경로당,전라남도,강진군,전라남도 강진군 도암면 귀라1길 29,전라남도 강진군 도암면 계라리 182-1,34.58151429,126.7146527,,,,2025-09-10,4920000,전라남도 강진군
청라중앙약국,인천광역시,서구,"인천광역시 서구 중봉대로 588, 104호 (청라동, 청라센트럴프라자)",,37.5320476911,126.650256298,약국 내부,,032-718-0425,2025-07-11,3560000,인천광역시 서구
청라유명약국,인천광역시,서구,"인천광역시 서구 청라라임로 65, 108호 (청라동, 라임타워)",,37.5334396762,126.6529865304,약국 내부,,032-718-0425,2025-07-11,3560000,인천광역시 서구
청라온누리약국,인천광역시,서구,"인천광역시 서구 청라에메랄드로102번길 8, 108호 (청라동, 우성메디피아)",,37.5339796761,126.6568209579,약국 내부,,032-718-0425,2025-07-11,3560000,인천광역시 서구
청라비젼약국,인천광역시,서구,인천광역시 서구 중봉대로 594 (청라동),,37.5325671822,126.6502787626,약국 내부,,032-718-0425,2025-07-11,3560000,인천광역시 서구
청라바른약국,인천광역시,서구,"인천광역시 서구 청라한내로161번길 3-5, 102호 (청라동)",,37.539162391,126.6278765347,약국 내부,,032-718-0425,2025-07-11,3560000,인천광역시 서구
청라미래약국,인천광역시,서구,"인천광역시 서구 중봉대로 602, 1층 (청라동)",,37.5334081248,126.6502626168,약국 내부,,032-718-0425,2025-07-11,3560000,인천광역시 서구
참약국,인천광역시,서구,"인천광역시 서구 이음1로 383, 세중시그니쳐 101호 (원당동)",,37.5945766654,126.7168318747,약국 내부,,032-718-0425,2025-07-11,3560000,인천광역시 서구
차약국,인천광역시,서구,"인천광역시 서구 가정로 369, 1층 일부 (신현동)",,37.5179574814,126.6725560779,약국 내부,,032-718-0425,2025-07-11,3560000,인천광역시 서구
이야기약국,인천광역시,서구,"인천광역시 서구 청라커낼로 252 (청라동, 청라 롯데캐슬)",,37.5302994074,126.6478344391,약국 내부,,032-718-0425,2025-07-11,3560000,인천광역시 서구
이도온누리약국,인천광역시,서구,"인천광역시 서구 중봉대로 587, 지하2층 (경서동, 홈플러스 청라점)",,37.5323738626,126.6487420076,약국 내부,,032-718-0425,2025-07-11,3560000,인천광역시 서구
옵티마강남약국,인천광역시,서구,"인천광역시 서구 청라에메랄드로 84, 딜라이트타워2 106호 (청라동)",,37.5326023689,126.6568369988,약국 내부,,032-718-0425,2025-07-11,3560000,인천광역시 서구
온누리중앙프라자약국,인천광역시,서구,인천광역시 서구 서곶로 837 (당하동),,37.5920673775,126.6730093019,약국 내부,,032-718-0425,2025-07-11,3560000,인천광역시 서구
연세드림약국,인천광역시,서구,"인천광역시 서구 새오개로111번안길 32, 102호 (신현동)",,37.52207718,126.6648356,약국 내부,,032-718-0425,2025-07-11,3560000,인천광역시 서구
시티약국,인천광역시,서구,"인천광역시 서구 발산로 6, 아인시티 주차타워 113호 (원당동)",,37.5935676356,126.7092448806,약국 내부,,032-718-0425,2025-07-11,3560000,인천광역시 서구
세란약국,인천광역시,서구,"인천광역시 서구 가정로 388, KEB외환은행 1층 일부호 (가정동)",,37.5194427508,126.6733268247,약국 내부,,032-718-0425,2025-07-11,3560000,인천광역시 서구
새솔약국,인천광역시,서구,"인천광역시 서구 가정로 280, 102호 (석남동)",,37.5096984419,126.6729385962,약국 내부,,032-718-0425,2025-07-11,3560000,인천광역시 서구
블루팜약국,인천광역시,서구,"인천광역시 서구 중봉대로 610, 105호 (청라동)",,37.5338943853,126.6502905545,약국 내부,,032-718-0425,2025-07-11,3560000,인천광역시 서구
불로스타약국,인천광역시,서구,"인천광역시 서구 검단로 759, 103호 (불로동)",,37.6134053925,126.6846771072,약국 내부,,032-718-0425,2025-07-11,3560000,인천광역시 서구
봄약국,인천광역시,서구,"인천광역시 서구 중봉대로 588, 302-1호 (연희동, 청라센트럴프라자)",,37.5320476911,126.650256298,약국 내부,,032-718-0425,2025-07-11,3560000,인천광역시 서구
백주년약국,인천광역시,서구,"인천광역시 서구 청라에메랄드로 78, 딜라이트타워 106호 (청라동)",,37.5321224553,126.6568223402,약국 내부,,032-718-0425,2025-07-11,3560000,인천광역시 서구
박하향약국,인천광역시,서구,"인천광역시 서구 이음대로 392, 메트로시티 106,107호 (원당동)",,37.5925921407,126.7127575263,약국 내부,,032-718-0425,2025-07-11,3560000,인천광역시 서구
바른약국,인천광역시,서구,"인천광역시 서구 봉오재3로 40, 104호 (가정동)",,37.5296919166,126.6656773808,약국 내부,,032-718-0425,2025-07-11,3560000,인천광역시 서구
메디피아약국,인천광역시,서구,"인천광역시 서구 완정로 172, 109호 (마전동)",,37.602600498,126.6574268854,약국 내부,,032-718-0425,2025-07-11,3560000,인천광역시 서구
마음편한약국,인천광역시,서구,"인천광역시 서구 청라루비로 95, 108호 (경서동, 경연프라자)",,37.5337380479,126.6401487377,약국 내부,,032-718-0425,2025-07-11,3560000,인천광역시 서구
루원참조은약국,인천광역시,서구,"인천광역시 서구 가정로 406, A동 304호 (가정동, 루원지웰시티푸르지오)",,37.5219556542,126.6765081795,약국 내부,,032-718-0425,2025-07-11,3560000,인천광역시 서구
루원진약국,인천광역시,서구,"인천광역시 서구 염곡로464번길 15, 106호 (가정동)",,37.5263823779,126.671102769,약국 내부,,032-718-0425,2025-07-11,3560000,인천광역시 서구
루원서울약국,인천광역시,서구,"인천광역시 서구 가정로 437, 301동 204호 (가정동, 루원시티 SK Leaders VIEW)",,37.5219556542,126.6765081795,약국 내부,,032-718-0425,2025-07-11,3560000,인천광역시 서구
두리약국,인천광역시,서구,"인천광역시 서구 청라커낼로260번길 11, 진성프라자 105호 일부, 106호 (청라동)",,37.5320884231,126.6457244985,약국 내부,,032-718-0425,2025-07-11,3560000,인천광역시 서구
도담약국,인천광역시,서구,"인천광역시 서구 청라루비로 93, 105호 (경서동, 루비타워)",,37.5334144574,126.6401051499,약국 내부,,032-718-0425,2025-07-11,3560000,인천광역시 서구
더사랑약국,인천광역시,서구,"인천광역시 서구 가경주로40번길 20-10, 1호 (가정동)",,37.5163389002,126.6758131358,약국 내부,,032-718-0425,2025-07-11,3560000,인천광역시 서구
만세경로당,전라남도,강진군,전라남도 강진군 도암면 만세길 150,전라남도 강진군 도암면 덕서리 602-1,34.60163818,126.7195753,,,,2025-09-10,4920000,전라남도 강진군
청용경로당,전라남도,강진군,전라남도 강진군 도암면 청룡길 50,전라남도 강진군 도암면 덕서리 295-9,34.5914458,126.7214324,,,,2025-09-10,4920000,전라남도 강진군
덕촌경로당,전라남도,강진군,전라남도 강진군 도암면 덕촌길 41,전라남도 강진군 도암면 덕서리 115-1,34.59206476,126.7262686,,,,2025-09-10,4920000,전라남도 강진군
수인경로당,전라남도,강진군,전라남도 강진군 마량면 수인안길 9-1,전라남도 강진군 마량면 수인리 385-3,34.46369265,126.8108918,,,,2025-09-10,4920000,전라남도 강진군
서중경로당,전라남도,강진군,전라남도 강진군 마량면 서중길 12,전라남도 강진군 마량면 마량리 1075,34.457344,126.814829,,,,2025-09-10,4920000,전라남도 강진군
2구경로당,전라남도,강진군,전라남도 강진군 마량면 마량5길 26,전라남도 강진군 마량면 마량리 987-103,34.44975152,126.8181298,,,,2025-09-10,4920000,전라남도 강진군
1구경로당,전라남도,강진군,전라남도 강진군 마량면 마량2길 19-1,전라남도 강진군 마량면 마량리 743,34.45315704,126.8171468,,,,2025-09-10,4920000,전라남도 강진군
신마경로당,전라남도,강진군,전라남도 강진군 마량면 삼마로 115,전라남도 강진군 마량면 마량리 1440,34.45164172,126.8309536,,,,2025-09-10,4920000,전라남도 강진군
숙마경로당,전라남도,강진군,전라남도 강진군 마량면 숙마길 8,전라남도 강진군 마량면 원포리 180-6,34.46140034,126.8355941,,,,2025-09-10,4920000,전라남도 강진군
연동경로당,전라남도,강진군,전라남도 강진군 마량면 청자로 2469,전라남도 강진군 마량면 원포리 661-1,34.46644022,126.8264551,,,,2025-09-10,4920000,전라남도 강진군
원포경로당,전라남도,강진군,전라남도 강진군 마량면 원포길 19,전라남도 강진군 마량면 원포리 339-1,34.46664394,126.8328502,,,,2025-09-10,4920000,전라남도 강진군
하분경로당,전라남도,강진군,전라남도 강진군 마량면 하분2길 7,전라남도 강진군 마량면 상흥리 428-1,34.46139294,126.8502542,,,,2025-09-10,4920000,전라남도 강진군
상분경로당,전라남도,강진군,전라남도 강진군 마량면 상분길 15,전라남도 강진군 마량면 상흥리 122,34.48209152,126.8494139,,,,2025-09-10,4920000,전라남도 강진군
영춘경로당,전라남도,강진군,전라남도 강진군 마량면 영춘길 3-1,전라남도 강진군 마량면 마량리 385-7,34.4701703,126.814852,,,,2025-09-10,4920000,전라남도 강진군
산동경로당,전라남도,강진군,전라남도 강진군 마량면 마량영동로 344-1,전라남도 강진군 마량면 영동리 609-1,34.48679364,126.8263231,,,,2025-09-10,4920000,전라남도 강진군
난산경로당,전라남도,강진군,전라남도 강진군 대구면 계율길 200,전라남도 강진군 대구면 계율리 476-1,34.50317466,126.8089448,,,,2025-09-10,4920000,전라남도 강진군
청용경로당,전라남도,강진군,전라남도 강진군 대구면 계율길 109,전라남도 강진군 대구면 계율리 328-4,34.50461527,126.817131,,,,2025-09-10,4920000,전라남도 강진군
계치경로당,전라남도,강진군,전라남도 강진군 대구면 계율길 39,전라남도 강진군 대구면 계율리 686-1,34.50867944,126.8145912,,,,2025-09-10,4920000,전라남도 강진군
항동경로당,전라남도,강진군,전라남도 강진군 대구면 항동길 13,전라남도 강진군 대구면 용운리 254,34.52998615,126.8327346,,,,2025-09-10,4920000,전라남도 강진군
용문경로당,전라남도,강진군,전라남도 강진군 대구면 용문길 34,전라남도 강진군 대구면 용운리 335-7,34.52474198,126.8209258,,,,2025-09-10,4920000,전라남도 강진군
하저경로당,전라남도,강진군,전라남도 강진군 대구면 저두바닷길 88,전라남도 강진군 대구면 저두리 398-2,34.52427059,126.7919079,,,,2025-09-10,4920000,전라남도 강진군
중저경로당,전라남도,강진군,전라남도 강진군 대구면 중저길 75,전라남도 강진군 대구면 저두리 295-1,34.53669454,126.7933243,,,,2025-09-10,4920000,전라남도 강진군
상저경로당,전라남도,강진군,전라남도 강진군 대구면 상저길 25,전라남도 강진군 대구면 저두리 157-7,34.53613643,126.7969084,,,,2025-09-10,4920000,전라남도 강진군
구곡경로당,전라남도,강진군,전라남도 강진군 대구면 구곡길 52-7,전라남도 강진군 대구면 구수리 812-2,34.48400365,126.8016971,,,,2025-09-10,4920000,전라남도 강진군
남호경로당,전라남도,강진군,전라남도 강진군 대구면 남호길 82-1,전라남도 강진군 대구면 구수리 1097-1,34.47388275,126.7945765,,,,2025-09-10,4920000,전라남도 강진군
당전경로당,전라남도,강진군,전라남도 강진군 대구면 당전길 21,전라남도 강진군 대구면 사당리 91-8,34.50947635,126.8046567,,,,2025-09-10,4920000,전라남도 강진군
미산경로당,전라남도,강진군,전라남도 강진군 대구면 미산길 36,전라남도 강진군 대구면 사당리 302-1,34.50666197,126.7943583,,,,2025-09-10,4920000,전라남도 강진군
백사경로당,전라남도,강진군,전라남도 강진군 대구면 백사1길 46,전라남도 강진군 대구면 사당리 383-22,34.49737018,126.7944447,,,,2025-09-10,4920000,전라남도 강진군
수동경로당,전라남도,강진군,전라남도 강진군 대구면 수동길 38,전라남도 강진군 대구면 수동리 568-2,34.49688322,126.8017587,,,,2025-09-10,4920000,전라남도 강진군
학동경로당,전라남도,강진군,전라남도 강진군 칠량면 칠량학동길 53,전라남도 강진군 칠량면 흥학리 501-1,34.54919706,126.8252779,,,,2025-09-10,4920000,전라남도 강진군
중흥경로당,전라남도,강진군,전라남도 강진군 군동면 백금포길 7,전라남도 강진군 군동면 호계리 888-1,34.64200242,126.7847461,,,,2025-09-10,4920000,전라남도 강진군
사구경로당,전라남도,강진군,전라남도 강진군 칠량면 명주1길 165,전라남도 강진군 칠량면 명주리 90-9,34.54963452,126.8620112,,,,2025-09-10,4920000,전라남도 강진군
첨단호반1차아파트,광주광역시,광산구,광주광역시 광산구 월계로 117-35,,35.21608459,126.8374175,,광주광역시 광산구청,062-972-6564,2025-12-19,3630000,광주광역시 광산구
첨단라인2차아파트,광주광역시,광산구,광주광역시 광산구 월계로 109,,35.2141265,126.8378935,,광주광역시 광산구청,062-972-5849,2025-12-19,3630000,광주광역시 광산구
쌍용더플래티넘광산아파트,광주광역시,광산구,광주광역시 광산구 우산로107번길 67,,35.15990711,126.8137457,,광주광역시 광산구청,062-944-7727,2025-12-19,3630000,광주광역시 광산구
리버힐아파트,광주광역시,광산구,광주광역시 광산구 우산로 47,,35.15954215,126.8059767,,광주광역시 광산구청,062-942-4315,2025-12-19,3630000,광주광역시 광산구
우산빛여울채아파트,광주광역시,광산구,광주광역시 광산구 우산로 17,,35.15982377,126.8041467,,광주광역시 광산구청,062-942-5014,2025-12-19,3630000,광주광역시 광산구
산정빛여울채아파트,광주광역시,광산구,광주광역시 광산구 용아로379번길 25-2,,35.17551176,126.8031791,,광주광역시 광산구청,062-954-3633,2025-12-19,3630000,광주광역시 광산구
광주하남LH천년나무아파트,광주광역시,광산구,광주광역시 광산구 용아로 175-6,,35.1603781,126.8002799,,광주광역시 광산구청,062-943-1133,2025-12-19,3630000,광주광역시 광산구
더뷰아파트,광주광역시,광산구,광주광역시 광산구 용아로 145,,35.15666819,126.7993984,,광주광역시 광산구청,062-945-3311,2025-12-19,3630000,광주광역시 광산구
송정라인1차아파트,광주광역시,광산구,광주광역시 광산구 용보로27번길 46,,35.13737468,126.803195,,광주광역시 광산구청,062-944-7707,2025-12-19,3630000,광주광역시 광산구
신창지구도시공사아파트,광주광역시,광산구,광주광역시 광산구 왕버들로252번길 46,,35.19532804,126.8340624,,광주광역시 광산구청,062-955-9909,2025-12-19,3630000,광주광역시 광산구
어등산한국아델리움1단지아파트,광주광역시,광산구,광주광역시 광산구 여대길 290,,35.16683508,126.7945206,,광주광역시 광산구청,062-531-6167,2025-12-19,3630000,광주광역시 광산구
서라아파트,광주광역시,광산구,광주광역시 광산구 어등대로665번길 27,,35.14630272,126.7909636,,광주광역시 광산구청,062-941-2112,2025-12-19,3630000,광주광역시 광산구
소촌서라2차아파트,광주광역시,광산구,광주광역시 광산구 어등대로665번길 26,,35.14704116,126.7915635,,광주광역시 광산구청,062-942-7520,2025-12-19,3630000,광주광역시 광산구
송광파크맨션아파트,광주광역시,광산구,광주광역시 광산구 어등대로647번길 32,,35.14511881,126.7933398,,광주광역시 광산구청,062-941-3619,2025-12-19,3630000,광주광역시 광산구
신창2차부영아파트,광주광역시,광산구,광주광역시 광산구 신창로71번길 33,,35.19362671,126.8335172,,광주광역시 광산구청,062-962-7770,2025-12-19,3630000,광주광역시 광산구
신창2차남양휴튼아파트,광주광역시,광산구,광주광역시 광산구 신창로71번길 17,,35.19142885,126.8355009,,광주광역시 광산구청,062-953-6680,2025-12-19,3630000,광주광역시 광산구
이하2리경로당,경상북도,안동시,경상북도 안동시 와룡면 이하오산로 128,,36.61752897,128.7191097,,이하2리경로당,,2025-11-01,5070000,경상북도 안동시
소산1리경로당,경상북도,안동시,경상북도 안동시 풍산읍 소산웃골길 16,,36.57900125,128.5484929,,소산1리경로당,,2025-11-01,5070000,경상북도 안동시
괴정리경로당,경상북도,안동시,경상북도 안동시 풍산읍 괴정1길 57,,36.59428339,128.535199557,,괴정리경로당,,2025-11-01,5070000,경상북도 안동시
센트럴자이,경상북도,안동시,경상북도 안동시 배움길 77,,36.56075054,128.7181278352,,센트럴자이,054-857-9833,2025-11-01,5070000,경상북도 안동시
송현주공2아파트,경상북도,안동시,경상북도 안동시 경북대로 467,,36.569922,128.6957298,,송현주공2아파트,054-854-8290,2025-11-01,5070000,경상북도 안동시
옥동7주공아파트,경상북도,안동시,경상북도 안동시 옥서1길 19,,36.56125585,128.6967355027,,옥동7주공아파트,054-857-2795,2025-11-01,5070000,경상북도 안동시
옥동6주공아파트,경상북도,안동시,경상북도 안동시 옥서1길 16,,36.5616234859,128.6968964119,,옥동6주공아파트,054-857-2400,2025-11-01,5070000,경상북도 안동시
옥동주공영구임대아파트,경상북도,안동시,경상북도 안동시 은행나무로 106-3,,36.5681207,128.6970766,,옥동주공영구임대아파,054-859-3964,2025-11-01,5070000,경상북도 안동시
옥동주공3아파트,경상북도,안동시,경상북도 안동시 은행나무로 106-6,,36.56743419,128.695808,,옥동주공3아파트,054-857-7991,2025-11-01,5070000,경상북도 안동시
용상현대아파트,경상북도,안동시,경상북도 안동시 길주길 101-12,,36.5553686,128.7631697,,용상현대아파트,054-821-0548,2025-11-01,5070000,경상북도 안동시
하회보건진료소,경상북도,안동시,경상북도 안동시 풍천면 하회종가길 38,,36.53945809,128.5198562,,하회보건진료소,054-853-2481,2025-11-01,5070000,경상북도 안동시
어담보건진료소,경상북도,안동시,경상북도 안동시 풍천면 풍일로 1354,,36.49375442,128.5639181,,어담보건진료소,054-841-9163,2025-11-01,5070000,경상북도 안동시
신성보건진료소,경상북도,안동시,경상북도 안동시 풍천면 신성큰마길 40,,36.51915114,128.4520348,,신성보건진료소,054-841-3351,2025-11-01,5070000,경상북도 안동시
가곡보건진료소,경상북도,안동시,경상북도 안동시 풍천면 가일선원길 57-3,,36.5717533,128.5250117,,가곡보건진료소,054-853-2504,2025-11-01,5070000,경상북도 안동시
풍천면보건지소,경상북도,안동시,경상북도 안동시 풍천면 지풍로 1465-4,,36.55625276,128.5061954,,풍천면보건지소,054-853-2639,2025-11-01,5070000,경상북도 안동시
회곡보건진료소,경상북도,안동시,경상북도 안동시 풍산읍 풍산태사로 1703-2,,36.56328765,128.6296451,,회곡보건진료소,054-852-9300,2025-11-01,5070000,경상북도 안동시
신양보건진료소,경상북도,안동시,경상북도 안동시 풍산읍 현애길 1,,36.60602192,128.5538489,,신양보건진료소,054-852-6950,2025-11-01,5070000,경상북도 안동시
만운보건진료소,경상북도,안동시,경상북도 안동시 풍산읍 평지1길 7,,36.60486242,128.5796725,,만운보건진료소,054-842-5640,2025-11-01,5070000,경상북도 안동시
신창6차호반베르디움아파트,광주광역시,광산구,광주광역시 광산구 신창로35번길 80,,35.1862429,126.8331812,,광주광역시 광산구청,062-955-0609,2025-12-19,3630000,광주광역시 광산구
신창7차부영사랑으로아파트,광주광역시,광산구,광주광역시 광산구 신창로35번길 54,,35.19014464,126.8332213,,광주광역시 광산구청,062-962-8599,2025-12-19,3630000,광주광역시 광산구
신창6차부영사랑으로아파트,광주광역시,광산구,광주광역시 광산구 신창로35번길 20,,35.19023742,126.835415,,광주광역시 광산구청,062-962-8552,2025-12-19,3630000,광주광역시 광산구
신창3차호반베르디움아파트,광주광역시,광산구,광주광역시 광산구 신창로161번길 19,,35.19894505,126.8389785,,광주광역시 광산구청,062-456-5682,2025-12-19,3630000,광주광역시 광산구
신창1차남양휴튼아파트,광주광역시,광산구,광주광역시 광산구 신창로131번길10,,35.19775944,126.8378522,,광주광역시 광산구청,062-951-2248,2025-12-19,3630000,광주광역시 광산구
삼능아파트,광주광역시,광산구,광주광역시 광산구 신창로 20,,35.18692863,126.8380201,,광주광역시 광산구청,062-962-1108,2025-12-19,3630000,광주광역시 광산구
수완지구영무예다음2차아파트,광주광역시,광산구,광주광역시 광산구 수완로33번길 79,,35.18759681,126.8254373,,광주광역시 광산구청,062-954-1490,2025-12-19,3630000,광주광역시 광산구
은빛마을모아엘가아파트,광주광역시,광산구,광주광역시 광산구 수완로33번길 76,,35.18759806,126.8240559,,광주광역시 광산구청,062-961-0601,2025-12-19,3630000,광주광역시 광산구
수완대성베르힐아파트,광주광역시,광산구,광주광역시 광산구 수등로94번길 31,,35.18162766,126.8194605,,광주광역시 광산구청,,2025-12-19,3630000,광주광역시 광산구
수완1단지중흥에스-클래스아파트,광주광역시,광산구,광주광역시 광산구 수등로76번길 74,,35.18004418,126.8162968,,광주광역시 광산구청,062-959-1221,2025-12-19,3630000,광주광역시 광산구
해광샹그릴라아파트,광주광역시,광산구,광주광역시 광산구 수등로258번길 46,,35.18172032,126.8384812,,광주광역시 광산구청,062-951-3191,2025-12-19,3630000,광주광역시 광산구
신가도시공사아파트,광주광역시,광산구,광주광역시 광산구 수등로258번길 13,,35.18283603,126.8375447,,광주광역시 광산구청,062-452-1212,2025-12-19,3630000,광주광역시 광산구
아름마을휴먼시아1단지아파트,광주광역시,광산구,광주광역시 광산구 수등로123번길 70,,35.1865814,126.8244729,,광주광역시 광산구청,062-962-6776,2025-12-19,3630000,광주광역시 광산구
아름마을휴먼시아2단지아파트,광주광역시,광산구,광주광역시 광산구 수등로123번길 22,,35.18506397,126.8233011,,광주광역시 광산구청,062-956-0820,2025-12-19,3630000,광주광역시 광산구
수완지구호반베르디움1차아파트,광주광역시,광산구,광주광역시 광산구 수등로123번길 21,,35.18568262,126.8222834,,광주광역시 광산구청,062-952-1058,2025-12-19,3630000,광주광역시 광산구
신가부영아파트,광주광역시,광산구,광주광역시 광산구 수등로 287,,35.18808658,126.8388149,,광주광역시 광산구청,062-961-0771,2025-12-19,3630000,광주광역시 광산구
신가호반리젠시빌2차아파트,광주광역시,광산구,광주광역시 광산구 수등로 205,,35.18575617,126.8308653,,광주광역시 광산구청,062-961-1144,2025-12-19,3630000,광주광역시 광산구
신가주공아파트,광주광역시,광산구,광주광역시 광산구 수등로 204,,35.18483402,126.8307355,,광주광역시 광산구청,062-961-2122,2025-12-19,3630000,광주광역시 광산구
송정명지2차아파트,광주광역시,광산구,광주광역시 광산구 송도로320번길 16-15,,35.14029858,126.803794,,광주광역시 광산구청,062-945-7030,2025-12-19,3630000,광주광역시 광산구
보경해피드림아파트,광주광역시,광산구,광주광역시 광산구 송도로212번길 54,,35.13127638,126.7983985,,광주광역시 광산구청,062-945-1012,2025-12-19,3630000,광주광역시 광산구
대화아파트,광주광역시,광산구,광주광역시 광산구 송도로212번길 31-8,,35.13245918,126.7983613,,광주광역시 광산구청,062-942-0027,2025-12-19,3630000,광주광역시 광산구
도산대주 파크빌1차아파트,광주광역시,광산구,광주광역시 광산구 송도로182번길 55,,35.12852863,126.7957907,,광주광역시 광산구청,062-946-1122,2025-12-19,3630000,광주광역시 광산구
도산대주2차아파트,광주광역시,광산구,광주광역시 광산구 송도로182번길 16-3,,35.13010055,126.794851,,광주광역시 광산구청,062-945-4307,2025-12-19,3630000,광주광역시 광산구
금강청산아파트,광주광역시,광산구,광주광역시 광산구 송도로182번길 15-12,,35.13045587,126.795649,,광주광역시 광산구청,062-942-1593,2025-12-19,3630000,광주광역시 광산구
카이스트빌1아파트,광주광역시,광산구,광주광역시 광산구 송도로182번길 15-11,,35.13098637,126.7951464,,광주광역시 광산구청,062-945-5082,2025-12-19,3630000,광주광역시 광산구
모아드림2차아파트,광주광역시,광산구,광주광역시 광산구 소촌로86번길 20-5,,35.15214734,126.7956802,,광주광역시 광산구청,062-946-1033,2025-12-19,3630000,광주광역시 광산구
소촌동대성베르힐아파트,광주광역시,광산구,광주광역시 광산구 소촌로86번길 20-17,,35.15042393,126.7965877,,광주광역시 광산구청,062-946-5566,2025-12-19,3630000,광주광역시 광산구
소촌모아1차아파트,광주광역시,광산구,광주광역시 광산구 소촌로86번길 17,,35.15239977,126.7945927,,광주광역시 광산구청,062-945-9799,2025-12-19,3630000,광주광역시 광산구
소촌2차국제미소래아파트,광주광역시,광산구,광주광역시 광산구 소촌로42번길 163,,35.15426783,126.7968067,,광주광역시 광산구청,062-942-2347,2025-12-19,3630000,광주광역시 광산구
스위트밸리3차아파트,광주광역시,광산구,광주광역시 광산구 소촌로152번길11,,35.15914231,126.7934387,,광주광역시 광산구청,062-946-2320,2025-12-19,3630000,광주광역시 광산구
스위트밸리2차아파트,광주광역시,광산구,광주광역시 광산구 소촌로152번길 5,,35.15933896,126.7923108,,광주광역시 광산구청,062-945-7677,2025-12-19,3630000,광주광역시 광산구
스위트밸리1차아파트,광주광역시,광산구,광주광역시 광산구 소촌로152번길 5,,35.15933896,126.7923108,,광주광역시 광산구청,062-945-7677,2025-12-19,3630000,광주광역시 광산구
명주경로당,전라남도,강진군,전라남도 강진군 칠량면 명주1길 6,전라남도 강진군 칠량면 명주리 360-4,34.55831507,126.8558123,,,,2025-09-10,4920000,전라남도 강진군
월송경로당,전라남도,강진군,전라남도 강진군 칠량면 칠량월송길 45-2,전라남도 강진군 칠량면 단월리 546-1,34.55804765,126.839864,,,,2025-09-10,4920000,전라남도 강진군
율변경로당,전라남도,강진군,전라남도 강진군 칠량면 율변길 23,전라남도 강진군 칠량면 단월리 343-1,34.56205439,126.8449473,,,,2025-09-10,4920000,전라남도 강진군
목암경로당,전라남도,강진군,전라남도 강진군 칠량면 목암길 66,전라남도 강진군 칠량면 단월리 831-6,34.57007321,126.8409552,,,,2025-09-10,4920000,전라남도 강진군
삼강경로당,전라남도,강진군,전라남도 강진군 칠량면 삼흥길 181,전라남도 강진군 칠량면 삼흥리 453-1,34.5793948,126.8400051,,,,2025-09-10,4920000,전라남도 강진군
신흥경로당,전라남도,강진군,전라남도 강진군 칠량면 삼흥안길 102,전라남도 강진군 칠량면 삼흥리 209,34.57584576,126.8441439,,,,2025-09-10,4920000,전라남도 강진군
송촌경로당,전라남도,강진군,전라남도 강진군 칠량면 송촌길 67-4,전라남도 강진군 칠량면 송정리 180,34.56296871,126.8277224,,,,2025-09-10,4920000,전라남도 강진군
송산경로당,전라남도,강진군,전라남도 강진군 칠량면 송산1길 8,전라남도 강진군 칠량면 송로리 43,34.6103935,126.7883321,,,,2025-09-10,4920000,전라남도 강진군
구로경로당,전라남도,강진군,전라남도 강진군 칠량면 구로길 71,전라남도 강진군 칠량면 송로리 248,34.5949176,126.785402,,,,2025-09-10,4920000,전라남도 강진군
벽송경로당,전라남도,강진군,전라남도 강진군 칠량면 벽송길 2,전라남도 강진군 칠량면 동백리 646,34.60061137,126.797586,,,,2025-09-10,4920000,전라남도 강진군
현천경로당,전라남도,강진군,전라남도 강진군 칠량면 현천길 60,전라남도 강진군 칠량면 동백리 216-3,34.59495601,126.802266,,,,2025-09-10,4920000,전라남도 강진군
동백경로당,전라남도,강진군,전라남도 강진군 칠량면 동백로 206,전라남도 강진군 칠량면 동백리 172-4,34.59320244,126.8005005,,,,2025-09-10,4920000,전라남도 강진군
한림경로당,전라남도,강진군,전라남도 강진군 칠량면 칠량한림길 17,전라남도 강진군 칠량면 영복리 59-2,34.58715334,126.796907,,,,2025-09-10,4920000,전라남도 강진군
만복경로당,전라남도,강진군,전라남도 강진군 칠량면 만복길 55,전라남도 강진군 칠량면 영복리 695-1,34.577506,126.7922465,,,,2025-09-10,4920000,전라남도 강진군
영풍경로당,전라남도,강진군,전라남도 강진군 칠량면 영풍길 30,전라남도 강진군 칠량면 영복리 332-10,34.57352479,126.7957848,,,,2025-09-10,4920000,전라남도 강진군
사부경로당,전라남도,강진군,전라남도 강진군 칠량면 사부길 28,전라남도 강진군 칠량면 봉황리 368,34.56862556,126.7964005,,,,2025-09-10,4920000,전라남도 강진군
봉황경로당,전라남도,강진군,전라남도 강진군 칠량면 칠량옹기로 149,전라남도 강진군 칠량면 봉황리 168-14,34.55854251,126.7910574,,,,2025-09-10,4920000,전라남도 강진군
보련경로당,전라남도,강진군,전라남도 강진군 칠량면 보련봉황길 16,전라남도 강진군 칠량면 봉황리 313-1,34.56123567,126.7939183,,,,2025-09-10,4920000,전라남도 강진군
덕동경로당,전라남도,강진군,전라남도 강진군 칠량면 덕동길 69,전라남도 강진군 칠량면 봉황리 9-11,34.55769814,126.7996707,,,,2025-09-10,4920000,전라남도 강진군
신암경로당,전라남도,강진군,전라남도 강진군 칠량면 고현신암길 113,전라남도 강진군 칠량면 현평리 118-3,34.56581362,126.8087329,,,,2025-09-10,4920000,전라남도 강진군
고현경로당,전라남도,강진군,전라남도 강진군 칠량면 고현신암길 37,전라남도 강진군 칠량면 현평리 302-1,34.56076656,126.8055121,,,,2025-09-10,4920000,전라남도 강진군
장포경로당,전라남도,강진군,전라남도 강진군 칠량면 장포길 33-2,전라남도 강진군 칠량면 장계리 688-3,34.5505584,126.8081976,,,,2025-09-10,4920000,전라남도 강진군
반계경로당,전라남도,강진군,전라남도 강진군 칠량면 반계길 7-10,전라남도 강진군 칠량면 장계리 215-6,34.55234156,126.8108621,,,,2025-09-10,4920000,전라남도 강진군
아산경로당,전라남도,강진군,전라남도 강진군 칠량면 아산길 62,전라남도 강진군 칠량면 장계리 74,34.55646158,126.8160212,,,,2025-09-10,4920000,전라남도 강진군
영계경로당,전라남도,강진군,전라남도 강진군 칠량면 영계2길 51,전라남도 강진군 칠량면 송정리 442-17,34.57445365,126.8234145,,,,2025-09-10,4920000,전라남도 강진군
연곡경로당,전라남도,강진군,전라남도 강진군 칠량면 영동1길 182,전라남도 강진군 칠량면 영동리 267,34.57884913,126.8130309,,,,2025-09-10,4920000,전라남도 강진군
운산경로당,전라남도,강진군,전라남도 강진군 칠량면 영동1길 114,전라남도 강진군 칠량면 영동리 453-3,34.57368424,126.8104139,,,,2025-09-10,4920000,전라남도 강진군
월궁경로당,전라남도,강진군,전라남도 강진군 칠량면 월궁길 2,전라남도 강진군 칠량면 영동리 856-24,34.56396328,126.8006548,,,,2025-09-10,4920000,전라남도 강진군
강동경로당,전라남도,강진군,전라남도 강진군 칠량면 칠량로 68-4,전라남도 강진군 칠량면 영동리 1137-10,34.57287189,126.7985061,,,,2025-09-10,4920000,전라남도 강진군
영동경로당,전라남도,강진군,전라남도 강진군 군동면 학평길 66,전라남도 강진군 군동면 삼신리 409-3,34.63287416,126.7931537,,,,2025-09-10,4920000,전라남도 강진군
학평경로당,전라남도,강진군,전라남도 강진군 군동면 연화길 17,전라남도 강진군 군동면 삼신리 1319-6,34.61536253,126.788141,,,,2025-09-10,4920000,전라남도 강진군
연화경로당,전라남도,강진군,전라남도 강진군 군동면 비자동2길 12,전라남도 강진군 군동면 삼신리 897,34.61940034,126.7929681,,,,2025-09-10,4920000,전라남도 강진군
비자동경로당,전라남도,강진군,전라남도 강진군 군동면 비자동1길 14,전라남도 강진군 군동면 삼신리 657,34.62153053,126.7962334,,,,2025-09-10,4920000,전라남도 강진군
월봉경로당,전라남도,강진군,전라남도 강진군 군동면 금사길 193,전라남도 강진군 군동면 금사리 118-1,34.61388717,126.8123768,,,,2025-09-10,4920000,전라남도 강진군
금사경로당,전라남도,강진군,전라남도 강진군 군동면 금사길 62,전라남도 강진군 군동면 금사리 656-12,34.62051766,126.8034824,,,,2025-09-10,4920000,전라남도 강진군
덕마경로당,전라남도,강진군,전라남도 강진군 군동면 덕마길 18,전라남도 강진군 군동면 금사리 694-5,34.62321834,126.7993635,,,,2025-09-10,4920000,전라남도 강진군
관덕경로당,전라남도,강진군,전라남도 강진군 군동면 동관덕길 17,전라남도 강진군 군동면 쌍덕리 492-2,34.62542742,126.8040334,,,,2025-09-10,4920000,전라남도 강진군
평덕경로당,전라남도,강진군,전라남도 강진군 군동면 평덕길 46-1,전라남도 강진군 군동면 쌍덕리 126-4,34.62633389,126.8115775,,,,2025-09-10,4920000,전라남도 강진군
석교경로당,전라남도,강진군,전라남도 강진군 군동면 석교로 197,전라남도 강진군 군동면 석교리 243,34.63389656,126.8116204,,,,2025-09-10,4920000,전라남도 강진군
양산경로당,전라남도,강진군,전라남도 강진군 군동면 군장로 310-6,전라남도 강진군 군동면 덕천리 67-8,34.63733598,126.8431428,,,,2025-09-10,4920000,전라남도 강진군
덕천경로당,전라남도,강진군,전라남도 강진군 군동면 덕천2길 20,전라남도 강진군 군동면 덕천리 782,34.63143202,126.8242296,,,,2025-09-10,4920000,전라남도 강진군
대곡경로당,전라남도,강진군,전라남도 강진군 군동면 대곡길 5-1,전라남도 강진군 군동면 장산리 828,34.63316856,126.8514267,,,,2025-09-10,4920000,전라남도 강진군
중산경로당,전라남도,강진군,전라남도 강진군 군동면 중산길 14,전라남도 강진군 군동면 장산리 399,34.63769069,126.8618436,,,,2025-09-10,4920000,전라남도 강진군
장항경로당,전라남도,강진군,전라남도 강진군 군동면 장항길 8,전라남도 강진군 군동면 장산리 168-1,34.63893109,126.8659829,,,,2025-09-10,4920000,전라남도 강진군
명암경로당,전라남도,강진군,전라남도 강진군 군동면 명암길 48-2,전라남도 강진군 군동면 풍동리 52,34.65333355,126.8653742,,,,2025-09-10,4920000,전라남도 강진군
범천2동주민센터,부산광역시,부산진구,부산광역시 부산진구 신암로 48,부산광역시 부산진구 범천동 960-1,35.14652052,129.0562081,민원실,,051-605-4464,2025-09-11,3290000,부산광역시 부산진구
범천1동주민센터,부산광역시,부산진구,부산광역시 부산진구 범일로192번길 21,부산광역시 부산진구 범천동 854-15,35.14701389,129.0610077,민원실,,051-605-4464,2025-09-11,3290000,부산광역시 부산진구
개금3동주민센터,부산광역시,부산진구,부산광역시 부산진구 개금본동로 88,부산광역시 부산진구 개금동 428-8,35.15576358,129.0219366,민원실,,051-605-4464,2025-09-11,3290000,부산광역시 부산진구
개금2동주민센터,부산광역시,부산진구,부산광역시 부산진구 복지로 93,부산광역시 부산진구 개금동 633-5,35.14490697,129.0195347,민원실,,051-605-4464,2025-09-11,3290000,부산광역시 부산진구
개금1동주민센터,부산광역시,부산진구,부산광역시 부산진구 가야대로454번길 9,부산광역시 부산진구 개금동 503-18,35.15269053,129.0219076,민원실,,051-605-4464,2025-09-11,3290000,부산광역시 부산진구
가야2동주민센터,부산광역시,부산진구,부산광역시 부산진구 엄광로147번길 37,부산광역시 부산진구 가야동 519-1,35.14920239,129.0318315,민원실,,051-605-4464,2025-09-11,3290000,부산광역시 부산진구
가야1동주민센터,부산광역시,부산진구,부산광역시 부산진구 가야대로572번길 22,부산광역시 부산진구 가야동 296-1,35.15324525,129.0342875,민원실,,051-605-4464,2025-09-11,3290000,부산광역시 부산진구
당감4동주민센터,부산광역시,부산진구,부산광역시 부산진구 백양순환로 40,부산광역시 부산진구 당감동 696-1,35.16822222,129.0334223,민원실,,051-605-4464,2025-09-11,3290000,부산광역시 부산진구
당감2동주민센터,부산광역시,부산진구,부산광역시 부산진구 가야대로703번길 13,부산광역시 부산진구 당감동 71-7,35.157876,129.047874,민원실,,051-605-4464,2025-09-11,3290000,부산광역시 부산진구
당감1동주민센터,부산광역시,부산진구,부산광역시 부산진구 동평로44번길 49-6,부산광역시 부산진구 당감동 375-1,35.16444623,129.0356648,민원실,,051-605-4464,2025-09-11,3290000,부산광역시 부산진구
부암3동주민센터,부산광역시,부산진구,부산광역시 부산진구 백양순환로110번길 25,부산광역시 부산진구 부암동 441-7,35.16901607,129.0396532,민원실,,051-605-4464,2025-09-11,3290000,부산광역시 부산진구
부암1동주민센터,부산광역시,부산진구,부산광역시 부산진구 신천대로241번길 41,부산광역시 부산진구 부암동 226,35.1632873,129.0485619,민원실,,051-605-4464,2025-09-11,3290000,부산광역시 부산진구
전포2동주민센터,부산광역시,부산진구,부산광역시 부산진구 동성로118번길 34,부산광역시 부산진구 전포동 175-26,35.16169876,129.0662129,민원실,,051-605-4464,2025-09-11,3290000,부산광역시 부산진구
전포1동주민센터,부산광역시,부산진구,부산광역시 부산진구 서전로68번길 75,부산광역시 부산진구 전포동 341-2,35.1543468,129.0673912,민원실,,051-605-4464,2025-09-11,3290000,부산광역시 부산진구
양정2동주민센터,부산광역시,부산진구,부산광역시 부산진구 양정로15번길 26,부산광역시 부산진구 양정동 52-2,35.17287335,129.0757263,민원실,,051-605-4464,2025-09-11,3290000,부산광역시 부산진구
양정1동주민센터,부산광역시,부산진구,부산광역시 부산진구 동평로406번길 38,부산광역시 부산진구 양정동 397-5,35.17214449,129.0687234,민원실,,051-605-4464,2025-09-11,3290000,부산광역시 부산진구
큰별약국,경상남도,합천군,경상남도 합천군 합천읍 옥산로 68,,35.56812528,128.1626813,약국 내,,055-930-4043,2025-07-23,5480000,경상남도 합천군
세종약국,경상남도,합천군,경상남도 합천군 합천읍 동서로 95,,35.56667386,128.1628218,약국 내,,055-930-4043,2025-07-23,5480000,경상남도 합천군
건강을 주는 약국,경상남도,합천군,경상남도 합천군 합천읍 대야로 890-18,,35.56787879,128.1649534,약국 내,,055-930-4043,2025-07-23,5480000,경상남도 합천군
다솜약국,전라남도,순천시,"전라남도 순천시 신월큰길 7, 나동 1층 (조례동)",,34.9604789385,127.5203312408,,,061-749-6827,2024-12-04,4820000,전라남도 순천시
365웃장대형약국,전라남도,순천시,"전라남도 순천시 중앙로 136, 1층 (매곡동)",,34.9577896751,127.4844187429,,,061-749-6827,2024-12-04,4820000,전라남도 순천시
상당보건소,충청북도,청주시 상당구,충청북도 청주시 상당구 남일면 단재로 466,충청북도 청주시 상당구 남일면 효촌리 294,36.58855535,127.5053143,1층 민원실,,043-201-3133,2025-06-25,5710000,충청북도 청주시
낭성보건지소,충청북도,청주시 상당구,충청북도 청주시 상당구 낭성면 낭성시내길 27,충청북도 청주시 상당구 낭성면 이목리 34-6,36.62250485,127.6045316,1층 민원실,,043-201-3521,2025-06-25,5710000,충청북도 청주시
가덕보건지소,충청북도,청주시 상당구,충청북도 청주시 상당구 가덕면 보청대로 4646,충청북도 청주시 상당구 가덕면 인차리 319,36.55359045,127.5488407,1층 민원실,,043-201-3540,2025-06-25,5710000,충청북도 청주시
신평1동 행정복지센터,부산광역시,사하구,부산광역시 사하구 장평로 258,부산광역시 사하구 신평동 545-1,35.08921254,128.9732511,행정복지센터내,,051-220-5211,2025-04-07,3340000,부산광역시 사하구
다대2동 행정복지센터,부산광역시,사하구,부산광역시 사하구 다대로429번길 30,부산광역시 사하구 다대동 120-35,35.06355298,128.9820086,행정복지센터내,,051-220-5361,2025-04-07,3340000,부산광역시 사하구
괴정1동 행정복지센터,부산광역시,사하구,부산광역시 사하구 낙동대로250번안길 3,부산광역시 사하구 괴정동 820-3,35.0997608,128.9893173,행정복지센터내,,051-220-5001,2025-04-07,3340000,부산광역시 사하구
하단1동 행정복지센터,부산광역시,사하구,부산광역시 사하구 하신중앙로 308,부산광역시 사하구 하단동 608-11,35.1039645,128.9642425,행정복지센터내,,051-220-5151,2025-04-07,3340000,부산광역시 사하구
구평동 행정복지센터,부산광역시,사하구,부산광역시 사하구 서포로 48,부산광역시 사하구 구평동 159-1,35.08193315,128.9878265,행정복지센터내,,051-220-5391,2025-04-07,3340000,부산광역시 사하구
괴정2동 행정복지센터,부산광역시,사하구,부산광역시 사하구 까치고개로 14-1,부산광역시 사하구 괴정동 354-22,35.10339842,129.0040256,행정복지센터내,,051-220-5036,2025-04-07,3340000,부산광역시 사하구
감천1동 행정복지센터,부산광역시,사하구,부산광역시 사하구 감천로 97,부산광역시 사하구 감천동 486-3,35.0885800652,129.0022733136,행정복지센터내,,051-220-5421,2025-04-07,3340000,부산광역시 사하구
당리동 행정복지센터,부산광역시,사하구,부산광역시 사하구 낙동대로398번길 21,부산광역시 사하구 당리동 317-52,35.1040968990,128.9744236835,행정복지센터내,,051-220-5121,2025-04-07,3340000,부산광역시 사하구
장림1동 행정복지센터,부산광역시,사하구,부산광역시 사하구 장림로161번길 2,부산광역시 사하구 장림동 1140,35.08305432,128.9668712,행정복지센터내,,051-220-5271,2025-04-07,3340000,부산광역시 사하구
하단2동 행정복지센터,부산광역시,사하구,부산광역시 사하구 하신번영로 377,부산광역시 사하구 하단동 1161-3,35.11458863,128.9605228,행정복지센터내,,051-220-5181,2025-04-07,3340000,부산광역시 사하구
감천2동 행정복지센터,부산광역시,사하구,부산광역시 사하구 옥천로93번길 14,부산광역시 사하구 감천동 12-9,35.09461091,129.0093604,행정복지센터내,,051-220-5451,2025-04-07,3340000,부산광역시 사하구
사하구보건소,부산광역시,사하구,부산광역시 사하구 하신중앙로 185,부산광역시 사하구 신평동 646-2,35.09496763,128.9615408,민원실내,,051-220-5701,2025-04-07,3340000,부산광역시 사하구
장림2동 행정복지센터,부산광역시,사하구,부산광역시 사하구 장평로 131,부산광역시 사하구 장림동 601,35.07787882,128.9726037,행정복지센터내,,051-220-5301,2025-04-07,3340000,부산광역시 사하구
괴정4동 행정복지센터,부산광역시,사하구,부산광역시 사하구 낙동대로309번길 9,부산광역시 사하구 괴정동 571-2,35.09914474,128.9831591,행정복지센터내,,051-220-5091,2025-04-07,3340000,부산광역시 사하구
용담명암산성동 행정복지센터,충청북도,청주시 상당구,충청북도 청주시 상당구 교동로 149,충청북도 청주시 상당구 용담동 156-26,36.63524421,127.5036256,1층 민원실,,043-201-5904,2025-06-25,5710000,충청북도 청주시
금천동 행정복지센터,충청북도,청주시 상당구,충청북도 청주시 상당구 쇠내로 50,충청북도 청주시 상당구 금천동 152-2,36.62442608,127.4994268,1층 민원실,,043-201-5882,2025-06-25,5710000,충청북도 청주시
영운동 행정복지센터,충청북도,청주시 상당구,충청북도 청주시 상당구 단재로 129,충청북도 청주시 상당구 영운동 107-1,36.61800592,127.4988611,1층 민원실,,043-201-5847,2025-06-25,5710000,충청북도 청주시
탑대성동 행정복지센터,충청북도,청주시 상당구,충청북도 청주시 상당구 당산로 9,충청북도 청주시 상당구 대성동 150-3,36.63317261,127.4967131,1층 민원실,,043-201-5824,2025-06-25,5710000,충청북도 청주시
성안동 행정복지센터,충청북도,청주시 상당구,충청북도 청주시 상당구 대성로 72,충청북도 청주시 상당구 서운동 3-9,36.63168216,127.4932393,1층 민원실,,043-201-5795,2025-06-25,5710000,충청북도 청주시
중앙동 행정복지센터,충청북도,청주시 상당구,충청북도 청주시 상당구 교서로 32번길 31,충청북도 청주시 상당구 북문로2가 130-10,36.63985847,127.4882029,1층 민원실,,043-201-5765,2025-06-25,5710000,충청북도 청주시
문의면 행정복지센터,충청북도,청주시 상당구,충청북도 청주시 상당구 문의면 문의시내1길 8-15,충청북도 청주시 상당구 문의면 미천리 228-54,36.51748578,127.4964404,1층 민원실,,043-201-5705,2025-06-25,5710000,충청북도 청주시
남일면 행정복지센터,충청북도,청주시 상당구,충청북도 청주시 상당구 남일면 단재로 501,충청북도 청주시 상당구 남일면 효촌리 33,36.58696165,127.5096554,1층 민원실,,043-201-5652,2025-06-25,5710000,충청북도 청주시
가덕면 행정복지센터,충청북도,청주시 상당구,충청북도 청주시 상당구 가덕면 보청대로 4646,충청북도 청주시 상당구 가덕면 인차리 319,36.55359045,127.5488407,1층 민원실,,043-201-5602,2025-06-25,5710000,충청북도 청주시
미원면 행정복지센터,충청북도,청주시 상당구,충청북도 청주시 상당구 미원면 단재로 2472,충청북도 청주시 상당구 미원면 미원리 303-1,36.6361521,127.6584885,1층 민원실,,043-201-5552,2025-06-25,5710000,충청북도 청주시
낭성면 행정복지센터,충청북도,청주시 상당구,충청북도 청주시 상당구 낭성면 낭성시내길 21,충청북도 청주시 상당구 낭성면 이목리 120-3,36.62273976,127.6040004,1층 민원실,,043-201-5504,2025-06-25,5710000,충청북도 청주시
월오보건진료소,충청북도,청주시 상당구,충청북도 청주시 상당구 다리실로 71,충청북도 청주시 상당구 월오동 514-8,36.6114817,127.5299315,1층 진료실,,043-201-3681,2025-06-25,5710000,충청북도 청주시
소전보건진료소,충청북도,청주시 상당구,충청북도 청주시 상당구 문의면 소전길 1,충청북도 청주시 상당구 문의면 소전리 432-1,36.4555119,127.5257084,1층 진료실,,043-201-3691,2025-06-25,5710000,충청북도 청주시
두모보건진료소,충청북도,청주시 상당구,충청북도 청주시 상당구 문의면 두모1길 13-20,충청북도 청주시 상당구 문의면 두모리 239-2,36.51744162,127.4689611,1층 진료실,,043-201-3690,2025-06-25,5710000,충청북도 청주시
병암보건진료소,충청북도,청주시 상당구,충청북도 청주시 상당구 가덕면 병암3길 11-6,충청북도 청주시 상당구 가덕면 병암리 137-12,36.57870908,127.5798304,1층 진료실,,043-201-3689,2025-06-25,5710000,충청북도 청주시
상야보건진료소,충청북도,청주시 상당구,충청북도 청주시 상당구 가덕면 상야길 30,충청북도 청주시 상당구 가덕면 상야리 335,36.59171851,127.5631475,1층 진료실,,043-201-3688,2025-06-25,5710000,충청북도 청주시
행정보건진료소,충청북도,청주시 상당구,충청북도 청주시 상당구 가덕면 행정노동길 10,충청북도 청주시 상당구 가덕면 행정리 29-6,36.536831,127.5306977,1층 진료실,,043-201-3687,2025-06-25,5710000,충청북도 청주시
운교보건진료소,충청북도,청주시 상당구,충청북도 청주시 상당구 미원면 쌍이운교로 585,충청북도 청주시 상당구 미원면 운교리 257-5,36.69244672,127.6846098,1층 진료실,,043-201-3686,2025-06-25,5710000,충청북도 청주시
용곡보건진료소,충청북도,청주시 상당구,충청북도 청주시 상당구 미원면 미원초정로 472,충청북도 청주시 상당구 미원면 용곡리 363-1,36.67478909,127.647932,1층 진료실,,043-201-3685,2025-06-25,5710000,충청북도 청주시
기암보건진료소,충청북도,청주시 상당구,충청북도 청주시 상당구 미원면 터기암길 6-42,충청북도 청주시 상당구 미원면 기암리(基岩) 212,36.66257001,127.6329071,1층 진료실,,043-201-3684,2025-06-25,5710000,충청북도 청주시
금관보건진료소,충청북도,청주시 상당구,충청북도 청주시 상당구 미원면 운암계원로 615,충청북도 청주시 상당구 미원면 금관리 285-1,36.6212031,127.7243357,1층 진료실,,043-201-3683,2025-06-25,5710000,충청북도 청주시
갈산보건진료소,충청북도,청주시 상당구,충청북도 청주시 상당구 낭성면 갈산무성길 5,충청북도 청주시 상당구 낭성면 갈산리 392-2,36.6555391,127.5699504,1층 진료실,,043-201-3682,2025-06-25,5710000,충청북도 청주시
용암건강생활지원센터,충청북도,청주시 상당구,충청북도 청주시 상당구 용암북로 160번길 17,충청북도 청주시 상당구 용암동 2665,36.62217424,127.5153011,1층 민원실,,043-201-3682,2025-06-25,5710000,충청북도 청주시
미원보건지소,충청북도,청주시 상당구,충청북도 청주시 상당구 미원면 미원초정로 19-21,충청북도 청주시 상당구 미원면 미원리 550-2,36.63720799,127.6560612,1층 민원실,,043-201-3530,2025-06-25,5710000,충청북도 청주시
문의보건지소,충청북도,청주시 상당구,충청북도 청주시 상당구 문의면 문의시내1길 12,충청북도 청주시 상당구 문의면 미천리 228-54,36.51729871,127.4962872,1층 민원실,,043-201-3551,2025-06-25,5710000,충청북도 청주시
괴정3동 행정복지센터,부산광역시,사하구,부산광역시 사하구 낙동대로171번길 30-5,부산광역시 사하구 괴정동 404-2,35.1003418,128.9980927,행정복지센터내,,051-220-5061,2025-04-07,3340000,부산광역시 사하구
신평2동 행정복지센터,부산광역시,사하구,부산광역시 사하구 하신중앙로 185,부산광역시 사하구 신평동 646-2,35.09496763,128.9615408,행정복지센터내,,051-220-5246,2025-04-07,3340000,부산광역시 사하구
다대1동 행정복지센터,부산광역시,사하구,부산광역시 사하구 다대로530번길 7,부산광역시 사하구 다대동 933-1,35.05916984,128.9713294,행정복지센터내,,051-220-5331,2025-04-07,3340000,부산광역시 사하구
본약국,충청북도,청주시 상당구,"충청북도 청주시 상당구 상당로 112, 101호 (북문로2가)",충청북도 청주시 상당구 북문로2가 116-187,36.63817384,127.490456,약국 내,,043-225-0501,2025-06-25,5710000,충청북도 청주시
보현약국,충청북도,청주시 상당구,"충청북도 청주시 상당구 꽃산동로 25, 1층 6호 (금천동, 우미린상가)",충청북도 청주시 상당구 금천동 476,36.62400433,127.5102373,약국 내,,043-268-7706,2025-06-25,5710000,충청북도 청주시
보은약국,충청북도,청주시 상당구,충청북도 청주시 상당구 영운로 53 (영운동),충청북도 청주시 상당구 영운동 154-5,36.62025381,127.4954864,약국 내,,043-225-4588,2025-06-25,5710000,충청북도 청주시
보리약국,충청북도,청주시 상당구,"충청북도 청주시 상당구 중고개로 286 (금천동, 장자마을9단지부영아파트)",충청북도 청주시 상당구 금천동 317,36.62862257,127.5097215,약국 내,,043-288-2626,2025-06-25,5710000,충청북도 청주시
별약국,충청북도,청주시 상당구,"충청북도 청주시 상당구 중고개로 336, 102호 (금천동, 엔젤타워)",충청북도 청주시 상당구 금천동 277,36.63071482,127.5037653,약국 내,,043-297-7333,2025-06-25,5710000,충청북도 청주시
반약국,충청북도,청주시 상당구,"충청북도 청주시 상당구 산성로 68, 1층 (금천동, 엘림빌딩)",충청북도 청주시 상당구 금천동 199-3,36.62922272,127.5022318,약국 내,,043-258-5577,2025-06-25,5710000,충청북도 청주시
미원약국,충청북도,청주시 상당구,충청북도 청주시 상당구 미원면 단재로 2411,충청북도 청주시 상당구 미원면 미원리 438-20,36.6316411,127.6545285,약국 내,,043-298-3332,2025-06-25,5710000,충청북도 청주시
미소약국,충청북도,청주시 상당구,충청북도 청주시 상당구 대성로 29 (석교동),충청북도 청주시 상당구 석교동 38-2,36.62786471,127.4931521,약국 내,,043-257-2599,2025-06-25,5710000,충청북도 청주시
미래약국,충청북도,청주시 상당구,"충청북도 청주시 상당구 월평로 203, 용암형석아파트 상가1동 지하1층 제1호 (용암동)",충청북도 청주시 상당구 용암동 2088,36.60906184,127.506720,약국 내,,043-291-7001,2025-06-25,5710000,충청북도 청주시
메디팜세안약국,충청북도,청주시 상당구,충청북도 청주시 상당구 용담로 81 (탑동),충청북도 청주시 상당구 탑동 5-37,36.6325042,127.4998053,약국 내,,043-221-7170,2025-06-25,5710000,충청북도 청주시
따뜻한약국,충청북도,청주시 상당구,"충청북도 청주시 상당구 용암북로160번길 60, 롯데마트 2층 (용암동)",충청북도 청주시 상당구 용암동 2634,36.62041461,127.5161318,약국 내,,043-291-2176,2025-06-25,5710000,충청북도 청주시
동신약국,충청북도,청주시 상당구,충청북도 청주시 상당구 중앙로 5-2 (북문로2가),충청북도 청주시 상당구 북문로2가 68-3,36.63768989,127.4887141,약국 내,,043-256-2413,2025-06-25,5710000,충청북도 청주시
대명약국,충청북도,청주시 상당구,"충청북도 청주시 상당구 쇠내로 12 (금천동, 효성병원)",충청북도 청주시 상당구 금천동 162-4,36.62456263,127.4950807,약국 내,,043-254-9592,2025-06-25,5710000,충청북도 청주시
단재온누리약국,충청북도,청주시 상당구,"충청북도 청주시 상당구 1순환로 1202-3, 서진빌딩 101호 (방서동)",충청북도 청주시 상당구 방서동 665,36.60508031,127.499544,약국 내,,043-294-2235,2025-06-25,5710000,충청북도 청주시
나라약국,충청북도,청주시 상당구,충청북도 청주시 상당구 단재로 19 (석교동),충청북도 청주시 상당구 석교동 93-2,36.62665862,127.4926552,약국 내,,043-225-7799,2025-06-25,5710000,충청북도 청주시
나도약국,충청북도,청주시 상당구,충청북도 청주시 상당구 사직대로362번길 1 (북문로1가),충청북도 청주시 상당구 북문로1가 118-2,36.63666181,127.4876976,약국 내,,043-256-5710,2025-06-25,5710000,충청북도 청주시
금천약국,충청북도,청주시 상당구,충청북도 청주시 상당구 쇠내로 82 (금천동),충청북도 청주시 상당구 금천동 174-15,36.62479161,127.5028486,약국 내,,043-259-8057,2025-06-25,5710000,충청북도 청주시
그린온누리약국,충청북도,청주시 상당구,"충청북도 청주시 상당구 중고개로 115, 108호 (용암동)",충청북도 청주시 상당구 용암동 3095,36.61560447,127.5190846,약국 내,,043-237-9866,2025-06-25,5710000,충청북도 청주시
굿모닝약국,충청북도,청주시 상당구,충청북도 청주시 상당구 수영로 285 (금천동),충청북도 청주시 상당구 금천동 287,36.63001931,127.5055356,약국 내,,043-296-2288,2025-06-25,5710000,충청북도 청주시
굿모닝사랑약국,충청북도,청주시 상당구,"충청북도 청주시 상당구 산성로92번길 6, 1층 (금천동, 굿모닝타워)",충청북도 청주시 상당구 금천동 276,36.63080281,127.5035435,약국 내,,043-283-8175,2025-06-25,5710000,충청북도 청주시
건강한약국,충청북도,청주시 상당구,충청북도 청주시 상당구 용담로 6 (문화동),충청북도 청주시 상당구 문화동 110-7,36.63206782,127.4915216,약국 내,,043-250-5455,2025-06-25,5710000,충청북도 청주시
건강제일약국,충청북도,청주시 상당구,충청북도 청주시 상당구 중흥로 54-1 (용암동),충청북도 청주시 상당구 용암동 1592-3,36.6104334,127.5033072,약국 내,,043-286-9337,2025-06-25,5710000,충청북도 청주시
건강드림약국,충청북도,청주시 상당구,충청북도 청주시 상당구 수영로 277 (금천동),충청북도 청주시 상당구 금천동 227,36.62940583,127.5053001,약국 내,,043-224-7555,2025-06-25,5710000,충청북도 청주시
건강나라약국,충청북도,청주시 상당구,충청북도 청주시 상당구 중고개로 180-5 (용암동),충청북도 청주시 상당구 용암동 2656,36.62081763,127.5154382,약국 내,,043-294-0206,2025-06-25,5710000,충청북도 청주시
가온약국,충청북도,청주시 상당구,"충청북도 청주시 상당구 월평로 228, 1층 104호 (용암동)",충청북도 청주시 상당구 용암동 2014,36.6074295,127.5083965,약국 내,,043-288-1233,2025-06-25,5710000,충청북도 청주시
가람약국,충청북도,청주시 상당구,충청북도 청주시 상당구 월평로 172 (용암동),충청북도 청주시 상당구 용암동 1592-1,36.61058661,127.5035596,약국 내,,043-293-7272,2025-06-25,5710000,충청북도 청주시
100세약국,충청북도,청주시 상당구,"충청북도 청주시 상당구 상당로 10, 1층 (서운동)",충청북도 청주시 상당구 서운동 88-8,36.62906051,127.4916018,약국 내,,043-223-2627,2025-06-25,5710000,충청북도 청주시
용암2동 행정복지센터,충청북도,청주시 상당구,충청북도 청주시 상당구 무농정로 47,충청북도 청주시 상당구 용암동 2016,36.60717094,127.5080235,1층 민원실,,043-201-5979,2025-06-25,5710000,충청북도 청주시
용암1동 행정복지센터,충청북도,청주시 상당구,충청북도 청주시 상당구 중흥로 29,충청북도 청주시 상당구 용암동 1589,36.60883982,127.5012815,1층 민원실,,043-201-5949,2025-06-25,5710000,충청북도 청주시
은혜약국,충청북도,청주시 상당구,충청북도 청주시 상당구 사직대로 354-2 (서문동),충청북도 청주시 상당구 서문동 153-1,36.63649281,127.4864958,약국 내,,043-225-5455,2025-06-25,5710000,충청북도 청주시
율약국,충청북도,청주시 상당구,"충청북도 청주시 상당구 상당로 66, 나보나스퀘어 2층 204호 (문화동)",충청북도 청주시 상당구 문화동 93-1,36.63427926,127.4910688,약국 내,,043-252-1212,2025-06-25,5710000,충청북도 청주시
육거리큰약국,충청북도,청주시 상당구,"충청북도 청주시 상당구 청남로 2200, 1층 (석교동)",충청북도 청주시 상당구 석교동 135,36.62786922,127.4913407,약국 내,,043-250-7770,2025-06-25,5710000,충청북도 청주시
유명한약국,충청북도,청주시 상당구,충청북도 청주시 상당구 낭성면 산성로 698-13,충청북도 청주시 상당구 낭성면 현암리 308-24,36.65034194,127.5506666,약국 내,,043-221-3576,2025-06-25,5710000,충청북도 청주시
우리들약국,충청북도,청주시 상당구,충청북도 청주시 상당구 월평로 174 (용암동),충청북도 청주시 상당구 용암동 1592-2,36.61046757,127.503708,약국 내,,043-286-0008,2025-06-25,5710000,충청북도 청주시
용암엘지약국,충청북도,청주시 상당구,"충청북도 청주시 상당구 중고개로 181, 103호 (용암동, 대상코스모빌딩)",충청북도 청주시 상당구 용암동 2627,36.62047781,127.5147511,약국 내,,043-297-3344,2025-06-25,5710000,충청북도 청주시
용암약국,충청북도,청주시 상당구,"충청북도 청주시 상당구 1순환로 1261, 1층 (용암동)",충청북도 청주시 상당구 용암동 1677,36.60865941,127.5052082,약국 내,,043-295-3645,2025-06-25,5710000,충청북도 청주시
옵티마청주제일약국,충청북도,청주시 상당구,충청북도 청주시 상당구 월평로184번길 5 (용암동),충청북도 청주시 상당구 용암동 1667,36.6098522,127.5046655,약국 내,,043-294-0188,2025-06-25,5710000,충청북도 청주시
영생약국,충청북도,청주시 상당구,충청북도 청주시 상당구 대성로 169 (수동),충청북도 청주시 상당구 수동 338-18,36.64037512,127.4918763,약국 내,,043-256-2046,2025-06-25,5710000,충청북도 청주시
약초원한약국,충청북도,청주시 상당구,"충청북도 청주시 상당구 문의면 덕유남계로 845, 1층",충청북도 청주시 상당구 문의면 남계리 701,36.54541934,127.4785624,약국 내,,043-276-1063,2025-06-25,5710000,충청북도 청주시
아름약국,충청북도,청주시 상당구,충청북도 청주시 상당구 쇠내로91번길 7 (금천동),충청북도 청주시 상당구 금천동 174-1,36.62514942,127.5036024,약국 내,,043-223-2131,2025-06-25,5710000,충청북도 청주시
신효성약국,충청북도,청주시 상당구,충청북도 청주시 상당구 쇠내로 16 (금천동),충청북도 청주시 상당구 금천동 162-90,36.62432393,127.4956203,약국 내,,043-222-2497,2025-06-25,5710000,충청북도 청주시
시장약국,충청북도,청주시 상당구,충청북도 청주시 상당구 청남로 2196 (석교동),충청북도 청주시 상당구 석교동 139,36.62759557,127.4911375,약국 내,,043-253-2233,2025-06-25,5710000,충청북도 청주시
순천당약국,충청북도,청주시 상당구,충청북도 청주시 상당구 수영로 293 (금천동),충청북도 청주시 상당구 금천동 302,36.63064117,127.5059415,약국 내,,043-284-6789,2025-06-25,5710000,충청북도 청주시
소라약국,충청북도,청주시 상당구,"충청북도 청주시 상당구 원봉로 21, 112호 (용암동, 소라아파트상가)",충청북도 청주시 상당구 용암동 2082,36.61212205,127.5097259,약국 내,,043-296-2551,2025-06-25,5710000,충청북도 청주시
성안약국,충청북도,청주시 상당구,충청북도 청주시 상당구 무심동로 396 (서문동),충청북도 청주시 상당구 서문동 159-47,36.63598738,127.4848325,약국 내,,043-254-6797,2025-06-25,5710000,충청북도 청주시
선재약국,충청북도,청주시 상당구,"충청북도 청주시 상당구 1순환로 1239, 103호 (용암동)",충청북도 청주시 상당구 용암동 1694,36.6072628,127.5036635,약국 내,,043-238-8482,2025-06-25,5710000,충청북도 청주시
새생명약국,충청북도,청주시 상당구,충청북도 청주시 상당구 용암북로160번길 18 (용암동),충청북도 청주시 상당구 용암동 2647,36.62184187,127.514808,약국 내,,043-297-2212,2025-06-25,5710000,충청북도 청주시
새동신약국,충청북도,청주시 상당구,충청북도 청주시 상당구 상당로 150 (북문로2가),충청북도 청주시 상당구 북문로2가 116-151,36.64162454,127.4900364,약국 내,,043-256-1130,2025-06-25,5710000,충청북도 청주시
상당프라자온누리약국,충청북도,청주시 상당구,충청북도 청주시 상당구 용암북로138번길 35 (용암동),충청북도 청주시 상당구 용암동 2597,36.62005376,127.5142652,약국 내,,043-287-5008,2025-06-25,5710000,충청북도 청주시
상당약국,충청북도,청주시 상당구,"충청북도 청주시 상당구 무심동로336번길 138, 1층 (남문로1가)",충청북도 청주시 상당구 남문로1가 1-2,36.63171486,127.4907319,약국 내,,043-221-2277,2025-06-25,5710000,충청북도 청주시
상당건강약국,충청북도,청주시 상당구,충청북도 청주시 상당구 청남로 2194-2 (석교동),충청북도 청주시 상당구 석교동 163,36.62733103,127.4908467,약국 내,,043-255-2243,2025-06-25,5710000,충청북도 청주시
삼화약국,충청북도,청주시 상당구,충청북도 청주시 상당구 단재로 141-1 (영운동),충청북도 청주시 상당구 영운동 173-14,36.6171447,127.4990997,약국 내,,043-256-7548,2025-06-25,5710000,충청북도 청주시
삼장약국,충청북도,청주시 상당구,충청북도 청주시 상당구 청남로 2183 (석교동),충청북도 청주시 상당구 석교동 117-2,36.62675634,127.4899346,약국 내,,043-256-5127,2025-06-25,5710000,충청북도 청주시
삼일약국,충청북도,청주시 상당구,충청북도 청주시 상당구 청남로 2195 (석교동),충청북도 청주시 상당구 석교동 44-21,36.62764715,127.4906042,약국 내,,043-223-1320,2025-06-25,5710000,충청북도 청주시
빛이나약국,충청북도,청주시 상당구,"충청북도 청주시 상당구 2순환로2031번길 6-20, 104호 (방서동)",충청북도 청주시 상당구 방서동 758,36.59834821,127.5046219,약국 내,,043-294-7828,2025-06-25,5710000,충청북도 청주시
비타약국,충청북도,청주시 상당구,"충청북도 청주시 상당구 중고개로 137, 222호 (용암동)",충청북도 청주시 상당구 용암동 3076,36.61718939,127.5177871,약국 내,,043-287-1005,2025-06-25,5710000,충청북도 청주시
부부약국,충청북도,청주시 상당구,충청북도 청주시 상당구 영운로 55 (영운동),충청북도 청주시 상당구 영운동 154-9,36.62034614,127.4953871,약국 내,,043-259-4621,2025-06-25,5710000,충청북도 청주시
형제약국,충청북도,청주시 상당구,충청북도 청주시 상당구 단재로 117 (영운동),충청북도 청주시 상당구 영운동 123-4,36.61888274,127.4979295,약국 내,,043-256-3385,2025-06-25,5710000,충청북도 청주시
행복한약국,충청북도,청주시 상당구,"충청북도 청주시 상당구 중흥로 149-1, 1층 (용암동)",충청북도 청주시 상당구 용암동 2533,36.61729478,127.5103664,약국 내,,043-214-9747,2025-06-25,5710000,충청북도 청주시
행복약국,충청북도,청주시 상당구,"충청북도 청주시 상당구 중고개로 334, 2층 (금천동, 의화빌딩)",충청북도 청주시 상당구 금천동 278,36.63062479,127.5039797,약국 내,,043-286-0068,2025-06-25,5710000,충청북도 청주시
해맑은 미소약국,충청북도,청주시 상당구,"충청북도 청주시 상당구 청남로 2197, 1층 (석교동)",충청북도 청주시 상당구 석교동 45-1,36.62783842,127.4907657,약국 내,,043-258-5522,2025-06-25,5710000,충청북도 청주시
한일약국,충청북도,청주시 상당구,충청북도 청주시 상당구 수영로 228 (금천동),충청북도 청주시 상당구 금천동 102-10,36.62496964,127.504241,약국 내,,043-253-4838,2025-06-25,5710000,충청북도 청주시
한마음약국,충청북도,청주시 상당구,충청북도 청주시 상당구 쇠내로 126 (금천동),충청북도 청주시 상당구 금천동 118-21,36.62248568,127.5063227,약국 내,,043-255-5771,2025-06-25,5710000,충청북도 청주시
한국약국,충청북도,청주시 상당구,충청북도 청주시 상당구 영운로 51 (영운동),충청북도 청주시 상당구 영운동 154-8,36.61998586,127.4955833,약국 내,,043-256-1805,2025-06-25,5710000,충청북도 청주시
하늘약국,충청북도,청주시 상당구,충청북도 청주시 상당구 사직대로 363 (북문로2가),충청북도 청주시 상당구 북문로2가 63-4,36.6370069,127.4876851,약국 내,,043-222-0202,2025-06-25,5710000,충청북도 청주시
하나로약국,충청북도,청주시 상당구,충청북도 청주시 상당구 낭성면 무성길 10,충청북도 청주시 상당구 낭성면 무성리 159-1,36.64114541,127.5770376,약국 내,,043-283-5760,2025-06-25,5710000,충청북도 청주시
플러스약국,충청북도,청주시 상당구,"충청북도 청주시 상당구 사직대로 346, 홈플러스 (서문동)",충청북도 청주시 상당구 서문동 157-14,36.63601752,127.4857961,약국 내,,043-221-2135,2025-06-25,5710000,충청북도 청주시
푸른솔약국,충청북도,청주시 상당구,충청북도 청주시 상당구 문의면 문의시내로 43,충청북도 청주시 상당구 문의면 미천리 228-81,36.51709761,127.4972961,약국 내,,043-296-3956,2025-06-25,5710000,충청북도 청주시
팜프라자약국,충청북도,청주시 상당구,충청북도 청주시 상당구 무농정로 32 (방서동),충청북도 청주시 상당구 방서동 118,36.60481735,127.5073919,약국 내,,070-4135-9532,2025-06-25,5710000,충청북도 청주시
파란약국,충청북도,청주시 상당구,"충청북도 청주시 상당구 용암로 3 (용암동, 덕성그린타운)",충청북도 청주시 상당구 용암동 2085,36.60940034,127.5093315,약국 내,,043-293-8275,2025-06-25,5710000,충청북도 청주시
튼튼한약국,충청북도,청주시 상당구,"충청북도 청주시 상당구 원봉로 62, 102호 (용암동)",충청북도 청주시 상당구 용암동 2108-1,36.61478834,127.5082235,약국 내,,043-234-1071,2025-06-25,5710000,충청북도 청주시
큰사랑약국,충청북도,청주시 상당구,충청북도 청주시 상당구 월평로 182 (용암동),충청북도 청주시 상당구 용암동 1595,36.6100305,127.5043746,약국 내,,043-294-8088,2025-06-25,5710000,충청북도 청주시
청주제일약국,충청북도,청주시 상당구,충청북도 청주시 상당구 중고개로 320 (금천동),충청북도 청주시 상당구 금천동 286,36.63011587,127.5052482,약국 내,,043-287-7072,2025-06-25,5710000,충청북도 청주시
청주온누리약국,충청북도,청주시 상당구,"충청북도 청주시 상당구 상당로69번길 15, 1층 (북문로1가)",충청북도 청주시 상당구 북문로1가 62,36.63425709,127.4896662,약국 내,,043-252-7869,2025-06-25,5710000,충청북도 청주시
청주약국,충청북도,청주시 상당구,충청북도 청주시 상당구 무심동로336번길 119 (남문로2가),충청북도 청주시 상당구 남문로2가 60,36.63171692,127.4895081,약국 내,,043-256-3961,2025-06-25,5710000,충청북도 청주시
청주밝은미소약국,충청북도,청주시 상당구,"충청북도 청주시 상당구 상당로91번길 38-8, 1층 (북문로1가)",충청북도 청주시 상당구 북문로1가 123-4,36.63650113,127.4884471,약국 내,,043-222-8822,2025-06-25,5710000,충청북도 청주시
청주동화약국,충청북도,청주시 상당구,"충청북도 청주시 상당구 수영로 307, 1층 (용담동)",충청북도 청주시 상당구 용담동 404,36.63187694,127.5068832,약국 내,,043-296-6000,2025-06-25,5710000,충청북도 청주시
중앙약국,충청북도,청주시 상당구,충청북도 청주시 상당구 상당로 40-2 (서운동),충청북도 청주시 상당구 서운동 45-7,36.63178071,127.4911541,약국 내,,043-256-5868,2025-06-25,5710000,충청북도 청주시
조선약국,충청북도,청주시 상당구,충청북도 청주시 상당구 상당로 64-1 (문화동),충청북도 청주시 상당구 문화동 101-1,36.63402576,127.490895,약국 내,,043-223-7772,2025-06-25,5710000,충청북도 청주시
제일약국,충청북도,청주시 상당구,충청북도 청주시 상당구 미원면 미원시내2길 11-6,충청북도 청주시 상당구 미원면 미원리 490-3,36.6319874,127.6537081,약국 내,,043-298-0033,2025-06-25,5710000,충청북도 청주시
정화약국,충청북도,청주시 상당구,"충청북도 청주시 상당구 중흥로 145, 1층 (용암동)",충청북도 청주시 상당구 용암동 2360,36.61694725,127.5099159,약국 내,,043-218-1004,2025-06-25,5710000,충청북도 청주시
정안약국,충청북도,청주시 상당구,충청북도 청주시 상당구 상당로 37 (남문로1가),충청북도 청주시 상당구 남문로1가 1-6,36.63153788,127.4907754,약국 내,,043-221-0322,2025-06-25,5710000,충청북도 청주시
정다운약국,충청북도,청주시 상당구,충청북도 청주시 상당구 남일면 효촌송암1길 3,충청북도 청주시 상당구 남일면 효촌리 201-1,36.58865969,127.5081694,약국 내,,043-233-5335,2025-06-25,5710000,충청북도 청주시
장현민약국,충청북도,청주시 상당구,"충청북도 청주시 상당구 상당로 47, 103호 (남문로2가)",충청북도 청주시 상당구 남문로2가 15,36.63263926,127.490376,약국 내,,043-221-2268,2025-06-25,5710000,충청북도 청주시
이우진약국,충청북도,청주시 상당구,"충청북도 청주시 상당구 무농정로 96, 1층 16호 (용암동)",충청북도 청주시 상당구 용암동 2064,36.60997125,127.5116986,약국 내,,043-285-2181,2025-06-25,5710000,충청북도 청주시
봉래2동 행정복지센터 폐의약품 수거함,부산광역시,부산광역시 영도구,부산광역시 영도구 태종로 160 수도빌딩 1층,부산광역시 영도구 봉래동4가 362,35.0933182924,129.0462290079,청사 내,,051-419-5641,2025-07-03,3280000,부산광역시 영도구
강서약국,충청북도,청주시 흥덕구,충청북도 청주시 흥덕구 가로수로1164번길 7-2  (강서동),충청북도 청주시 흥덕구 강서동 26-3,36.62643088,127.4267261,약국 내,,043-201-3333,2025-06-25,5710000,충청북도 청주시
가까운약국,충청북도,청주시 흥덕구,충청북도 청주시 흥덕구 풍산로 36 (가경동),충청북도 청주시 흥덕구 가경동 1453-1,36.62646896,127.434516,약국 내,,043-201-3333,2025-06-25,5710000,충청북도 청주시
가경대왕약국,충청북도,청주시 흥덕구,충청북도 청주시 흥덕구 서부로 1303 (가경동),충청북도 청주시 흥덕구 가경동 1704,36.61591175,127.4434164,약국 내,,043-201-3333,2025-06-25,5710000,충청북도 청주시
운천신봉동 행정복지센터,충청북도,청주시 흥덕구,충청북도 청주시 흥덕구 사운로 216 (운천동),충청북도 청주시 흥덕구 운천동 1565,36.64792144,127.4766226,1층 민원실,,043-201-3333,2025-06-25,5710000,충청북도 청주시
옥산면 행정복지센터,충청북도,청주시 흥덕구,충청북도 청주시 흥덕구 옥산면 옥산시내 1길 43,충청북도 청주시 흥덕구 옥산면 오산리 540-1,36.66478203,127.3759128,1층 민원실,,043-201-3333,2025-06-25,5710000,충청북도 청주시
오송읍 행정복지센터,충청북도,청주시 흥덕구,충청북도 청주시 흥덕구 오송읍 가로수로 174,충청북도 청주시 흥덕구 오송읍 오송리 203-2,36.60951322,127.3249358,1층 민원실,,043-201-3333,2025-06-25,5710000,충청북도 청주시
봉명2송정동 행정복지센터,충청북도,청주시 흥덕구,충청북도 청주시 흥덕구 주현로 41번길 18 (봉명동),충청북도 청주시 흥덕구 봉명동 1601,36.6447028,127.4578496,1층 민원실,,043-201-3333,2025-06-25,5710000,충청북도 청주시
봉명1동 행정복지센터,충청북도,청주시 흥덕구,충청북도 청주시 흥덕구 직지대로 620번길 70 (봉명동),충청북도 청주시 흥덕구 봉명동 210-7,36.64044959,127.4596226,1층 민원실,,043-201-3333,2025-06-25,5710000,충청북도 청주시
복대2동 행정복지센터,충청북도,청주시 흥덕구,충청북도 청주시 흥덕구 신율로 103번길 42 (복대동),충청북도 청주시 흥덕구 복대동 2010,36.62616946,127.4437706,1층 민원실,,043-201-3333,2025-06-25,5710000,충청북도 청주시
복대1동 행정복지센터,충청북도,청주시 흥덕구,충청북도 청주시 흥덕구 증안로 86 (복대동),충청북도 청주시 흥덕구 복대동 3028,36.63552674,127.4324929,1층 민원실,,043-201-3333,2025-06-25,5710000,충청북도 청주시
강서2동 행정복지센터,충청북도,청주시 흥덕구,충청북도 청주시 흥덕구 송화로108번길 95 (송절동),충청북도 청주시 흥덕구 송절동 838,36.66613691,127.4536804,1층 민원실,,043-201-3333,2025-06-25,5710000,충청북도 청주시
강서1동 행정복지센터,충청북도,청주시 흥덕구,충청북도 청주시 흥덕구 가로수로 1164 (강서동),충청북도 청주시 흥덕구 강서동 9-2,36.62667306,127.4260083,1층 민원실,,043-201-3333,2025-06-25,5710000,충청북도 청주시
강내면 행정복지센터,충청북도,청주시 흥덕구,충청북도 청주시 흥덕구 강내면 태성탑연로 433 (탑연리 304-1),충청북도 청주시 흥덕구 강내면 탑연리 304-1,36.62146617,127.3575041,1층 민원실,,043-201-3333,2025-06-25,5710000,충청북도 청주시
가경동 행정복지센터,충청북도,청주시 흥덕구,충청북도 청주시 흥덕구 풍년로 180번길 25-2 (가경동),충청북도 청주시 흥덕구 가경동 1076,36.62886362,127.4330332,1층 민원실,,043-201-3333,2025-06-25,5710000,충청북도 청주시
소로보건진료소,충청북도,청주시 흥덕구,충청북도 청주시 흥덕구 옥산면 소로1길 68,충청북도 청주시 흥덕구 옥산면 소로리 262-4,36.68770899,127.404599,1층 진료실,,043-201-3333,2025-06-25,5710000,충청북도 청주시
호죽보건진료소,충청북도,청주시 흥덕구,충청북도 청주시 흥덕구 옥산면 오산가좌로 432-4,충청북도 청주시 흥덕구 옥산면 호죽리 724-3,36.69732144,127.363065,1층 진료실,,043-201-3333,2025-06-25,5710000,충청북도 청주시
금계보건진료소,충청북도,청주시 흥덕구,충청북도 청주시 흥덕구 옥산면 금계2길 8,충청북도 청주시 흥덕구 옥산면 금계리 262-3,36.69116689,127.3456107,1층 진료실,,043-201-3333,2025-06-25,5710000,충청북도 청주시
태성보건진료소,충청북도,청주시 흥덕구,충청북도 청주시 흥덕구 강내면 태성2길 9-39,충청북도 청주시 흥덕구 강내면 태성리 288-5,36.58666005,127.3502972,1층 진료실,,043-201-3333,2025-06-25,5710000,충청북도 청주시
공북보건진료소,충청북도,청주시 흥덕구,충청북도 청주시 흥덕구 오송읍 정중연제로 641,충청북도 청주시 흥덕구 오송읍 공북리 339-1,36.64598977,127.3150884,1층 진료실,,043-201-3333,2025-06-25,5710000,충청북도 청주시
옥산보건지소,충청북도,청주시 흥덕구,충청북도 청주시 흥덕구 옥산면 옥산시내1길 45-9,충청북도 청주시 흥덕구 옥산면 가락리 737-7,36.66474531,127.3762703,1층 민원실,,043-201-3333,2025-06-25,5710000,충청북도 청주시
강내보건지소,충청북도,청주시 흥덕구,충청북도 청주시 흥덕구 강내면 태성탑연로 433 (탑연리 304-1),충청북도 청주시 흥덕구 강내면 탑연리 304-1,36.62146617,127.3575041,1층 민원실,,043-201-3333,2025-06-25,5710000,충청북도 청주시
오송생명과학단지 보건지소,충청북도,청주시 흥덕구,충청북도 청주시 흥덕구 오송읍 오송생명3로 67,충청북도 청주시 흥덕구 오송읍 연제리 709,36.63171928,127.3265843,1층 민원실,,043-201-3333,2025-06-25,5710000,충청북도 청주시
오송보건지소,충청북도,청주시 흥덕구,충청북도 청주시 흥덕구 오송읍 가로수로 174,충청북도 청주시 흥덕구 오송읍 오송리 203-2,36.60951322,127.3249358,1층 민원실,,043-201-3333,2025-06-25,5710000,충청북도 청주시
강서보건지소,충청북도,청주시 흥덕구,충청북도 청주시 흥덕구 비하로12번길 46,충청북도 청주시 흥덕구 비하동 792,36.6301698,127.426490,1층 민원실,,043-201-3333,2025-06-25,5710000,충청북도 청주시
흥덕보건소별관,충청북도,청주시 흥덕구,충청북도 청주시 상당구 대성로172번길 21,충청북도 청주시 상당구 수동 138-8,36.64123586,127.4929252,1층 민원실,,043-201-3333,2025-06-25,5710000,충청북도 청주시
흥덕보건소,충청북도,청주시 흥덕구,"충청북도 청주시 흥덕구 대농로 88, 흥덕보건소",충청북도 청주시 흥덕구 복대동 3402,36.64147861,127.4315238,1층 민원실,,043-201-3333,2025-06-25,5710000,충청북도 청주시
힘찬약국,충청북도,청주시 상당구,충청북도 청주시 상당구 월평로 190 (용암동),충청북도 청주시 상당구 용암동 1671,36.60957792,127.5051049,약국 내,,043-295-0557,2025-06-25,5710000,충청북도 청주시
활명당약국,충청북도,청주시 상당구,충청북도 청주시 상당구 가덕면 단재로 1406-3,충청북도 청주시 상당구 가덕면 병암리 238-11,36.57639201,127.5748221,약국 내,,043-297-9105,2025-06-25,5710000,충청북도 청주시
녹십자약국,경상남도,합천군,경상남도 합천군 합천읍 옥산로 69 1층,,35.56842252,128.1628364,약국 내,,055-930-4043,2025-07-23,5480000,경상남도 합천군
반포현대동궁아파트,서울특별시,서초구,서울특별시 서초구 사평대로 154 (반포4동),,37.50078850,127.00220090,,,,2025-07-31,3210000,서울특별시 서초구
서초구립 양재종합사회복지관,서울특별시,서초구,서울특별시 서초구 남부순환로 2610 양재종합사회복지관(양재동),,37.48452700,127.03616450,,,,2025-07-31,3210000,서울특별시 서초구
우면종합사회복지관,서울특별시,서초구,서울특별시 서초구 바우뫼로 43 바우뫼복지문화회관(우면동),,37.47174220,127.02690120,,,,2025-07-31,3210000,서울특별시 서초구
서초구립 중앙노인종합복지관,서울특별시,서초구,서울특별시 서초구 서초대로54길 45(서초동),,37.49232430,127.01681100,,,,2025-07-31,3210000,서울특별시 서초구
서초구립 방배노인종합복지관,서울특별시,서초구,서울특별시 서초구 방배천로 48 (방배동),,37.48076740,126.98278690,,,,2025-07-31,3210000,서울특별시 서초구
서초구립 양재노인종합복지관,서울특별시,서초구,서울특별시 서초구 강남대로30길 73-7(양재동),,37.48302000,127.04081600,,,,2025-07-31,3210000,서울특별시 서초구
내곡동 주민센터,서울특별시,서초구,"서울특별시 서초구 청계산로15길 77, 내곡열린문화센터(신원동)",,37.44935830,127.05831430,,,,2025-07-31,3210000,서울특별시 서초구
양재2동 주민센터,서울특별시,서초구,서울특별시 서초구 강남대로12길 44 (양재동),,37.47064500,127.04128290,,,,2025-07-31,3210000,서울특별시 서초구
양재1동 주민센터,서울특별시,서초구,서울특별시 서초구 바우뫼로 41 (우면동),,37.47167110,127.02666880,,,,2025-07-31,3210000,서울특별시 서초구
방배4동 주민센터,서울특별시,서초구,서울특별시 서초구 방배로 173 (방배동),,37.48900760,126.99224240,,,,2025-07-31,3210000,서울특별시 서초구
방배3동 주민센터,서울특별시,서초구,서울특별시 서초구 방배로 40 (방배동),,37.47843880,126.99999660,,,,2025-07-31,3210000,서울특별시 서초구
방배2동 주민센터,서울특별시,서초구,서울특별시 서초구 청두곶길 36 (방배동),,37.47977260,126.98555960,,,,2025-07-31,3210000,서울특별시 서초구
방배1동 주민센터,서울특별시,서초구,서울특별시 서초구 효령로29길 43 (방배동),,37.48336170,126.99451390,,,,2025-07-31,3210000,서울특별시 서초구
방배본동 주민센터,서울특별시,서초구,서울특별시 서초구 동광로19길 38 (방배동),,37.49414870,126.98884700,,,,2025-07-31,3210000,서울특별시 서초구
반포4동 주민센터,서울특별시,서초구,서울특별시 서초구 사평대로28길 70 (반포동),,37.49748590,127.00032860,,,,2025-07-31,3210000,서울특별시 서초구
반포3동 주민센터,서울특별시,서초구,"서울특별시 서초구 신반포로23길 78, 지하주차장(반포동, 반포3동주민센터)",,37.51204800,127.00560870,,,,2025-07-31,3210000,서울특별시 서초구
반포2동 주민센터,서울특별시,서초구,서울특별시 서초구 신반포로15길 16(반포동),,37.50458540,126.99447170,,,,2025-07-31,3210000,서울특별시 서초구
반포1동 주민센터,서울특별시,서초구,서울특별시 서초구 사평대로 273 (반포동),,37.50509400,127.01337860,,,,2025-07-31,3210000,서울특별시 서초구
반포본동 주민센터,서울특별시,서초구,서울특별시 서초구 신반포로 23 (반포동),,37.50174710,126.98723180,,,,2025-07-31,3210000,서울특별시 서초구
잠원동 주민센터,서울특별시,서초구,서울특별시 서초구 나루터로 38 (잠원동),,37.51496810,127.01398210,,,,2025-07-31,3210000,서울특별시 서초구
대신약국,충청북도,청주시 흥덕구,충청북도 청주시 흥덕구 사직대로 78-1  (복대동),충청북도 청주시 흥덕구 복대동 903-10,36.63441924,127.456103,약국 내,,043-201-3333,2025-06-25,5710000,충청북도 청주시
대경약국,충청북도,청주시 흥덕구,충청북도 청주시 흥덕구 복대로 165 (복대동),충청북도 청주시 흥덕구 복대동 975-6,36.63128145,127.4406254,약국 내,,043-201-3333,2025-06-25,5710000,충청북도 청주시
당전약국,충청북도,청주시 흥덕구,충청북도 청주시 흥덕구 풍산로 142 (복대동),충청북도 청주시 흥덕구 복대동 1484,36.62867631,127.4454881,약국 내,,043-201-3333,2025-06-25,5710000,충청북도 청주시
다솔약국,충청북도,청주시 흥덕구,"충청북도 청주시 흥덕구 오송읍 오송생명로 202, 102호",충청북도 청주시 흥덕구 오송읍 만수리 522,36.63057612,127.3311797,약국 내,,043-201-3333,2025-06-25,5710000,충청북도 청주시
늘푸른약국,충청북도,청주시 흥덕구,충청북도 청주시 흥덕구 오송읍 서평길 26-3,충청북도 청주시 흥덕구 오송읍 서평리 619-4,36.58635514,127.3186163,약국 내,,043-201-3333,2025-06-25,5710000,충청북도 청주시
뉴서울약국,충청북도,청주시 흥덕구,"충청북도 청주시 흥덕구 풍산로 40, 102호 (가경동)",충청북도 청주시 흥덕구 가경동 1453-4,36.62669035,127.4351386,약국 내,,043-201-3333,2025-06-25,5710000,충청북도 청주시
나은약국,충청북도,청주시 흥덕구,"충청북도 청주시 흥덕구 옥산면 오송가락로 1061, 파워프라자 107호",충청북도 청주시 흥덕구 옥산면 가락리 976,36.67618627,127.3891444,약국 내,,043-201-3333,2025-06-25,5710000,충청북도 청주시
광혜당약국,충청북도,청주시 흥덕구,충청북도 청주시 흥덕구 풍산로 6 (가경동),충청북도 청주시 흥덕구 가경동 1449,36.62532793,127.4316927,약국 내,,043-201-3333,2025-06-25,5710000,충청북도 청주시
경희본한약국,충청북도,청주시 흥덕구,"충청북도 청주시 흥덕구 가경로 192, 가경형석2차아파트 상가동 101호 (가경동)",충청북도 청주시 흥덕구 가경동 766,36.63188513,127.4364111,약국 내,,043-201-3333,2025-06-25,5710000,충청북도 청주시
강서열린약국,충청북도,청주시 흥덕구,"충청북도 청주시 흥덕구 2순환로 1234, 1층 102호 (강서동)","충청북도 청주시 흥덕구 강서동 475, 1층 102호",36.62586341,127.4297912,약국 내,,043-201-3333,2025-06-25,5710000,충청북도 청주시
대병면사무소,경상남도,합천군,경상남도 합천군 대병면 신성동길 23,,35.52143588,128.0147089,건물 옆,,055-930-3303,2025-07-23,5480000,경상남도 합천군
가회면사무소,경상남도,합천군,경상남도 합천군 가회면 황매산로 52,,35.4351952,128.0336797,건물 옆,,055-930-3303,2025-07-23,5480000,경상남도 합천군
삼가면사무소,경상남도,합천군,경상남도 합천군 삼가면 삼가중앙2길 12-8,,35.41415276,128.1217706,건물 옆,,055-930-3303,2025-07-23,5480000,경상남도 합천군
쌍백면사무소,경상남도,합천군,경상남도 합천군 쌍백면 쌍백중앙로 63,,35.44129464,128.1454056,건물 옆,,055-930-3303,2025-07-23,5480000,경상남도 합천군
대양면사무소,경상남도,합천군,경상남도 합천군 대양면 대한로 5,,35.51669391,128.1742522,건물 옆,,055-930-3303,2025-07-23,5480000,경상남도 합천군
적중면사무소,경상남도,합천군,경상남도 합천군 적중면 적중로 98,,35.54758568,128.2785685,건물 옆,,055-930-3303,2025-07-23,5480000,경상남도 합천군
청덕면사무소,경상남도,합천군,경상남도 합천군 청덕면 동부로 1754,,35.55937585,128.3217734,건물 옆,,055-930-3303,2025-07-23,5480000,경상남도 합천군
덕곡면사무소,경상남도,합천군,경상남도 합천군 덕곡면 율지2길 11,,35.61516422,128.3591203,건물 옆,,055-930-3303,2025-07-23,5480000,경상남도 합천군
쌍책면사무소,경상남도,합천군,경상남도 합천군 쌍책면 성산큰길 48,,35.57596155,128.282253,건물 옆,,055-930-3303,2025-07-23,5480000,경상남도 합천군
초계면사무소,경상남도,합천군,경상남도 합천군 초계면 초계중앙로 45,,35.55959477,128.2654614,건물 옆,,055-930-3303,2025-07-23,5480000,경상남도 합천군
율곡면사무소,경상남도,합천군,경상남도 합천군 율곡면 영전3길 26,,35.57235489,128.218008,건물 옆,,055-930-3303,2025-07-23,5480000,경상남도 합천군
야로면사무소,경상남도,합천군,경상남도 합천군 야로면 향교길 20,,35.70521712,128.1676253,건물 옆,,055-930-3303,2025-07-23,5480000,경상남도 합천군
가야면사무소,경상남도,합천군,경상남도 합천군 가야면 가야시장로 92,,35.7629134,128.1393147,건물 옆,,055-930-3303,2025-07-23,5480000,경상남도 합천군
묘산면사무소,경상남도,합천군,경상남도 합천군 묘산면 묘산로 173-1,,35.6582393,128.1128559,건물 옆,,055-930-3303,2025-07-23,5480000,경상남도 합천군
봉산면사무소,경상남도,합천군,경상남도 합천군 봉산면 김봉길 17,,35.62612479,128.0418334,건물 옆,,055-930-3303,2025-07-23,5480000,경상남도 합천군
합천읍사무소,경상남도,합천군,경상남도 합천군 합천읍 중앙로 61,,35.56582425,128.1578226,건물 옆,,055-930-3303,2025-07-23,5480000,경상남도 합천군
합천약국,경상남도,합천군,경상남도 합천군 합천읍 충효로4길 4,,35.56632498,128.1608574,약국 내,,055-930-4043,2025-07-23,5480000,경상남도 합천군
중앙프라자약국,경상남도,합천군,경상남도 합천군 합천읍 충효로 75,,35.56721717,128.1609916,약국 내,,055-930-4043,2025-07-23,5480000,경상남도 합천군
연초면사무소,경상남도,거제시,경상남도 거제시 연초면 죽토로 11,경상남도 거제시 연초면 죽토리 781-1,34.91459362,128.6565239,,,055-639-4815,2025-07-22,5370000,경상남도 거제시
사등면사무소,경상남도,거제시,경상남도 거제시 사등면 성포로 104,경상남도 거제시 사등면 성포리 372-8,34.91891598,128.5222554,,,055-639-4815,2025-07-22,5370000,경상남도 거제시
둔덕면사무소,경상남도,거제시,경상남도 거제시 둔덕면 거제남서로 4620,경상남도 거제시 둔덕면 하둔리 365-64,34.8368124,128.5049076,,,055-639-4815,2025-07-22,5370000,경상남도 거제시
거제면사무소,경상남도,거제시,경상남도 거제시 거제면 서상길 1,경상남도 거제시 거제면 서상리 298-1,34.8510014,128.5904175,,,055-639-4815,2025-07-22,5370000,경상남도 거제시
남부면사무소,경상남도,거제시,경상남도 거제시 남부면 남부해안로 30,경상남도 거제시 남부면 저구리 70,34.73224984,128.6101227,,,055-639-4815,2025-07-22,5370000,경상남도 거제시
동부면사무소,경상남도,거제시,경상남도 거제시 동부면 동부로 16,경상남도 거제시 동부면 산양리 356-2,34.82160837,128.6081181,,,055-639-4815,2025-07-22,5370000,경상남도 거제시
일운면사무소,경상남도,거제시,경상남도 거제시 일운면 지세포4길 7,경상남도 거제시 일운면 지세포리 926-2,34.82956315,128.7034165,,,055-639-4815,2025-07-22,5370000,경상남도 거제시
외포보건진료소,경상남도,거제시,경상남도 거제시 장목면 외포4길 12,경상남도 거제시 장목면 외포리 918-3,34.94326291,128.7152603,,,055-639-4815,2025-07-22,5370000,경상남도 거제시
구영보건진료소,경상남도,거제시,경상남도 거제시 장목면 거제북로 1918-1,경상남도 거제시 장목면 구영리 306-1,35.03009364,128.6966089,,,055-639-4815,2025-07-22,5370000,경상남도 거제시
덕곡보건진료소,경상남도,거제시,경상남도 거제시 하청면 덕곡3길 5,경상남도 거제시 하청면 덕곡리 571-3,34.96135538,128.6188994,,,055-639-4815,2025-07-22,5370000,경상남도 거제시
명동보건진료소,경상남도,거제시,경상남도 거제시 연초면 대금산로 386,경상남도 거제시 연초면 명동리 192-31,34.95044086,128.682311,,,055-639-4815,2025-07-22,5370000,경상남도 거제시
한내보건진료소,경상남도,거제시,경상남도 거제시 연초면 연하해안로 796,경상남도 거제시 연초면 한내리 546-2,34.93154124,128.602025,,,055-639-4815,2025-07-22,5370000,경상남도 거제시
가조보건진료소,경상남도,거제시,경상남도 거제시 사등면 가조로 1298,경상남도 거제시 사등면 창호리 777,34.95767217,128.5206391,,,055-639-4815,2025-07-22,5370000,경상남도 거제시
화도보건진료소,경상남도,거제시,경상남도 거제시 둔덕면 화도길 139,경상남도 거제시 둔덕면 술역리 906-1,34.82787932,128.4722327,,,055-639-4815,2025-07-22,5370000,경상남도 거제시
산달보건진료소,경상남도,거제시,경상남도 거제시 거제면 산달1길 15-8,경상남도 거제시 거제면 법동리 240-1,34.8159412,128.5343856451,,,055-639-4815,2025-07-22,5370000,경상남도 거제시
가배보건진료소,경상남도,거제시,경상남도 거제시 동부면 거제남서로 2269,경상남도 거제시 동부면 가배리 247-15,34.78500052,128.5692244,,,055-639-4815,2025-07-22,5370000,경상남도 거제시
학동보건진료소,경상남도,거제시,경상남도 거제시 동부면 거제중앙로 21,경상남도 거제시 동부면 학동리 268-5,34.77677974,128.6401048,,,055-639-4815,2025-07-22,5370000,경상남도 거제시
망치보건진료소,경상남도,거제시,경상남도 거제시 일운면 망치2길 12,경상남도 거제시 일운면 망치리 353-1,34.81250091,128.6655886,,,055-639-4815,2025-07-22,5370000,경상남도 거제시
구조라보건진료소,경상남도,거제시,경상남도 거제시 일운면 구조라로 22,경상남도 거제시 일운면 구조라리 42-14,34.80670933,128.6953529,,,055-639-4815,2025-07-22,5370000,경상남도 거제시
거제면보건지소,경상남도,거제시,경상남도 거제시 거제면 읍내로7길 23,경상남도 거제시 거제면 남동리 29-209,34.84768758,128.5910008,,,055-639-4815,2025-07-22,5370000,경상남도 거제시
칠천보건지소,경상남도,거제시,경상남도 거제시 하청면 칠천로 274,경상남도 거제시 하청면 연구리 371-5,34.98027188,128.6311553,,,055-639-4815,2025-07-22,5370000,경상남도 거제시
장목면보건지소,경상남도,거제시,경상남도 거제시 장목면 거제북로 1195,경상남도 거제시 장목면 장목리 305-2,34.98964585,128.6817379,,,055-639-4815,2025-07-22,5370000,경상남도 거제시
하청면보건지소,경상남도,거제시,경상남도 거제시 하청면 하청로 12-9,경상남도 거제시 하청면 하청리 662-1,34.95515902,128.6556159,,,055-639-4815,2025-07-22,5370000,경상남도 거제시
연초면보건지소,경상남도,거제시,경상남도 거제시 연초면 죽토로 11,경상남도 거제시 연초면 죽토리 781-1,34.91459362,128.6565239,,,055-639-4815,2025-07-22,5370000,경상남도 거제시
사등면보건지소,경상남도,거제시,경상남도 거제시 사등면 성포로 104-1,경상남도 거제시 사등면 성포리 372-8,34.91857836,128.5226723,,,055-639-4815,2025-07-22,5370000,경상남도 거제시
둔덕면보건지소,경상남도,거제시,경상남도 거제시 둔덕면 거제남서로 4606,경상남도 거제시 둔덕면 하둔리 365-38,34.83769065,128.5061362,,,055-639-4815,2025-07-22,5370000,경상남도 거제시
남부면보건지소,경상남도,거제시,경상남도 거제시 남부면 저구1길 37-1,경상남도 거제시 남부면 저구리 17-4,34.73073195,128.6077563,,,055-639-4815,2025-07-22,5370000,경상남도 거제시
동부면보건지소,경상남도,거제시,경상남도 거제시 동부면 동부로2길 21-1,경상남도 거제시 동부면 산양리 363,34.82206253,128.607218,,,055-639-4815,2025-07-22,5370000,경상남도 거제시
일운면보건지소,경상남도,거제시,경상남도 거제시 일운면 지세포해안로 105,경상남도 거제시 일운면 지세포리 931-60,34.82931225,128.7064241,,,055-639-4815,2025-07-22,5370000,경상남도 거제시
거제시보건소,경상남도,거제시,경상남도 거제시 수양로 506,경상남도 거제시 양정동 981-2,34.891908283,128.6371173092,,,055-639-4815,2025-07-22,5370000,경상남도 거제시
용주면사무소,경상남도,합천군,경상남도 합천군 용주면 황계폭포로 1154,,35.54057272,128.113549,건물 옆,,055-930-3303,2025-07-23,5480000,경상남도 합천군
신흥경로당,전라남도,강진군,전라남도 강진군 신전면 신흥길 54,전라남도 강진군 신전면 용화리 857-22,34.47768053,126.6928736,,,,2025-09-10,4920000,전라남도 강진군
서구보건소(1층),인천광역시,서구,인천광역시 서구 탁옥로 39 (심곡동),,37.5444421736,126.673909155,보건소 내 1층,,032-718-0425,2025-07-11,3560000,인천광역시 서구
서구청(민원실),인천광역시,서구,인천광역시 서구 서곶로 307 (심곡동),,37.5450349947,126.6755978194,청사 내 1층,,032-718-0425,2025-07-11,3560000,인천광역시 서구
광혜원LH 2단지 아파트,충청북도,진천군,충청북도 진천군 광혜원면 화랑길 29,충청북도 진천군 광혜원면 광혜원리 1092,36.99386924,127.4401755,관리사무소 앞,,043-539-3464,2025-07-15,4450000,충청북도 진천군
코아루 아파트,충청북도,진천군,충청북도 진천군 광혜원면 구암길 11,충청북도 진천군 광혜원면 광혜원리 1085,36.98987998,127.4368402,관리사무소 앞,,043-539-3464,2025-07-15,4450000,충청북도 진천군
해성포레가 아파트,충청북도,진천군,충청북도 진천군 광혜원면 화랑길 64-14,충청북도 진천군 광혜원면 실원리 650,36.99642909,127.4371328,관리사무소 앞,,043-539-3464,2025-07-15,4450000,충청북도 진천군
영무예다음 2차 아파트,충청북도,진천군,충청북도 진천군 덕산읍 대하로 195,충청북도 진천군 덕산읍 두촌리 2456,36.90641562,127.5397169,관리사무소 앞,,043-539-3464,2025-07-15,4450000,충청북도 진천군
영무예다음 1차 아파트,충청북도,진천군,충청북도 진천군 덕산읍 대하로 87,충청북도 진천군 덕산읍 두촌리 2718,36.90234832,127.5304277,관리사무소 앞,,043-539-3464,2025-07-15,4450000,충청북도 진천군
아모리움내안에 아파트,충청북도,진천군,충청북도 진천군 덕산읍 대하로 114,충청북도 진천군 덕산읍 두촌리 3148,36.90137518,127.5336793,관리사무소 앞,,043-539-3464,2025-07-15,4450000,충청북도 진천군
천년나무 7단지 아파트,충청북도,진천군,충청북도 진천군 덕산읍 연미로 131,충청북도 진천군 덕산읍 두촌리 2402,36.90586974,127.5296264,관리사무소 앞,,043-539-3464,2025-07-15,4450000,충청북도 진천군
천년나무 4단지 아파트,충청북도,진천군,충청북도 진천군 덕산읍 연미로 87,충청북도 진천군 덕산읍 두촌리 2494,36.90408296,127.5280309,관리사무소 앞,,043-539-3464,2025-07-15,4450000,충청북도 진천군
리슈빌 아파트,충청북도,진천군,충청북도 진천군 덕산읍 연미로 128,충청북도 진천군 덕산읍 두촌리 2487,36.90593331,127.5312913,관리사무소 앞,,043-539-3464,2025-07-15,4450000,충청북도 진천군
센텀클래스 아파트,충청북도,진천군,충청북도 진천군 덕산읍 연미로 63,충청북도 진천군 덕산읍 두촌리 3149,36.90113846,127.5259856,관리사무소 앞,,043-539-3464,2025-07-15,4450000,충청북도 진천군
우미린 아파트,충청북도,진천군,충청북도 진천군 덕산읍 대하로 150,충청북도 진천군 덕산읍 두촌리 3147,36.90374654,127.5365871,관리사무소 앞,,043-539-3464,2025-07-15,4450000,충청북도 진천군
동일하이빌 아파트,충청북도,진천군,충청북도 진천군 덕산읍 대하로 194,충청북도 진천군 덕산읍 두촌리 3145,36.9047677,127.5397949,관리사무소 앞,,043-539-3464,2025-07-15,4450000,충청북도 진천군
모아엘가 아파트,충청북도,진천군,충청북도 진천군 덕산읍 대월로 127,충청북도 진천군 덕산읍 두촌리 3146,36.90451579,127.5430156,관리사무소 앞,,043-539-3464,2025-07-15,4450000,충청북도 진천군
벽암휴먼시아 아파트,충청북도,진천군,충청북도 진천군 진천읍 문화로 237-19,충청북도 진천군 진천읍 벽암리 581,36.86095724,127.4372034,관리사무소 앞,,043-539-3464,2025-07-15,4450000,충청북도 진천군
교성주공 아파트,충청북도,진천군,충청북도 진천군 진천읍 중앙서로 89,,36.85148864,127.4413876,관리사무소 앞,,043-539-3464,2025-07-15,4450000,충청북도 진천군
대명루첸 아파트,충청북도,진천군,충청북도 진천군 진천읍 문화2길 36,,36.85200795,127.4459957,관리사무소 앞,,043-539-3464,2025-07-15,4450000,충청북도 진천군
거제시청,경상남도,거제시,경상남도 거제시 계룡로 125,경상남도 거제시 고현동 717,34.8805275537,128.6208152383,,,055-639-4815,2025-07-22,5370000,경상남도 거제시
수양동주민센터,경상남도,거제시,경상남도 거제시 제산로5길 26,경상남도 거제시 양정동 665-1,34.88793916,128.6462711,,,055-639-4815,2025-07-22,5370000,경상남도 거제시
상문동주민센터,경상남도,거제시,경상남도 거제시 거제중앙로 1641,경상남도 거제시 상동동 167-11,34.86805679,128.6378538,,,055-639-4815,2025-07-22,5370000,경상남도 거제시
고현동주민센터,경상남도,거제시,경상남도 거제시 거제중앙로13길 24,경상남도 거제시 고현동 694,34.8825561,128.6231419,,,055-639-4815,2025-07-22,5370000,경상남도 거제시
장평동주민센터,경상남도,거제시,경상남도 거제시 장평3로 10,경상남도 거제시 장평동 174,34.88944152,128.6094016,,,055-639-4815,2025-07-22,5370000,경상남도 거제시
옥포2동주민센터,경상남도,거제시,경상남도 거제시 옥포로25길 20,경상남도 거제시 옥포동 1291-7,34.89664033,128.6875957,,,055-639-4815,2025-07-22,5370000,경상남도 거제시
옥포1동주민센터,경상남도,거제시,경상남도 거제시 옥포로2길 7,경상남도 거제시 옥포동 1980,34.89012116,128.6960165,,,055-639-4815,2025-07-22,5370000,경상남도 거제시
아주동주민센터,경상남도,거제시,경상남도 거제시 탑곡로 73,경상남도 거제시 아주동 290,34.8624407065,128.6910752814,,,055-639-4815,2025-07-22,5370000,경상남도 거제시
능포동주민센터,경상남도,거제시,경상남도 거제시 능포로 182,경상남도 거제시 능포동 401-4,34.87917769,128.7345692,,,055-639-4815,2025-07-22,5370000,경상남도 거제시
장승포동주민센터,경상남도,거제시,경상남도 거제시 장승로 146-25,경상남도 거제시 장승포동 702-3,34.86737347,128.7271756,,,055-639-4815,2025-07-22,5370000,경상남도 거제시
장목면사무소,경상남도,거제시,경상남도 거제시 장목면 장동1길 46-1,경상남도 거제시 장목면 장목리 247-1,34.98659231,128.6823826,,,055-639-4815,2025-07-22,5370000,경상남도 거제시
하청면사무소,경상남도,거제시,경상남도 거제시 하청면 하청로 12-7,경상남도 거제시 하청면 하청리 660-1,34.95533335,128.6551977,,,055-639-4815,2025-07-22,5370000,경상남도 거제시
랑동경로당,전라남도,강진군,전라남도 강진군 성전면 송계로 793,전라남도 강진군 성전면 성전리 544-2,34.68402351,126.7162565,,,,2025-09-10,4920000,전라남도 강진군
오류왕길동 행정복지센터,인천광역시,서구,인천광역시 서구 봉화로 42 (왕길동),,37.5970162597,126.6376311395,행정복지센터 민원실 내,,032-718-0425,2025-07-11,3560000,인천광역시 서구
당하동 행정복지센터,인천광역시,서구,인천광역시 서구 청마로167번길 19 (당하동),,37.59210015,126.6746299,행정복지센터 민원실 내,,032-718-0425,2025-07-11,3560000,인천광역시 서구
원당동 행정복지센터,인천광역시,서구,인천광역시 서구 고산로 24 (원당동),,37.59508062,126.7017079,행정복지센터 민원실 내,,032-718-0425,2025-07-11,3560000,인천광역시 서구
불로대곡동 행정복지센터,인천광역시,서구,인천광역시 서구 검단로 814 (불로동),,37.6170905877,126.6889494671,행정복지센터 민원실 내,,032-718-0425,2025-07-11,3560000,인천광역시 서구
검단동 행정복지센터,인천광역시,서구,인천광역시 서구 검단로529번길 14 (마전동),,37.6050864088,126.6618003349,행정복지센터 민원실 내,,032-718-0425,2025-07-11,3560000,인천광역시 서구
가좌4동 행정복지센터,인천광역시,서구,인천광역시 서구 장고개로280번길 14 (가좌동),,37.48748624,126.683403,행정복지센터 민원실 내,,032-718-0425,2025-07-11,3560000,인천광역시 서구
가좌3동 행정복지센터,인천광역시,서구,인천광역시 서구 원적로57번길 4 (가좌동),,37.49250983,126.6800417,행정복지센터 민원실 내,,032-718-0425,2025-07-11,3560000,인천광역시 서구
가좌2동 행정복지센터,인천광역시,서구,인천광역시 서구 장고개로309번길 4 (가좌동),,37.4908384163,126.6848480766,행정복지센터 민원실 내,,032-718-0425,2025-07-11,3560000,인천광역시 서구
가좌1동 행정복지센터,인천광역시,서구,인천광역시 서구 가정로112번길 10 (가좌동),,37.4943438538,126.6725870547,행정복지센터 민원실 내,,032-718-0425,2025-07-11,3560000,인천광역시 서구
석남3동 행정복지센터,인천광역시,서구,인천광역시 서구 서달로 107 (석남동),,37.5082024538,126.6782988969,행정복지센터 민원실 내,,032-718-0425,2025-07-11,3560000,인천광역시 서구
석남2동 행정복지센터,인천광역시,서구,인천광역시 서구 거북로 116 (석남동),,37.50250466,126.6746007,행정복지센터 민원실 내,,032-718-0425,2025-07-11,3560000,인천광역시 서구
석남1동 행정복지센터,인천광역시,서구,인천광역시 서구 가정로294번길 17 (석남동),,37.51118634,126.6747608,행정복지센터 민원실 내,,032-718-0425,2025-07-11,3560000,인천광역시 서구
신현원창동 행정복지센터,인천광역시,서구,인천광역시 서구 가정로335번길 3 (신현동),,37.51460915,126.6722848,행정복지센터 민원실 내,,032-718-0425,2025-07-11,3560000,인천광역시 서구
가정3동 행정복지센터,인천광역시,서구,인천광역시 서구 서달로179번길 12-16 (가정동),,37.5155467864,126.6778384502,행정복지센터 민원실 내,,032-718-0425,2025-07-11,3560000,인천광역시 서구
가정2동 행정복지센터,인천광역시,서구,인천광역시 서구 서곶로 100 (가정동),,37.5219556542,126.6765081795,행정복지센터 민원실 내,,032-718-0425,2025-07-11,3560000,인천광역시 서구
가정1동 행정복지센터,인천광역시,서구,인천광역시 서구 가정로406번길 25 (가정동),,37.5219556542,126.6765081795,행정복지센터 민원실 내,,032-718-0425,2025-07-11,3560000,인천광역시 서구
청라3동 행정복지센터,인천광역시,서구,인천광역시 서구 청라한내로 89,,37.53326683,126.6270035,행정복지센터 민원실 내,,032-718-0425,2025-07-11,3560000,인천광역시 서구
청라2동 행정복지센터,인천광역시,서구,인천광역시 서구 청라커낼로 269 (청라동),,37.5326419426,126.6441485787,행정복지센터 민원실 내,,032-718-0425,2025-07-11,3560000,인천광역시 서구
청라1동 행정복지센터,인천광역시,서구,인천광역시 서구 청라라임로 58 (청라동),,37.5326616074,126.6537341334,행정복지센터 민원실 내,,032-718-0425,2025-07-11,3560000,인천광역시 서구
연희동 행정복지센터,인천광역시,서구,인천광역시 서구 간촌로 12 (연희동),,37.5489905508,126.678234692,행정복지센터 민원실 내,,032-718-0425,2025-07-11,3560000,인천광역시 서구
검암경서동 행정복지센터,인천광역시,서구,인천광역시 서구 승학로 480 (검암동),,37.5644180729,126.6736016147,행정복지센터 민원실 내,,032-718-0425,2025-07-11,3560000,인천광역시 서구
검단행정과,인천광역시,서구,인천광역시 서구 검단로502번길 15 (마전동),,37.60196626,126.6616316,검단행정과 내,,032-718-0425,2025-07-11,3560000,인천광역시 서구
가재울건강생활지원센터,인천광역시,서구,인천광역시 서구 여우재로82번길 9 (가좌동),,37.4864513271,126.6887435356,건강생활지원센터 내,,032-718-0425,2025-07-11,3560000,인천광역시 서구
가정신현원창건강생활지원센터,인천광역시,서구,,인천광역시 서구 가정동 490-13,37.5213283842,126.6760819415,건강생활지원센터 내,,032-718-0425,2025-07-11,3560000,인천광역시 서구
검단건강생활지원센터,인천광역시,서구,인천광역시 서구 완정로 214 (금곡동),,37.60359312,126.6529572,건강생활지원센터 내,,032-718-0425,2025-07-11,3560000,인천광역시 서구
가좌건강생활지원센터,인천광역시,서구,인천광역시 서구 건지로284번길 60 (가좌동),,37.4939298223,126.6730350758,건강생활지원센터 내,,032-718-0425,2025-07-11,3560000,인천광역시 서구
석남건강생활지원센터,인천광역시,서구,인천광역시 서구 길주로 79 (석남동),,37.50676483,126.670879,건강생활지원센터 내,,032-718-0425,2025-07-11,3560000,인천광역시 서구
완정건강생활지원센터,인천광역시,서구,"인천광역시 서구 청마로167번길 19, 2층 (당하동)",,37.59210015,126.6746299,건강생활지원센터 내,,032-718-0425,2025-07-11,3560000,인천광역시 서구
정신건강복지센터,인천광역시,서구,"인천광역시 서구 탁옥로 39, 4층 (심곡동)",,37.5444421736,126.673909155,정신건강복지센터 내,,032-718-0425,2025-07-11,3560000,인천광역시 서구
서구치매안심센터,인천광역시,서구,"인천광역시 서구 봉오재3로94번길 11, 5층 (가정동)",,37.52682789,126.6704777,치매센터 내,,032-718-0425,2025-07-11,3560000,인천광역시 서구
세브란스약국,전라남도,순천시,"전라남도 순천시 이수로 315, 1층 (조례동)",,34.9538186436,127.5181642460,,,061-749-6827,2024-12-04,4820000,전라남도 순천시
하나로약국,전라남도,순천시,"전라남도 순천시 연향중앙상가길 29, 1층 (연향동)",,34.9510461772,127.5201276671,,,061-749-6827,2024-12-04,4820000,전라남도 순천시
순천새미래약국,전라남도,순천시,"전라남도 순천시 팔마로 3, 1층 (장천동, 삼익빌딩)",,34.9469671369,127.4887708196,,,061-749-6827,2024-12-04,4820000,전라남도 순천시
대학약국,전라남도,순천시,"전라남도 순천시 중앙로 314, 1층 (가곡동)",,34.9735976568,127.4828155388,,,061-749-6827,2024-12-04,4820000,전라남도 순천시
키다리약국,전라남도,순천시,"전라남도 순천시 해룡면 매안로 145, 101B호",,34.9355737135,127.5498546096,,,061-749-6827,2024-12-04,4820000,전라남도 순천시
힘찬약국,전라남도,순천시,"전라남도 순천시 용당삼산로 11, 1층 (용당동)",,34.9728414456,127.4898435855,,,061-749-6827,2024-12-04,4820000,전라남도 순천시
도담약국,전라남도,순천시,"전라남도 순천시 장선배기1길 9, 1층 (조례동)",,34.9533772646,127.5221574734,,,061-749-6827,2024-12-04,4820000,전라남도 순천시
달달약국,전라남도,순천시,"전라남도 순천시 용당삼산로 17, 1층 103호 (용당동)",,34.9733684416,127.4896801347,,,061-749-6827,2024-12-04,4820000,전라남도 순천시
하늘빛약국,전라남도,순천시,"전라남도 순천시 조례1길 10-27, 1층 (조례동)",,34.9596292076,127.5219915090,,,061-749-6827,2024-12-04,4820000,전라남도 순천시
하하약국,전라남도,순천시,"전라남도 순천시 해룡면 향매로 135, 금화빌딩 101호",,34.9326454462,127.5540912131,,,061-749-6827,2024-12-04,4820000,전라남도 순천시
모아약국,전라남도,순천시,전라남도 순천시 해룡면 순광로 224,,34.9631432716,127.5430314284,,,061-749-6827,2024-12-04,4820000,전라남도 순천시
튼튼약국,전라남도,순천시,"전라남도 순천시 이수로 319, 1층 (조례동)",,34.9539100565,127.5185624537,,,061-749-6827,2024-12-04,4820000,전라남도 순천시
가곡우리약국,전라남도,순천시,전라남도 순천시 고지1길 4(가곡동),,34.9801568061,127.4845534964,,,061-749-6827,2024-12-04,4820000,전라남도 순천시
사랑약국,전라남도,순천시,"전라남도 순천시 해룡면 신대4길 4-25, 1층",,34.9338229193,127.5520729613,,,061-749-6827,2024-12-04,4820000,전라남도 순천시
미소큰약국,전라남도,순천시,전라남도 순천시 조례1길 10-21(조례동),,34.9596175113,127.5223848248,,,061-749-6827,2024-12-04,4820000,전라남도 순천시
보리약국,전라남도,순천시,"전라남도 순천시 중앙5길 5, 보리약국 (장천동)",,34.9520208325,127.4845359914,,,061-749-6827,2024-12-04,4820000,전라남도 순천시
알파약국,전라남도,순천시,전라남도 순천시 해룡면 지봉로 372-1,,34.9467011589,127.5340083647,,,061-749-6827,2024-12-04,4820000,전라남도 순천시
원약국,전라남도,순천시,전라남도 순천시 팔마로 211 (덕암동),,34.9409961125,127.5097200422,,,061-749-6827,2024-12-04,4820000,전라남도 순천시
희망약국,전라남도,순천시,"전라남도 순천시 백강로 367, 1층 (조례동)",,34.9662855140,127.5209197045,,,061-749-6827,2024-12-04,4820000,전라남도 순천시
오천그린약국,전라남도,순천시,"전라남도 순천시 남산로 46, 2층 1호 (남정동)",,34.9389519738,127.4926974467,,,061-749-6827,2024-12-04,4820000,전라남도 순천시
로타리약국,전라남도,순천시,전라남도 순천시 북문길 1 (매곡동),,34.9574867438,127.4845939980,,,061-749-6827,2024-12-04,4820000,전라남도 순천시
한마음약국,전라남도,순천시,"전라남도 순천시 장선배기1길 9-4, 1층 (조례동)",,34.9536065609,127.5220559070,,,061-749-6827,2024-12-04,4820000,전라남도 순천시
건강드림약국,전라남도,순천시,전라남도 순천시 순광로 14 (조례동),,34.9545984120,127.5229207476,,,061-749-6827,2024-12-04,4820000,전라남도 순천시
바른약국,전라남도,순천시,"전라남도 순천시 조례못등길 16, 금당빌딩 1층 (조례동)",,34.9542116545,127.5263794133,,,061-749-6827,2024-12-04,4820000,전라남도 순천시
순천종로약국,전라남도,순천시,"전라남도 순천시 신월큰길 1-4, 1층 (조례동)",,34.9604373025,127.5207921452,,,061-749-6827,2024-12-04,4820000,전라남도 순천시
국제약국,전라남도,순천시,"전라남도 순천시 중앙1길 4, 국제약국 1층 (장천동)",,34.9478051684,127.4877121596,,,061-749-6827,2024-12-04,4820000,전라남도 순천시
장천우리약국,전라남도,순천시,"전라남도 순천시 중앙로 14, 1층 (장천동)",,34.9480555620,127.4872653518,,,061-749-6827,2024-12-04,4820000,전라남도 순천시
중앙승주약국,전라남도,순천시,"전라남도 순천시 장명로 7, 1층 (장천동)",,34.9512270796,127.4846936750,,,061-749-6827,2024-12-04,4820000,전라남도 순천시
새하나약국,전라남도,순천시,"전라남도 순천시 팔마로 217, 1층 (덕암동)",,34.9403282259,127.5099477507,,,061-749-6827,2024-12-04,4820000,전라남도 순천시
가까운평화약국,전라남도,순천시,"전라남도 순천시 해룡면 순광로 234-9, 가동 1층 101호",,34.9636447948,127.5459626441,,,061-749-6827,2024-12-04,4820000,전라남도 순천시
은혜약국,전라남도,순천시,전라남도 순천시 팔마로 126 (조곡동),,34.9449567598,127.5017777642,,,061-749-6827,2024-12-04,4820000,전라남도 순천시
365보배약국,전라남도,순천시,"전라남도 순천시 봉화2길 99, 2층 (조례동)",,34.9617095892,127.5178423041,,,061-749-6827,2024-12-04,4820000,전라남도 순천시
신대타운온누리약국,전라남도,순천시,"전라남도 순천시 해룡면 향매로 59, 신대타운 1층 102호",,34.9346455241,127.5461464444,,,061-749-6827,2024-12-04,4820000,전라남도 순천시
스타약국,전라남도,순천시,"전라남도 순천시 해룡면 향매로 99, SM빌딩 1층",,34.9335453723,127.5502657516,,,061-749-6827,2024-12-04,4820000,전라남도 순천시
십자당약국,전라남도,순천시,전라남도 순천시 순광로 6 (조례동),,34.9543185310,127.5219155782,,,061-749-6827,2024-12-04,4820000,전라남도 순천시
친절한김약국,전라남도,순천시,"전라남도 순천시 삼산로 61, 1층 5호 (용당동)",,34.9721732368,127.4902783638,,,061-749-6827,2024-12-04,4820000,전라남도 순천시
웰약국,전라남도,순천시,"전라남도 순천시 충효로 15, 메가박스 1층 109호 (덕암동)",,34.9412469710,127.5108562934,,,061-749-6827,2024-12-04,4820000,전라남도 순천시
신대약국,전라남도,순천시,전라남도 순천시 해룡면 향매로 97,,34.9335929838,127.5500227553,,,061-749-6827,2024-12-04,4820000,전라남도 순천시
봄봄약국,전라남도,순천시,"전라남도 순천시 봉화3길 14-28, 1층 105호 (조례동)",,34.9637769982,127.5210217518,,,061-749-6827,2024-12-04,4820000,전라남도 순천시
온누리감초당약국,전라남도,순천시,"전라남도 순천시 연향1로 55, 1층 (연향동)",,34.9460630571,127.5217952770,,,061-749-6827,2024-12-04,4820000,전라남도 순천시
오가네약국,전라남도,순천시,"전라남도 순천시 해룡면 신대로 116, 1층",,34.9338150573,127.5492315761,,,061-749-6827,2024-12-04,4820000,전라남도 순천시
편한약국,전라남도,순천시,"전라남도 순천시 중앙로 53, 1층 (저전동)",,34.9503225084,127.4840925837,,,061-749-6827,2024-12-04,4820000,전라남도 순천시
하영약국,전라남도,순천시,"전라남도 순천시 기적의도서관1길 3 (조례동, 제일병원)",,34.9549033259,127.5242014293,,,061-749-6827,2024-12-04,4820000,전라남도 순천시
옥천약국,전라남도,순천시,"전라남도 순천시 남문천변길 6 (장천동, 건강약국)",,34.9528371545,127.4842791400,,,061-749-6827,2024-12-04,4820000,전라남도 순천시
대형드림온누리약국,전라남도,순천시,"전라남도 순천시 팔마로 205, LG전자 101호,107호 (덕암동)",,34.9413995262,127.5093006652,,,061-749-6827,2024-12-04,4820000,전라남도 순천시
미소약국,전라남도,순천시,"전라남도 순천시 해룡면 향매로 67, 1층",,34.9342873073,127.5469699008,,,061-749-6827,2024-12-04,4820000,전라남도 순천시
미소온누리약국,전라남도,순천시,"전라남도 순천시 중앙로 4, 1층 (장천동, 순천장례식장)",,34.9475837255,127.4881768709,,,061-749-6827,2024-12-04,4820000,전라남도 순천시
맑은약국,전라남도,순천시,"전라남도 순천시 팔마로 212, 1층 (풍덕동, 이타워빌딩)",,34.9405169518,127.5090505597,,,061-749-6827,2024-12-04,4820000,전라남도 순천시
순천약국,전라남도,순천시,전라남도 순천시 주암면 주암호길 3,,35.0764068171,127.2353208234,,,061-749-6827,2024-12-04,4820000,전라남도 순천시
장생약국,전라남도,순천시,"전라남도 순천시 연향상가7길 18, 1층 (연향동)",,34.9519066763,127.5171831178,,,061-749-6827,2024-12-04,4820000,전라남도 순천시
종로약국,전라남도,순천시,"전라남도 순천시 우석2길 55, 1층 (장천동)",,34.9456816055,127.4906225307,,,061-749-6827,2024-12-04,4820000,전라남도 순천시
양약건민대형약국,전라남도,순천시,"전라남도 순천시 중앙로 83, 1층 (저전동)",,34.9530504922,127.4836956655,,,061-749-6827,2024-12-04,4820000,전라남도 순천시
오천온누리약국,전라남도,순천시,"전라남도 순천시 오천7길 28, 1층 105호 (오천동)",,34.9351584064,127.4942765332,,,061-749-6827,2024-12-04,4820000,전라남도 순천시
모범약국,전라남도,순천시,"전라남도 순천시 삼산로 103-11, 1층 (용당동)",,34.9739116195,127.4937737854,,,061-749-6827,2024-12-04,4820000,전라남도 순천시
정약국,전라남도,순천시,"전라남도 순천시 이수로 305, 1층 (조례동)",,34.9533731674,127.5172373252,,,061-749-6827,2024-12-04,4820000,전라남도 순천시
해맑은약국,전라남도,순천시,"전라남도 순천시 이수로 321, 1층 (조례동)",,34.9540688649,127.5189879099,,,061-749-6827,2024-12-04,4820000,전라남도 순천시
신도림동아1차,서울특별시,구로구,서울특별시 구로구 신도림로 87,,37.5109603819,126.8822390952,경비실 3초소 앞,,02-860-2921,2024-12-05,3160000,서울특별시 구로구
천왕연지타운2단지,서울특별시,구로구,서울특별시 구로구 오리로 1102-10,,37.4840144134,126.8433413251,205동 맞은 편,,02-860-2921,2024-12-05,3160000,서울특별시 구로구
온수어르신복지관,서울특별시,구로구,서울특별시 구로구 부일로9길 111,,37.4966919,126.8232512,실외,,02-860-2921,2024-12-05,3160000,서울특별시 구로구
화원종합사회복지관,서울특별시,구로구,서울특별시 구로구 벚꽃로 484,,37.4973397,126.8801476,실외,,02-860-2921,2024-12-05,3160000,서울특별시 구로구
궁동종합사회복지관,서울특별시,구로구,서울특별시 구로구 오리로22길 5,,37.4991345923,126.8295642119,실외,,02-860-2921,2024-12-05,3160000,서울특별시 구로구
구로종합복지관,서울특별시,구로구,서울특별시 구로구 디지털로 31길 93,,37.4868735,126.8908274369,실외,,02-860-2921,2024-12-05,3160000,서울특별시 구로구
항동주민센터,서울특별시,구로구,서울특별시 구로구 연동로 191-19,,37.479166,126.8223952625,실외,,02-860-2921,2024-12-05,3160000,서울특별시 구로구
수궁동주민센터,서울특별시,구로구,서울특별시 구로구 오리로15길 32,,37.493841,126.8314904,실외,,02-860-2921,2024-12-05,3160000,서울특별시 구로구
오류2동주민센터,서울특별시,구로구,서울특별시 구로구 오류로 45,,37.4888135366,126.8395046,실외,,02-860-2921,2024-12-05,3160000,서울특별시 구로구
오류1동주민센터,서울특별시,구로구,서울특별시 구로구 경인로27길 7,,37.4970232,126.8450907759,실외,,02-860-2921,2024-12-05,3160000,서울특별시 구로구
개봉3동주민센터,서울특별시,구로구,서울특별시 구로구 개봉로3길 47-5,,37.4859938,126.8538368,실외,,02-860-2921,2024-12-05,3160000,서울특별시 구로구
개봉2동주민센터,서울특별시,구로구,서울특별시 구로구 개봉로16가길 17,,37.4908237,126.8565837,실외,,02-860-2921,2024-12-05,3160000,서울특별시 구로구
개봉1동 주민센터,서울특별시,구로구,서울특별시 구로구 경인로33길 51,,37.5002412611,126.8511387915,실외,,02-860-2921,2024-12-05,3160000,서울특별시 구로구
고척2동주민센터,서울특별시,구로구,서울특별시 구로구 중앙로15길 22,,37.5066920781,126.8586052612,실외,,02-860-2921,2024-12-05,3160000,서울특별시 구로구
고척제1동주민센터,서울특별시,구로구,서울특별시 구로구 중앙로3길 18-8,,37.5004049,126.8627872,실외,,02-860-2921,2024-12-05,3160000,서울특별시 구로구
가리봉동주민센터,서울특별시,구로구,서울특별시 구로구 우마2길 35,,37.4825577,126.8897180831,실외,,02-860-2921,2024-12-05,3160000,서울특별시 구로구
구로5동주민센터,서울특별시,구로구,서울특별시 구로구 구로중앙로28길 66,,37.5001031096,126.8893198,실외,,02-860-2921,2024-12-05,3160000,서울특별시 구로구
구로4동주민센터,서울특별시,구로구,서울특별시 구로구 구로동로28길 94,,37.4915957,126.8891502,실외,,02-860-2921,2024-12-05,3160000,서울특별시 구로구
구로3동주민센터,서울특별시,구로구,서울특별시 구로구 디지털로31길 109,,37.4873470420,126.8903243,실외,,02-860-2921,2024-12-05,3160000,서울특별시 구로구
구로2동주민센터,서울특별시,구로구,서울특별시 구로구 구로동로 141,,37.491301,126.8833119,실외,,02-860-2921,2024-12-05,3160000,서울특별시 구로구
구로제1동주민센터,서울특별시,구로구,서울특별시 구로구 구일로4길 57,,37.4930394,126.8757882588,실외,,02-860-2921,2024-12-05,3160000,서울특별시 구로구
신도림동주민센터,서울특별시,구로구,서울특별시 구로구 신도림로 40,,37.507756,126.8805903,실외,,02-860-2921,2024-12-05,3160000,서울특별시 구로구
대학약국,인천광역시,서구,인천광역시 서구 새오개로 37 (석남동),,37.51358902,126.6651146,약국 내부,,032-718-0425,2025-07-11,3560000,인천광역시 서구
당하백화점약국,인천광역시,서구,"인천광역시 서구 청마로167번길 8 (당하동, 강남프라자빌딩 106호)",,37.59254477,126.6759345,약국 내부,,032-718-0425,2025-07-11,3560000,인천광역시 서구
당하메디칼약국,인천광역시,서구,인천광역시 서구 청마로 163 (당하동),,37.5919966007,126.6766214782,약국 내부,,032-718-0425,2025-07-11,3560000,인천광역시 서구
단오약국,인천광역시,서구,"인천광역시 서구 완정로178번길 31 (마전동, 목화아파트)",,37.604489,126.6589335,약국 내부,,032-718-0425,2025-07-11,3560000,인천광역시 서구
늘봄약국,인천광역시,서구,"인천광역시 서구 길주로136번길 32-1, 1층 (석남동)",,37.5031255883,126.6768164198,약국 내부,,032-718-0425,2025-07-11,3560000,인천광역시 서구
늘건강온누리약국,인천광역시,서구,"인천광역시 서구 승학로 491, 105호 (검암동)",,37.5654870332,126.6740338567,약국 내부,,032-718-0425,2025-07-11,3560000,인천광역시 서구
누리약국,인천광역시,서구,"인천광역시 서구 검단로445번길 18, 107-1호 (왕길동, SM프라자)",,37.6024738195,126.6542138271,약국 내부,,032-718-0425,2025-07-11,3560000,인천광역시 서구
녹십자약국,인천광역시,서구,"인천광역시 서구 서곶로 293, 1층 (심곡동)",,37.5435933611,126.6764697017,약국 내부,,032-718-0425,2025-07-11,3560000,인천광역시 서구
그린온누리약국,인천광역시,서구,"인천광역시 서구 완정로 187, 103호 (왕길동, 마전메디칼센타)",,37.6025410176,126.6556260102,약국 내부,,032-718-0425,2025-07-11,3560000,인천광역시 서구
그린약국,인천광역시,서구,인천광역시 서구 탁옥로 45 (심곡동),,37.544092279,126.6746139418,약국 내부,,032-718-0425,2025-07-11,3560000,인천광역시 서구
그랜드약국,인천광역시,서구,인천광역시 서구 가정로 308 (석남동),,37.5123641771,126.6728535574,약국 내부,,032-718-0425,2025-07-11,3560000,인천광역시 서구
굿윌드림약국,인천광역시,서구,인천광역시 서구 원적로 103 (가좌동),,37.4956568078,126.682695544,약국 내부,,032-718-0425,2025-07-11,3560000,인천광역시 서구
굿모닝약국,인천광역시,서구,인천광역시 서구 가정로 364-1 (가정동),,37.5173860696,126.6731749404,약국 내부,,032-718-0425,2025-07-11,3560000,인천광역시 서구
경희기경한약국,인천광역시,서구,"인천광역시 서구 고산후로 148, 1층 일부호 (원당동)",,37.5968778775,126.6993166705,약국 내부,,032-718-0425,2025-07-11,3560000,인천광역시 서구
경서메디칼약국,인천광역시,서구,"인천광역시 서구 도요지로 22, 103호 (경서동, 대영프라자)",,37.5588626723,126.6526756933,약국 내부,,032-718-0425,2025-07-11,3560000,인천광역시 서구
검단튼튼약국,인천광역시,서구,"인천광역시 서구 청마로19번길 20, 103호 (당하동)",,37.5920835464,126.6726666022,약국 내부,,032-718-0425,2025-07-11,3560000,인천광역시 서구
검단제일약국,인천광역시,서구,"인천광역시 서구 완정로 197, 103,104호 (왕길동)",,37.6027487751,126.654605173,약국 내부,,032-718-0425,2025-07-11,3560000,인천광역시 서구
검단온누리약국,인천광역시,서구,"인천광역시 서구 완정로 18, 한윤메디칼 104호 (마전동)",,37.5951078969,126.6722135582,약국 내부,,032-718-0425,2025-07-11,3560000,인천광역시 서구
검단미래안약국,인천광역시,서구,"인천광역시 서구 검단로 469, 101호 (왕길동)",,37.6019289435,126.6565728269,약국 내부,,032-718-0425,2025-07-11,3560000,인천광역시 서구
검단마트약국,인천광역시,서구,인천광역시 서구 서곶로 754 (당하동),,37.5857150929,126.6772162192,약국 내부,,032-718-0425,2025-07-11,3560000,인천광역시 서구
건지약국,인천광역시,서구,"인천광역시 서구 신진말로 30, 1층 (가좌동, 쌍용체육관)",,37.4929941,126.6790052,약국 내부,,032-718-0425,2025-07-11,3560000,인천광역시 서구
건강희망약국,인천광역시,서구,"인천광역시 서구 완정로 153, 이레메디칼센타 101호 ,102호 (왕길동)",,37.6013699174,126.6588218987,약국 내부,,032-718-0425,2025-07-11,3560000,인천광역시 서구
거북시장약국,인천광역시,서구,인천광역시 서구 거북로 97 (석남동),,37.5032918266,126.6726944408,약국 내부,,032-718-0425,2025-07-11,3560000,인천광역시 서구
가좌약국,인천광역시,서구,인천광역시 서구 건지로318번길 32 (가좌동),,37.49593709,126.6770701,약국 내부,,032-718-0425,2025-07-11,3560000,인천광역시 서구
가좌메디칼약국,인천광역시,서구,인천광역시 서구 원적로96번길 26 (가좌동),,37.4933953,126.6845838,약국 내부,,032-718-0425,2025-07-11,3560000,인천광역시 서구
가좌마트약국,인천광역시,서구,"인천광역시 서구 가정로151번길 11, 2층 (가좌동)",,37.4976472852,126.6707372534,약국 내부,,032-718-0425,2025-07-11,3560000,인천광역시 서구
가정온누리약국,인천광역시,서구,"인천광역시 서구 청중로 486, 105호 (가정동, 부일프라자)",,37.5297114481,126.665320356,약국 내부,,032-718-0425,2025-07-11,3560000,인천광역시 서구
가정미소약국,인천광역시,서구,"인천광역시 서구 봉오재3로 42, 102호 (가정동)",,37.52946814,126.6656878,약국 내부,,032-718-0425,2025-07-11,3560000,인천광역시 서구
가온약국,인천광역시,서구,"인천광역시 서구 봉오재3로 90, 한일골드타워 (가정동)",,37.52720617,126.6697493,약국 내부,,032-718-0425,2025-07-11,3560000,인천광역시 서구
아라동 행정복지센터,인천광역시,서구,인천광역시 서구 바리미로 23,,37.5939746611,126.7156125647,행정복지센터 민원실 내,,032-718-0425,2025-07-11,3560000,인천광역시 서구
마전동 행정복지센터,인천광역시,서구,인천광역시 서구 완정로10번길 14 (마전동),,37.5953758632,126.6737138567,행정복지센터 민원실 내,,032-718-0425,2025-07-11,3560000,인천광역시 서구
서면보건지소,강원특별자치도,철원군,강원특별자치도 철원군 서면 신술2길 38,강원특별자치도 철원군 서면 자등리 754,38.1643649893,127.4150024921,서면보건지소,,033-450-5335,2024-12-06,4301000,강원특별자치도 철원군
철원동송통합보건지소,강원특별자치도,철원군,강원특별자치도 철원군 철원읍 금학로 255번길 22,강원특별자치도 철원군 철원읍 화지리 41-94,38.2108210515,127.2135796981,철원동송통합보건지소,,033-450-5335,2024-12-06,4301000,강원특별자치도 철원군
용정경로당,전라남도,강진군,전라남도 강진군 신전면 신전용정길 2-1,전라남도 강진군 신전면 용화리 775-1,34.4781617,126.6992789,,,,2025-09-10,4920000,전라남도 강진군
신정경로당,전라남도,강진군,전라남도 강진군 신전면 신정길 24,전라남도 강진군 신전면 용화리 92-1,34.479033,126.7167637,,,,2025-09-10,4920000,전라남도 강진군
백화경로당,전라남도,강진군,전라남도 강진군 신전면 백화길 14,전라남도 강진군 신전면 용화리 222-2,34.48405565,126.7087129,,,,2025-09-10,4920000,전라남도 강진군
사초경로당,전라남도,강진군,전라남도 강진군 신전면 사초앞길 7,전라남도 강진군 신전면 사초리 575-5,34.47447455,126.7310305,,,,2025-09-10,4920000,전라남도 강진군
송천경로당,전라남도,강진군,전라남도 강진군 신전면 신전로 576,전라남도 강진군 신전면 송천리 131,34.48259655,126.7296224,,,,2025-09-10,4920000,전라남도 강진군
약천경로당,전라남도,강진군,전라남도 강진군 신전면 약천길 8,전라남도 강진군 신전면 벌정리 419-2,34.49256685,126.7431715,,,,2025-09-10,4920000,전라남도 강진군
대벌경로당,전라남도,강진군,전라남도 강진군 신전면 대벌길 32,전라남도 강진군 신전면 벌정리 814-6,34.4925183,126.7367923,,,,2025-09-10,4920000,전라남도 강진군
논정경로당,전라남도,강진군,전라남도 강진군 신전면 논정길 6,전라남도 강진군 신전면 벌정리 155-4,34.49877202,126.7454114,,,,2025-09-10,4920000,전라남도 강진군
영수경로당,전라남도,강진군,전라남도 강진군 신전면 영장수길 160,전라남도 강진군 신전면 영관리 583-4,34.48275846,126.6844266,,,,2025-09-10,4920000,전라남도 강진군
어관경로당,전라남도,강진군,전라남도 강진군 신전면 어관신안길 24,전라남도 강진군 신전면 영관리 290-1,34.48905724,126.6877438,,,,2025-09-10,4920000,전라남도 강진군
부춘경로당,전라남도,강진군,전라남도 강진군 신전면 신전부춘길 76,전라남도 강진군 신전면 용월리 1110-1,34.4898817,126.7060912,,,,2025-09-10,4920000,전라남도 강진군
대월경로당,전라남도,강진군,전라남도 강진군 신전면 대월월해길 79,전라남도 강진군 신전면 용월리 950-2,34.49514733,126.7081088,,,,2025-09-10,4920000,전라남도 강진군
백용경로당,전라남도,강진군,전라남도 강진군 신전면 백용길 40,전라남도 강진군 신전면 용월리 461-4,34.50493744,126.7262812,,,,2025-09-10,4920000,전라남도 강진군
노해경로당,전라남도,강진군,전라남도 강진군 신전면 노해길 39,전라남도 강진군 신전면 용월리 322-1,34.51624372,126.7243559,,,,2025-09-10,4920000,전라남도 강진군
봉양경로당,전라남도,강진군,전라남도 강진군 신전면 주작봉양길 41-2,전라남도 강진군 신전면 수양리 254-4,34.51328001,126.7163198,,,,2025-09-10,4920000,전라남도 강진군
삼인경로당,전라남도,강진군,전라남도 강진군 신전면 삼인길 99,전라남도 강진군 신전면 수양리 792-3,34.5165662,126.7108355,,,,2025-09-10,4920000,전라남도 강진군
삼가면 보건지소,경상남도,합천군,경상남도 합천군 삼가면 삼가로 299,,35.40923214,128.1207281,지소 내,,055-930-4043,2025-07-23,5480000,경상남도 합천군
쌍백면 보건지소,경상남도,합천군,경상남도 합천군 쌍백면 평구3길 14,,35.43977047,128.1460638,지소 내,,055-930-4043,2025-07-23,5480000,경상남도 합천군
대양면 보건지소,경상남도,합천군,경상남도 합천군 대양면 대야로 267,,35.51621703,128.1736668,지소 내,,055-930-4043,2025-07-23,5480000,경상남도 합천군
적중면 보건지소,경상남도,합천군,경상남도 합천군 적중면 적중로 101-8,,35.54798775,128.280092,지소 내,,055-930-4043,2025-07-23,5480000,경상남도 합천군
청덕면 보건지소,경상남도,합천군,경상남도 합천군 청덕면 동부로 1754,,35.55937585,128.3217734,지소 내,,055-930-4043,2025-07-23,5480000,경상남도 합천군
덕곡면 보건지소,경상남도,합천군,경상남도 합천군 덕곡면 율지2길 11,,35.61516422,128.3591203,지소 내,,055-930-4043,2025-07-23,5480000,경상남도 합천군
쌍책면 보건지소,경상남도,합천군,경상남도 합천군 쌍책면 성산우회로 8,,35.57488467,128.2878319,지소 내,,055-930-4043,2025-07-23,5480000,경상남도 합천군
초계면 보건지소,경상남도,합천군,경상남도 합천군 초계면 초계2길 19,,35.55738963,128.2680573,지소 내,,055-930-4043,2025-07-23,5480000,경상남도 합천군
율곡면 보건지소,경상남도,합천군,경상남도 합천군 율곡면 영전3길 29,,35.57247969,128.2187695,지소 내,,055-930-4043,2025-07-23,5480000,경상남도 합천군
가야면 보건지소,경상남도,합천군,경상남도 합천군 가야면 가야시장로 87,,35.76230084,128.139004,지소 내,,055-930-4043,2025-07-23,5480000,경상남도 합천군
묘산면 보건지소,경상남도,합천군,경상남도 합천군 묘산면 묘산로 173-1,,35.6582393,128.1128559,지소 내,,055-930-4043,2025-07-23,5480000,경상남도 합천군
봉산면 보건지소,경상남도,합천군,경상남도 합천군 봉산면 서부로 4344-7,,35.62784536,128.0446827,지소 내,,055-930-4043,2025-07-23,5480000,경상남도 합천군
북부 보건지소,경상남도,합천군,경상남도 합천군 야로면 향교길 8,,35.70476574,128.1681217,지소 내,,055-930-4043,2025-07-23,5480000,경상남도 합천군
합천군보건소,경상남도,합천군,경상남도 합천군 합천읍 동서로 39,,35.56792588,128.1567567,보건소내 1층,,055-930-4043,2025-07-23,5480000,경상남도 합천군
강북보건지소,대구광역시,북구,대구광역시 북구 대천로 81 (동천동),,35.9373275,128.5581813,보건지소 내,,053-665-4200,2025-07-23,3450000,대구광역시 북구
노원동 행정복지센터,대구광역시,북구,대구광역시 북구 노원로10길 166 (노원동2가),,35.89014763,128.5762258,행정복지센터 내,,053-665-3306,2025-07-23,3450000,대구광역시 북구
북구보건소,대구광역시,북구,대구광역시 북구 성북로 49 (침산3동),,35.89187925,128.588897,보건소 내,,053-665-3211,2025-07-23,3450000,대구광역시 북구
수양경로당,전라남도,강진군,전라남도 강진군 신전면 수양길 90-3,전라남도 강진군 신전면 수양리 635-4,34.52210676,126.7113576,,,,2025-09-10,4920000,전라남도 강진군
신덕경로당,전라남도,강진군,전라남도 강진군 도암면 신덕길 124,전라남도 강진군 도암면 덕년리 427-3,34.61310015,126.6918141,,,,2025-09-10,4920000,전라남도 강진군
만년경로당,전라남도,강진군,전라남도 강진군 도암면 만년길 108,전라남도 강진군 도암면 덕년리 206-5,34.60378751,126.690078,,,,2025-09-10,4920000,전라남도 강진군
산정경로당,전라남도,강진군,전라남도 강진군 도암면 지석로 466,전라남도 강진군 도암면 강정리 302-1,34.59909026,126.6801079,,,,2025-09-10,4920000,전라남도 강진군
강성경로당,전라남도,강진군,전라남도 강진군 도암면 강성길 10,전라남도 강진군 도암면 강정리 566-3,34.5937679,126.678323,,,,2025-09-10,4920000,전라남도 강진군
회룡경로당,전라남도,강진군,전라남도 강진군 도암면 회룡1길 42-3,전라남도 강진군 도암면 지석리 378-5,34.59052578,126.6888913,,,,2025-09-10,4920000,전라남도 강진군
동령경로당,전라남도,강진군,전라남도 강진군 도암면 지석로 756,전라남도 강진군 도암면 지석리 570-5,34.57708599,126.6897294,,,,2025-09-10,4920000,전라남도 강진군
지석경로당,전라남도,강진군,전라남도 강진군 도암면 지석마을길 59,전라남도 강진군 도암면 지석리 294-35,34.57729598,126.6952225,,,,2025-09-10,4920000,전라남도 강진군
망호경로당,전라남도,강진군,전라남도 강진군 도암면 망호길 27,전라남도 강진군 도암면 신기리 189,34.52918353,126.7632623,,,,2025-09-10,4920000,전라남도 강진군
용암경로당,전라남도,강진군,전라남도 강진군 도암면 용암길 27,전라남도 강진군 도암면 신기리 639,34.53315197,126.7555184,,,,2025-09-10,4920000,전라남도 강진군
신기경로당,전라남도,강진군,전라남도 강진군 도암면 기전로 309,전라남도 강진군 도암면 신기리 612-2,34.52959246,126.7538818,,,,2025-09-10,4920000,전라남도 강진군
용산경로당,전라남도,강진군,전라남도 강진군 도암면 용산길 65,전라남도 강진군 도암면 용흥리 209-2,34.5396732,126.7543337,,,,2025-09-10,4920000,전라남도 강진군
부흥경로당,전라남도,강진군,전라남도 강진군 도암면 부흥길 38,전라남도 강진군 도암면 용흥리 664-9,34.54258377,126.7447825,,,,2025-09-10,4920000,전라남도 강진군
봉황경로당,전라남도,강진군,전라남도 강진군 도암면 봉황로 334-10,전라남도 강진군 도암면 봉황리 109-2,34.55698261,126.6983866,,,,2025-09-10,4920000,전라남도 강진군
월하경로당,전라남도,강진군,전라남도 강진군 도암면 월하안길 26,전라남도 강진군 도암면 석문리 847-12,34.5309276,126.7179463,,,,2025-09-10,4920000,전라남도 강진군
신리경로당,전라남도,강진군,전라남도 강진군 도암면 도암신리길 56,전라남도 강진군 도암면 석문리 521,34.54734052,126.7203727,,,,2025-09-10,4920000,전라남도 강진군
성자경로당,전라남도,강진군,전라남도 강진군 도암면 성자길 49,전라남도 강진군 도암면 석문리 113-1,34.55737103,126.7298357,,,,2025-09-10,4920000,전라남도 강진군
석천경로당,전라남도,강진군,전라남도 강진군 도암면 석천길 2-1,전라남도 강진군 도암면 석문리 368-2,34.55451929,126.7251805,,,,2025-09-10,4920000,전라남도 강진군
옥전경로당,전라남도,강진군,전라남도 강진군 도암면 옥전2길 15-1,전라남도 강진군 도암면 항촌리 98-3,34.52879752,126.7359525,,,,2025-09-10,4920000,전라남도 강진군
장촌경로당,전라남도,강진군,전라남도 강진군 도암면 도암중앙로 56-1,전라남도 강진군 도암면 항촌리 515-4,34.54486735,126.7288238,,,,2025-09-10,4920000,전라남도 강진군
항촌경로당,전라남도,강진군,전라남도 강진군 도암면 항촌안길 7,전라남도 강진군 도암면 항촌리 599-3,34.5420689,126.7330373,,,,2025-09-10,4920000,전라남도 강진군
가우경로당,전라남도,강진군,전라남도 강진군 도암면 가우도길 27,전라남도 강진군 도암면 신기리 79,34.5348062,126.7798208,,,,2025-09-10,4920000,전라남도 강진군
율포경로당,전라남도,강진군,전라남도 강진군 도암면 만덕간척로 88-8,전라남도 강진군 도암면 학장리 437-5,34.56639504,126.7508146,,,,2025-09-10,4920000,전라남도 강진군
송학경로당,전라남도,강진군,전라남도 강진군 도암면 도암송학길 91-9,전라남도 강진군 도암면 학장리 127-5,34.55298178,126.7595735,,,,2025-09-10,4920000,전라남도 강진군
표장경로당,전라남도,강진군,전라남도 강진군 도암면 학장로 199,전라남도 강진군 도암면 학장리 671,34.55551183,126.7453672,,,,2025-09-10,4920000,전라남도 강진군
선장경로당,전라남도,강진군,전라남도 강진군 도암면 학장로 153-3,전라남도 강진군 도암면 학장리 616-1,34.55370465,126.7406735,,,,2025-09-10,4920000,전라남도 강진군
신평경로당,전라남도,강진군,전라남도 강진군 도암면 신평길 111,전라남도 강진군 도암면 만덕리 212,34.58359974,126.755099,,,,2025-09-10,4920000,전라남도 강진군
덕산경로당,전라남도,강진군,전라남도 강진군 도암면 다산초당1길 30-3,전라남도 강진군 도암면 만덕리 172,34.5793217,126.7502616,,,,2025-09-10,4920000,전라남도 강진군
귤동경로당,전라남도,강진군,전라남도 강진군 도암면 다산초당길 42,전라남도 강진군 도암면 만덕리 405-3,34.57710054,126.7486798,,,,2025-09-10,4920000,전라남도 강진군
보동경로당,전라남도,강진군,전라남도 강진군 도암면 다산수련원길 20,전라남도 강진군 도암면 만덕리 361-2,34.57435457,126.7473735,,,,2025-09-10,4920000,전라남도 강진군
마점경로당,전라남도,강진군,전라남도 강진군 도암면 마점길 3,전라남도 강진군 도암면 만덕리 544,34.57048344,126.7394518,,,,2025-09-10,4920000,전라남도 강진군
영동경로당,전라남도,강진군,전라남도 강진군 도암면 도암영동길 36,전라남도 강진군 도암면 계라리 641-4,34.57380855,126.7087241,,,,2025-09-10,4920000,전라남도 강진군
시천경로당,전라남도,강진군,전라남도 강진군 성전면 시천길 16,전라남도 강진군 성전면 성전리 746,34.69014754,126.7118036,,,,2025-09-10,4920000,전라남도 강진군
서울약국,인천광역시,서구,"인천광역시 서구 검단로 836, 217호 (불로동, 월드상가)",,37.6184253,126.6930745,약국 내부,,032-718-0425,2025-07-11,3560000,인천광역시 서구
서광약국,인천광역시,서구,"인천광역시 서구 원적로 100, 가좌로얄프라자 101, 102호 (가좌동)",,37.49501424,126.6828063,약국 내부,,032-718-0425,2025-07-11,3560000,인천광역시 서구
새연희약국,인천광역시,서구,인천광역시 서구 서곶로 355-1 (연희동),,37.5494507834,126.6767518518,약국 내부,,032-718-0425,2025-07-11,3560000,인천광역시 서구
새봄약국,인천광역시,서구,"인천광역시 서구 탁옥로 49, 제스트프라자 404호 (심곡동)",,37.5440877141,126.675082992,약국 내부,,032-718-0425,2025-07-11,3560000,인천광역시 서구
삼육오사랑약국,인천광역시,서구,"인천광역시 서구 칠천왕로33번길 14, 1층 일부호 (석남동)",,37.5094677,126.6703794,약국 내부,,032-718-0425,2025-07-11,3560000,인천광역시 서구
산들약국,인천광역시,서구,"인천광역시 서구 검단로 474, 102호 (왕길동, 뷰비스타운)",,37.60164083,126.6571073,약국 내부,,032-718-0425,2025-07-11,3560000,인천광역시 서구
사랑탑약국,인천광역시,서구,"인천광역시 서구 청마로19번길 3, 1층 (당하동, 드림빌딩)",,37.5923848937,126.67074345,약국 내부,,032-718-0425,2025-07-11,3560000,인천광역시 서구
사랑의약국,인천광역시,서구,인천광역시 서구 원적로 96 (가좌동),,37.49476722,126.6825845,약국 내부,,032-718-0425,2025-07-11,3560000,인천광역시 서구
사랑온누리약국,인천광역시,서구,"인천광역시 서구 검단로 500 (마전동, 플러스빌딩)",,37.6026233,126.6596718,약국 내부,,032-718-0425,2025-07-11,3560000,인천광역시 서구
비타민약국,인천광역시,서구,"인천광역시 서구 가정로 375, 310호,311호 (신현동, 금강아미움)",,37.5184745667,126.6726216886,약국 내부,,032-718-0425,2025-07-11,3560000,인천광역시 서구
복지온누리약국,인천광역시,서구,"인천광역시 서구 탁옥로 37, 1층 107호 (심곡동, 우리타워)",,37.54415472,126.673667801,약국 내부,,032-718-0425,2025-07-11,3560000,인천광역시 서구
보성메디컬약국,인천광역시,서구,"인천광역시 서구 완정로 179, 102호,103호 (왕길동, 제이원검단메디컬프라자)",,37.6022797223,126.6565194621,약국 내부,,032-718-0425,2025-07-11,3560000,인천광역시 서구
보건약국,인천광역시,서구,"인천광역시 서구 거북로 104 (석남동, 한승빌딩)",,37.50287808,126.6732451,약국 내부,,032-718-0425,2025-07-11,3560000,인천광역시 서구
백제약국,인천광역시,서구,"인천광역시 서구 검단로 480 (왕길동, 검단리치웰프라자)",,37.60180033,126.6576121,약국 내부,,032-718-0425,2025-07-11,3560000,인천광역시 서구
백제당약국,인천광역시,서구,"인천광역시 서구 연희로 12, 1층 (연희동)",,37.549363299,126.6757668002,약국 내부,,032-718-0425,2025-07-11,3560000,인천광역시 서구
미약국,인천광역시,서구,"인천광역시 서구 고산후로95번길 20, 108호, 109호 (당하동, 힘찬프라자)",,37.59265202,126.6967642,약국 내부,,032-718-0425,2025-07-11,3560000,인천광역시 서구
미소탑약국,인천광역시,서구,"인천광역시 서구 청마로 17, 준성빌딩 104, 105호 (당하동)",,37.5923813277,126.6705633188,약국 내부,,032-718-0425,2025-07-11,3560000,인천광역시 서구
미소약국,인천광역시,서구,"인천광역시 서구 원당대로 841 (원당동, 골든벨프라자)",,37.5941471532,126.6950986869,약국 내부,,032-718-0425,2025-07-11,3560000,인천광역시 서구
명성약국,인천광역시,서구,인천광역시 서구 신진말로 37-1 (가좌동),,37.49335507,126.6799434,약국 내부,,032-718-0425,2025-07-11,3560000,인천광역시 서구
명문약국,인천광역시,서구,"인천광역시 서구 봉오재3로 44, 101호 (가정동, 명문프라자)",,37.5293068351,126.6656790995,약국 내부,,032-718-0425,2025-07-11,3560000,인천광역시 서구
메디팜우리들약국,인천광역시,서구,"인천광역시 서구 완정로 187, 마전메디칼센타 101호 (왕길동)",,37.6025410176,126.6556260102,약국 내부,,032-718-0425,2025-07-11,3560000,인천광역시 서구
메디팜약수약국,인천광역시,서구,인천광역시 서구 서달로123번길 3 (석남동),,37.50955112,126.6781167,약국 내부,,032-718-0425,2025-07-11,3560000,인천광역시 서구
메디팜성모약국,인천광역시,서구,인천광역시 서구 원적로 29 (가좌동),,37.4897376958,126.679934787,약국 내부,,032-718-0425,2025-07-11,3560000,인천광역시 서구
메디탑약국,인천광역시,서구,"인천광역시 서구 청마로19번길 9, 101호 (당하동)",,37.5923844696,126.6714318829,약국 내부,,032-718-0425,2025-07-11,3560000,인천광역시 서구
메디안약국,인천광역시,서구,"인천광역시 서구 검단로623번길 4, 105호 (마전동, 세창프라자)",,37.6099441581,126.6704708371,약국 내부,,032-718-0425,2025-07-11,3560000,인천광역시 서구
맑은약국,인천광역시,서구,인천광역시 서구 명가골로 37 (석남동),,37.5132768458,126.673228037,약국 내부,,032-718-0425,2025-07-11,3560000,인천광역시 서구
마전메디칼약국,인천광역시,서구,인천광역시 서구 완정로 187 (왕길동),,37.6025410176,126.6556260102,약국 내부,,032-718-0425,2025-07-11,3560000,인천광역시 서구
딸기약국,인천광역시,서구,"인천광역시 서구 건지로 402, 402동 105호 (가좌동, 가좌한신휴플러스)",,37.49526648,126.6844068,약국 내부,,032-718-0425,2025-07-11,3560000,인천광역시 서구
드림약국,인천광역시,서구,"인천광역시 서구 승학로 498, 108호 (검암동, 서해프라자)",,37.5651791946,126.6749599408,약국 내부,,032-718-0425,2025-07-11,3560000,인천광역시 서구
동안약국,인천광역시,서구,"인천광역시 서구 승학로 567, 101호 (검암동)",,37.5666967107,126.6826336223,약국 내부,,032-718-0425,2025-07-11,3560000,인천광역시 서구
동아메디칼약국,인천광역시,서구,인천광역시 서구 원적로 85 (가좌동),,37.4945689793,126.6814058215,약국 내부,,032-718-0425,2025-07-11,3560000,인천광역시 서구
자생약국,인천광역시,서구,인천광역시 서구 거북로 74-1 (석남동),,37.5030906564,126.6700148829,약국 내부,,032-718-0425,2025-07-11,3560000,인천광역시 서구
일화약국,인천광역시,서구,"인천광역시 서구 장고개로337번길 16, 가좌한신 휴아파트 상가 408호 (가좌동)",,37.49314201,126.6853545,약국 내부,,032-718-0425,2025-07-11,3560000,인천광역시 서구
이삭약국,인천광역시,서구,"인천광역시 서구 율도로 62-1, 1층 (석남동)",,37.51340783,126.6690134,약국 내부,,032-718-0425,2025-07-11,3560000,인천광역시 서구
위드팜100세약국,인천광역시,서구,"인천광역시 서구 완정로 35 (마전동, 대운프라자)",,37.5955809379,126.6700873335,약국 내부,,032-718-0425,2025-07-11,3560000,인천광역시 서구
원당우리약국,인천광역시,서구,"인천광역시 서구 원당대로 859, 107호 (원당동, 원당메디칼프라자)",,37.5939451575,126.6970253477,약국 내부,,032-718-0425,2025-07-11,3560000,인천광역시 서구
원당연세약국,인천광역시,서구,"인천광역시 서구 원당대로 866, 201호 (당하동, 세브란스빌딩)",,37.5932347381,126.6976617506,약국 내부,,032-718-0425,2025-07-11,3560000,인천광역시 서구
원광한약국,인천광역시,서구,"인천광역시 서구 탁옥로98번길 1, 106호 (심곡동)",,37.5434680005,126.6806948773,약국 내부,,032-718-0425,2025-07-11,3560000,인천광역시 서구
우리약국,인천광역시,서구,"인천광역시 서구 서달로 159, 102호 (석남동)",,37.51279495,126.6786308,약국 내부,,032-718-0425,2025-07-11,3560000,인천광역시 서구
옵티마정다운약국,인천광역시,서구,인천광역시 서구 가정로 204 (석남동),,37.50297538,126.6722683,약국 내부,,032-718-0425,2025-07-11,3560000,인천광역시 서구
올리브약국,인천광역시,서구,"인천광역시 서구 원당대로 663, 한종프라자 103호 (마전동)",,37.5939779912,126.6749258725,약국 내부,,032-718-0425,2025-07-11,3560000,인천광역시 서구
온누리이화약국,인천광역시,서구,인천광역시 서구 거북로 115 (석남동),,37.5032175618,126.6746105773,약국 내부,,032-718-0425,2025-07-11,3560000,인천광역시 서구
옥신온누리약국,인천광역시,서구,인천광역시 서구 고래울로 29 (가좌동),,37.4869583693,126.6856739546,약국 내부,,032-718-0425,2025-07-11,3560000,인천광역시 서구
오렌지약국,인천광역시,서구,"인천광역시 서구 가정로 375, 104호 (신현동, 금강아미움상가)",,37.5184745667,126.6726216886,약국 내부,,032-718-0425,2025-07-11,3560000,인천광역시 서구
열린온누리약국,인천광역시,서구,"인천광역시 서구 단봉로 97-7, 108호 (오류동)",,37.5965968373,126.6402776654,약국 내부,,032-718-0425,2025-07-11,3560000,인천광역시 서구
열린약국,인천광역시,서구,"인천광역시 서구 가정로 364, 1층 (가정동)",,37.5172387739,126.6731487745,약국 내부,,032-718-0425,2025-07-11,3560000,인천광역시 서구
열린솔약국,인천광역시,서구,"인천광역시 서구 검단로768번길 2, 105호 (불로동, 불로메디컬)",,37.61354545,126.6856384,약국 내부,,032-718-0425,2025-07-11,3560000,인천광역시 서구
연희우리약국,인천광역시,서구,인천광역시 서구 심곡로 24 (심곡동),,37.5421608394,126.672309606,약국 내부,,032-718-0425,2025-07-11,3560000,인천광역시 서구
연희연세약국,인천광역시,서구,"인천광역시 서구 서곶로369번길 24, 1층 (연희동)",,37.5505720576,126.67409192,약국 내부,,032-718-0425,2025-07-11,3560000,인천광역시 서구
연세온누리약국,인천광역시,서구,"인천광역시 서구 승학로 321, 1층 (연희동)",,37.5503267983,126.6736973626,약국 내부,,032-718-0425,2025-07-11,3560000,인천광역시 서구
연세약국,인천광역시,서구,"인천광역시 서구 승학로 577, 111호 (검암동, 장은프라자)",,37.567396673,126.6832305648,약국 내부,,032-718-0425,2025-07-11,3560000,인천광역시 서구
에버그린약국,인천광역시,서구,"인천광역시 서구 건지로 371, 1층 1호 (가좌동)",,37.4969489459,126.6831355171,약국 내부,,032-718-0425,2025-07-11,3560000,인천광역시 서구
신현프라자약국,인천광역시,서구,인천광역시 서구 율도로 55 (신현동),,37.5137722462,126.6683255032,약국 내부,,032-718-0425,2025-07-11,3560000,인천광역시 서구
수약국,인천광역시,서구,"인천광역시 서구 완정로 70, 211호 (마전동, 영남탑스빌아파트 상가)",,37.5980110544,126.6673173505,약국 내부,,032-718-0425,2025-07-11,3560000,인천광역시 서구
성호약국,인천광역시,서구,"인천광역시 서구 원적로 85, 310호 (가좌동, 우신프라자)",,37.4945689793,126.6814058215,약국 내부,,032-718-0425,2025-07-11,3560000,인천광역시 서구
성심약국,인천광역시,서구,"인천광역시 서구 검단로768번1길 4, 1층 (불로동, 세인빌딩)",,37.61327055,126.6860404,약국 내부,,032-718-0425,2025-07-11,3560000,인천광역시 서구
성심메디팜약국,인천광역시,서구,인천광역시 서구 원적로 100 (가좌동),,37.49501424,126.6828063,약국 내부,,032-718-0425,2025-07-11,3560000,인천광역시 서구
성민메디칼약국,인천광역시,서구,인천광역시 서구 신석로 68 (석남동),,37.50986685,126.6695104,약국 내부,,032-718-0425,2025-07-11,3560000,인천광역시 서구
성민대학약국,인천광역시,서구,"인천광역시 서구 길주로75번길 35, 1층 (석남동)",,37.50971619,126.6703784,약국 내부,,032-718-0425,2025-07-11,3560000,인천광역시 서구
성모사랑약국,인천광역시,서구,인천광역시 서구 심곡로100번길 15 (심곡동),,37.5420130034,126.6826748033,약국 내부,,032-718-0425,2025-07-11,3560000,인천광역시 서구
성누가약국,인천광역시,서구,"인천광역시 서구 탁옥로 55, SM스카이빌 (심곡동)",,37.5441284385,126.6758367722,약국 내부,,032-718-0425,2025-07-11,3560000,인천광역시 서구
석남우리약국,인천광역시,서구,인천광역시 서구 가정로 291 (석남동),,37.51093043,126.6723072,약국 내부,,032-718-0425,2025-07-11,3560000,인천광역시 서구
함께약국,인천광역시,서구,"인천광역시 서구 서곶로 823, 1층 (당하동)",,37.59069063,126.6729641,약국 내부,,032-718-0425,2025-07-11,3560000,인천광역시 서구
한솔약국,인천광역시,서구,"인천광역시 서구 가정로 382 (가정동, 새인천상가)",,37.5189181196,126.6733668931,약국 내부,,032-718-0425,2025-07-11,3560000,인천광역시 서구
한성메디칼약국,인천광역시,서구,"인천광역시 서구 완정로 36, 1층 (마전동, 한성빌딩)",,37.5959452667,126.6702698438,약국 내부,,032-718-0425,2025-07-11,3560000,인천광역시 서구
한샘약국,인천광역시,서구,"인천광역시 서구 원적로 29, 나동 4호 (가좌동, 한샘상가)",,37.4897376958,126.679934787,약국 내부,,032-718-0425,2025-07-11,3560000,인천광역시 서구
한마음한약국,인천광역시,서구,"인천광역시 서구 심곡로 79, 3층 (심곡동, 우정상가)",,37.5421673113,126.6783336069,약국 내부,,032-718-0425,2025-07-11,3560000,인천광역시 서구
한마음약국,인천광역시,서구,"인천광역시 서구 원적로 85, 우신프라자 210호 (가좌동)",,37.4945689793,126.6814058215,약국 내부,,032-718-0425,2025-07-11,3560000,인천광역시 서구
한국약국,인천광역시,서구,인천광역시 서구 서달로163번길 9 (석남동),,37.5130673177,126.6779022693,약국 내부,,032-718-0425,2025-07-11,3560000,인천광역시 서구
한결약국,인천광역시,서구,인천광역시 서구 고래울로 4 (가좌동),,37.48874185,126.6835247,약국 내부,,032-718-0425,2025-07-11,3560000,인천광역시 서구
하늘약국,인천광역시,서구,"인천광역시 서구 가정로 372, 1층 일부호 (가정동)",,37.5181406824,126.6732167827,약국 내부,,032-718-0425,2025-07-11,3560000,인천광역시 서구
하나약국,인천광역시,서구,"인천광역시 서구 단봉로 107, 성우프라자 102호 (왕길동)",,37.59739135,126.6396934,약국 내부,,032-718-0425,2025-07-11,3560000,인천광역시 서구
플러스약국,인천광역시,서구,"인천광역시 서구 칠천왕로33번길 18, 1층 (석남동)",,37.50947656,126.6698089,약국 내부,,032-718-0425,2025-07-11,3560000,인천광역시 서구
프라자약국,인천광역시,서구,"인천광역시 서구 원당대로 660, 1층 101-1호 (당하동)",,37.59328881,126.6742976,약국 내부,,032-718-0425,2025-07-11,3560000,인천광역시 서구
푸른약국,인천광역시,서구,인천광역시 서구 심곡로194번길 1 (공촌동),,37.5502830212,126.6822915364,약국 내부,,032-718-0425,2025-07-11,3560000,인천광역시 서구
푸른솔약국,인천광역시,서구,"인천광역시 서구 고산후로95번길 32, 명진프라자 1층 102호 (당하동)",,37.59275462,126.6956022,약국 내부,,032-718-0425,2025-07-11,3560000,인천광역시 서구
푸른건강약국,인천광역시,서구,인천광역시 서구 가정로 370 (가정동),,37.5177981356,126.6731889795,약국 내부,,032-718-0425,2025-07-11,3560000,인천광역시 서구
편안한약국,인천광역시,서구,인천광역시 서구 원적로27번길 11 (가좌동),,37.4894397309,126.6788712476,약국 내부,,032-718-0425,2025-07-11,3560000,인천광역시 서구
토마토약국,인천광역시,서구,"인천광역시 서구 심곡로100번길 17-3, 1~3층 (심곡동)",,37.542124858,126.6826900574,약국 내부,,032-718-0425,2025-07-11,3560000,인천광역시 서구
크린팜대학약국,인천광역시,서구,"인천광역시 서구 심곡로100번길 17-5, 1층 (심곡동)",,37.5422916768,126.6826730564,약국 내부,,032-718-0425,2025-07-11,3560000,인천광역시 서구
청우약국,인천광역시,서구,인천광역시 서구 가정로 202 (석남동),,37.5027630465,126.672278417,약국 내부,,032-718-0425,2025-07-11,3560000,인천광역시 서구
천사약국,인천광역시,서구,인천광역시 서구 가정로 363 (신현동),,37.5173996525,126.6726788702,약국 내부,,032-718-0425,2025-07-11,3560000,인천광역시 서구
참조은약국,인천광역시,서구,"인천광역시 서구 마전로5번길 22-1, 101호 (마전동)",,37.6135782119,126.6603870669,약국 내부,,032-718-0425,2025-07-11,3560000,인천광역시 서구
참사랑약국,인천광역시,서구,"인천광역시 서구 검단로 836, 212,213호 (불로동, 월드아파트 중앙상가)",,37.6184253,126.6930745,약국 내부,,032-718-0425,2025-07-11,3560000,인천광역시 서구
착한약국,인천광역시,서구,"인천광역시 서구 완정로 180, 1층 (마전동, 동화빌딩)",,37.60282789,126.6564912,약국 내부,,032-718-0425,2025-07-11,3560000,인천광역시 서구
즐거운약국,인천광역시,서구,"인천광역시 서구 원당대로 581 (마전동, 롯데마트)",,37.5945319695,126.6645754132,약국 내부,,032-718-0425,2025-07-11,3560000,인천광역시 서구
중앙약국,인천광역시,서구,인천광역시 서구 길주로75번길 36 (석남동),,37.50974856,126.6707098,약국 내부,,032-718-0425,2025-07-11,3560000,인천광역시 서구
조은약국,인천광역시,서구,인천광역시 서구 거북로 98 (석남동),,37.502964415,126.6726338948,약국 내부,,032-718-0425,2025-07-11,3560000,인천광역시 서구
조은나라약국,인천광역시,서구,"인천광역시 서구 검단로 842, 206호 (불로동, 월드불로마트)",,37.6186272,126.6908983,약국 내부,,032-718-0425,2025-07-11,3560000,인천광역시 서구
제일약국,인천광역시,서구,"인천광역시 서구 심곡로 133, 대동상가동 1층 111호 (심곡동)",,37.5448557238,126.6816328001,약국 내부,,032-718-0425,2025-07-11,3560000,인천광역시 서구
정온누리약국,인천광역시,서구,"인천광역시 서구 건지로 264, 112, 113호 (가좌동)",,37.4988948864,126.6715078947,약국 내부,,032-718-0425,2025-07-11,3560000,인천광역시 서구
정성약국,인천광역시,서구,"인천광역시 서구 가정로 201-1, 1층 (석남동, 두일빌딩)",,37.502903,126.6718016816,약국 내부,,032-718-0425,2025-07-11,3560000,인천광역시 서구
정든약국,인천광역시,서구,인천광역시 서구 가정로 124 (가좌동),,37.4957189105,126.6718206838,약국 내부,,032-718-0425,2025-07-11,3560000,인천광역시 서구
정다운온누리약국,인천광역시,서구,"인천광역시 서구 가정로 398, 105호 (가정동, 서해프라자)",,37.5203932798,126.6733177034,약국 내부,,032-718-0425,2025-07-11,3560000,인천광역시 서구
소촌라인1차아파트,광주광역시,광산구,광주광역시 광산구 소촌로152번길 38,,35.15720342,126.7952033,,광주광역시 광산구청,062-946-9818,2025-12-19,3630000,광주광역시 광산구
온세계아트빌아파트,광주광역시,광산구,광주광역시 광산구 소촌로152번길 20,,35.15764307,126.7937993,,광주광역시 광산구청,062-456-0446,2025-12-19,3630000,광주광역시 광산구
광주선운휴먼시아아파트,광주광역시,광산구,광주광역시 광산구 선운중앙로 68,,35.14768579,126.779235,,광주광역시 광산구청,062-941-2322,2025-12-19,3630000,광주광역시 광산구
선운모아엘가아파트,광주광역시,광산구,광주광역시 광산구 선운중앙로 45,,35.14972154,126.7779195,,광주광역시 광산구청,062-944-5552,2025-12-19,3630000,광주광역시 광산구
광주선운지구EGthe1 2단지아파트,광주광역시,광산구,광주광역시 광산구 선운중앙로 43,,35.14963786,126.7759442,,광주광역시 광산구청,062-941-6481,2025-12-19,3630000,광주광역시 광산구
광주선운지구EGthe1 1단지아파트,광주광역시,광산구,광주광역시 광산구 선운로20번길 47,,35.14716935,126.7755283,,광주광역시 광산구청,062-944-0582,2025-12-19,3630000,광주광역시 광산구
선운리버프라임아파트,광주광역시,광산구,광주광역시 광산구 선운로 65,,35.15064951,126.7768992,,광주광역시 광산구청,062-944-9548,2025-12-19,3630000,광주광역시 광산구
선운지구다사로움아파트,광주광역시,광산구,광주광역시 광산구 선운로 34,,35.14915923,126.7734652,,광주광역시 광산구청,062-943-1995,2025-12-19,3630000,광주광역시 광산구
수완산이고운더테라스아파트,광주광역시,광산구,광주광역시 광산구 상완길 299,,35.20781823,126.8267689,,광주광역시 광산구청,,2025-12-19,3630000,광주광역시 광산구
부영그린타운아파트,광주광역시,광산구,광주광역시 광산구 산월로 81,,35.21003947,126.8458685,,광주광역시 광산구청,062-974-0220,2025-12-19,3630000,광주광역시 광산구
부영사랑으로아파트,광주광역시,광산구,광주광역시 광산구 산월로 64,,35.20789005,126.8436456,,광주광역시 광산구청,062-973-9236,2025-12-19,3630000,광주광역시 광산구
영천마을주공10단지,광주광역시,광산구,광주광역시 광산구 사암로340번길 30,,35.17450957,126.809397,,광주광역시 광산구청,062-962-7200,2025-12-19,3630000,광주광역시 광산구
금호사원아파트,광주광역시,광산구,광주광역시 광산구 사암로27번길 41,,35.1451856,126.8067782,,광주광역시 광산구청,062-941-5526,2025-12-19,3630000,광주광역시 광산구
어등하이빌아파트,광주광역시,광산구,광주광역시 광산구 사암로215번길 16,,35.1641281,126.8081937,,광주광역시 광산구청,062-952-3015,2025-12-19,3630000,광주광역시 광산구
대덕2차아파트,광주광역시,광산구,광주광역시 광산구 사암로118번길 127-6,,35.15509291,126.8146369,,광주광역시 광산구청,062-941-7503,2025-12-19,3630000,광주광역시 광산구
신촌동대주아파트,광주광역시,광산구,광주광역시 광산구 사암로 24,,35.1455505,126.807817,,광주광역시 광산구청,062-945-8261,2025-12-19,3630000,광주광역시 광산구
중흥파크맨션1단지아파트,광주광역시,광산구,광주광역시 광산구 비아로62번길 7,,35.21984328,126.8178367,,광주광역시 광산구청,062-955-0496,2025-12-19,3630000,광주광역시 광산구
비아호반아파트,광주광역시,광산구,광주광역시 광산구 비아로 185,,35.22309737,126.8238953,,광주광역시 광산구청,062-953-0588,2025-12-19,3630000,광주광역시 광산구
풍산읍보건지소,경상북도,안동시,경상북도 안동시 풍산읍 풍산중앙길 99,,36.58024125,128.5722246,,풍산읍보건지소,054-858-6894,2025-11-01,5070000,경상북도 안동시
임하면보건지소,경상북도,안동시,경상북도 안동시 임하면 충효로 3250,,36.52434165,128.8315355,,임하면보건지소,054-822-3108,2025-11-01,5070000,경상북도 안동시
위리보건진료소,경상북도,안동시,경상북도 안동시 임동면 임예로 724,,36.61381649,128.9479855,,위리보건진료소,054-822-0181,2025-11-01,5070000,경상북도 안동시
임동면보건지소,경상북도,안동시,경상북도 안동시  임동면 챗거리길 49,,36.56863291,128.9201383,,임동면보건지소,054-822-4125,2025-11-01,5070000,경상북도 안동시
명진보건진료소,경상북도,안동시,경상북도 안동시 일직면 평팔명진길 223,,36.42977735,128.6452806,,명진보건진료소,054-855-0469,2025-11-01,5070000,경상북도 안동시
국곡보건진료소,경상북도,안동시,경상북도 안동시 일직면 풍일로 2011,,36.46641298,128.6162619,,국곡보건진료소,054-842-0121,2025-11-01,5070000,경상북도 안동시
일직면보건지소,경상북도,안동시,경상북도 안동시 일직면 논들길 25,,36.47351997,128.6590344,,일직면보건지소,054-858-4507,2025-11-01,5070000,경상북도 안동시
이하보건진료소,경상북도,안동시,경상북도 안동시 와룡면 서날골길 144-6,,36.61214841,128.7425893263,,이하보건진료소,054-859-0269,2025-11-01,5070000,경상북도 안동시
와룡면보건지소,경상북도,안동시,경상북도 안동시 와룡면 퇴계로 807,,36.61548004,128.7658198,,와룡면보건지소,054-855-5845,2025-11-01,5070000,경상북도 안동시
삼계보건진료소,경상북도,안동시,경상북도 안동시 예안면 농암로 2407,,36.72051279,128.9244121,,삼계보건진료소,054-822-0708,2025-11-01,5070000,경상북도 안동시
구룡보건진료소,경상북도,안동시,경상북도 안동시 예안면 계일길 3,,36.64376626,128.9011824,,구룡보건진료소,054-822-5043,2025-11-01,5070000,경상북도 안동시
예안면보건지소,경상북도,안동시,경상북도 안동시 예안면 농암로 1481,,36.66249041,128.8835036,,예안면보건지소,054-822-1130,2025-11-01,5070000,경상북도 안동시
이송천보건진료소,경상북도,안동시,경상북도 안동시 서후면 이송천1길 13-4,,36.60844527,128.6916833,,이송천보건진료소,054-853-8380,2025-11-01,5070000,경상북도 안동시
이개보건진료소,경상북도,안동시,경상북도 안동시 서후면 귀여리길 377,,36.61636026,128.6414133,,이개보건진료소,054-841-5636,2025-11-01,5070000,경상북도 안동시
동부센트레빌아파트,광주광역시,광산구,광주광역시 광산구 무진대로 279,,35.16188705,126.8108868,,광주광역시 광산구청,062-959-5295,2025-12-19,3630000,광주광역시 광산구
한국아델리움중해마루힐아파트,광주광역시,광산구,광주광역시 광산구 무진대로 278-11,,35.16031884,126.811159,,광주광역시 광산구청,062-942-1231,2025-12-19,3630000,광주광역시 광산구
광주우산LH1단지아파트,광주광역시,광산구,광주광역시 광산구 무진대로 246-7,,35.1606593,126.807615,,광주광역시 광산구청,062-944-9884,2025-12-19,3630000,광주광역시 광산구
신가중흥2차아파트,광주광역시,광산구,광주광역시 광산구 목련로382번길 79,,35.18110867,126.837076,,광주광역시 광산구청,062-955-7995,2025-12-19,3630000,광주광역시 광산구
운남주공2단지아파트,광주광역시,광산구,광주광역시 광산구 목련로273번길 76,,35.17822307,126.8276327,,광주광역시 광산구청,,2025-12-19,3630000,광주광역시 광산구
운남 진아리채리버힐즈아파트,광주광역시,광산구,광주광역시 광산구 목련로273번길 23,,35.17470143,126.8255789,,광주광역시 광산구청,062-531-6308,2025-12-19,3630000,광주광역시 광산구
하남2지구다사로움1단지아파트,광주광역시,광산구,광주광역시 광산구 목련로21번길 45,,35.1754179,126.7984485,,광주광역시 광산구청,062-955-7183,2025-12-19,3630000,광주광역시 광산구
하남2지구중흥S-클래스아파트,광주광역시,광산구,광주광역시 광산구 목련로21번길 20,,35.17563253,126.8003655,,광주광역시 광산구청,062-956-3788,2025-12-19,3630000,광주광역시 광산구
남양아파트,광주광역시,광산구,광주광역시 광산구 목련로219번길 45,,35.17404941,126.822618,,광주광역시 광산구청,062-955-6181,2025-12-19,3630000,광주광역시 광산구
운남주공7단지아파트,광주광역시,광산구,광주광역시 광산구 목련로153번길 56,,35.17444765,126.8166986,,광주광역시 광산구청,062-961-4466,2025-12-19,3630000,광주광역시 광산구
운남주공8단지아파트,광주광역시,광산구,광주광역시 광산구 목련로153번길 143,,35.17936499,126.8136853,,광주광역시 광산구청,062-961-2588,2025-12-19,3630000,광주광역시 광산구
신월보건진료소,전라남도,순천시,전라남도 순천시 월등면 월등로 360,,35.0875343603,127.3632040408,,,061-749-6827,2024-12-04,4820000,전라남도 순천시
망룡보건진료소,전라남도,순천시,전라남도 순천시 월등면 복사골길 116,,35.0828853359,127.4063991294,,,061-749-6827,2024-12-04,4820000,전라남도 순천시
비촌보건진료소,전라남도,순천시,전라남도 순천시 황전면 비촌1길 83,,35.1742142314,127.4285195880,,,061-749-6827,2024-12-04,4820000,전라남도 순천시
평죽보건진료소,전라남도,순천시,전라남도 순천시 황전면 농소길 9,,35.0801330762,127.4619252939,,,061-749-6827,2024-12-04,4820000,전라남도 순천시
회덕보건진료소,전라남도,순천시,전라남도 순천시 황전면 삽재팔동길 391,,35.1082569895,127.4961715532,,,061-749-6827,2024-12-04,4820000,전라남도 순천시
구상보건진료소,전라남도,순천시,전라남도 순천시 서면 수통목길 3,,35.0015081734,127.5492065977,,,061-749-6827,2024-12-04,4820000,전라남도 순천시
판교보건진료소,전라남도,순천시,전라남도 순천시 서면 판교안길 162-1,,35.0252328668,127.5025542263,,,061-749-6827,2024-12-04,4820000,전라남도 순천시
선월보건진료소,전라남도,순천시,전라남도 순천시 해룡면 선월길 43,,34.9163474261,127.5593417725,,,061-749-6827,2024-12-04,4820000,전라남도 순천시
하사보건진료소,전라남도,순천시,전라남도 순천시 해룡면 하사길 79,,34.8595888668,127.5454418669,,,061-749-6827,2024-12-04,4820000,전라남도 순천시
쌍지보건진료소,전라남도,순천시,전라남도 순천시 상사면 쌍지길 6,,34.9322858894,127.4137037750,,,061-749-6827,2024-12-04,4820000,전라남도 순천시
마륜보건진료소,전라남도,순천시,전라남도 순천시 상사면 민속마을길 280-8,,34.9248797198,127.4590158307,,,061-749-6827,2024-12-04,4820000,전라남도 순천시
학산보건진료소,전라남도,순천시,전라남도 순천시 별량면 장산길 96-1,,34.8638199301,127.4881240663,,,061-749-6827,2024-12-04,4820000,전라남도 순천시
마산보건진료소,전라남도,순천시,전라남도 순천시 별량면 마산길 132,,34.8459933573,127.4515772618,,,061-749-6827,2024-12-04,4820000,전라남도 순천시
송기보건진료소,전라남도,순천시,전라남도 순천시 별량면 송산송기길 140,,34.8557014152,127.4156975113,,,061-749-6827,2024-12-04,4820000,전라남도 순천시
창녕보건진료소,전라남도,순천시,전라남도 순천시 낙안면 창녕길 9,,34.9200333924,127.3875675346,,,061-749-6827,2024-12-04,4820000,전라남도 순천시
신전보건진료소,전라남도,순천시,전라남도 순천시 낙안면 금산신전길 17,,34.9473887224,127.3531773794,,,061-749-6827,2024-12-04,4820000,전라남도 순천시
도신보건진료소,전라남도,순천시,전라남도 순천시 외서면 도신길 96,,34.9101512524,127.2493402197,,,061-749-6827,2024-12-04,4820000,전라남도 순천시
후곡보건진료소,전라남도,순천시,전라남도 순천시 송광면 모후실2길 2,,35.0141557473,127.2105951582,,,061-749-6827,2024-12-04,4820000,전라남도 순천시
창촌보건진료소,전라남도,순천시,전라남도 순천시 주암면 주목로 12,,35.0609734900,127.2768496538,,,061-749-6827,2024-12-04,4820000,전라남도 순천시
어왕보건진료소,전라남도,순천시,전라남도 순천시 주암면 한동길 100,,35.0954769624,127.2282527242,,,061-749-6827,2024-12-04,4820000,전라남도 순천시
운룡보건진료소,전라남도,순천시,전라남도 순천시 주암면 운룡2길 25,,35.0923849078,127.2013924098,,,061-749-6827,2024-12-04,4820000,전라남도 순천시
도정보건진료소,전라남도,순천시,전라남도 순천시 승주읍 도정송정길 11,,35.0423613461,127.3699418371,,,061-749-6827,2024-12-04,4820000,전라남도 순천시
월등보건지소,전라남도,순천시,전라남도 순천시 월등면 월등로 571,,35.0934404247,127.3804966771,,,061-749-6827,2024-12-04,4820000,전라남도 순천시
황전보건지소,전라남도,순천시,전라남도 순천시 황전면 백야중길 12,,35.1013732399,127.4270183549,,,061-749-6827,2024-12-04,4820000,전라남도 순천시
상사보건지소,전라남도,순천시,전라남도 순천시 상사면 상사초등길 36,,34.9429580122,127.4486976756,,,061-749-6827,2024-12-04,4820000,전라남도 순천시
별량보건지소,전라남도,순천시,전라남도 순천시 별량면 별량장길 27,,34.8740105610,127.4523514200,,,061-749-6827,2024-12-04,4820000,전라남도 순천시
낙안보건지소,전라남도,순천시,전라남도 순천시 낙안면 민속마을길 1690,,34.9082183881,127.3466537679,,,061-749-6827,2024-12-04,4820000,전라남도 순천시
외서보건지소,전라남도,순천시,전라남도 순천시 외서면 쌍향수길 440,,34.9137656861,127.2774038174,,,061-749-6827,2024-12-04,4820000,전라남도 순천시
송광보건지소,전라남도,순천시,전라남도 순천시 송광면 쌍향수길 1338,,34.9742885530,127.2638670299,,,061-749-6827,2024-12-04,4820000,전라남도 순천시
주암보건지소,전라남도,순천시,전라남도 순천시 주암면 동주로 2086,,35.0753247272,127.2391433967,,,061-749-6827,2024-12-04,4820000,전라남도 순천시
승주보건지소,전라남도,순천시,전라남도 순천시 승주읍 승주로 694,,35.0139550024,127.3855902216,,,061-749-6827,2024-12-04,4820000,전라남도 순천시
순천시보건소,전라남도,순천시,전라남도 순천시 중앙로 232,,34.9666770533,127.4860725604,,,061-749-6827,2024-12-04,4820000,전라남도 순천시
왕조2동 행정복지센터,전라남도,순천시,전라남도 순천시 왕궁길 50,,34.9552876369,127.5324572926,,,061-749-6827,2024-12-04,4820000,전라남도 순천시
왕조1동 행정복지센터,전라남도,순천시,전라남도 순천시 조례신대길 8,,34.9621311908,127.5207589022,,,061-749-6827,2024-12-04,4820000,전라남도 순천시
도사동 행정복지센터,전라남도,순천시,전라남도 순천시 순천만길 27,,34.9253146800,127.4936561651,,,061-749-6827,2024-12-04,4820000,전라남도 순천시
중앙동 행정복지센터,전라남도,순천시,전라남도 순천시 강남로 128,,34.9560077886,127.4864363267,,,061-749-6827,2024-12-04,4820000,전라남도 순천시
장천동 행정복지센터,전라남도,순천시,전라남도 순천시 중앙로 22,,34.9485069922,127.4867659782,,,061-749-6827,2024-12-04,4820000,전라남도 순천시
저전동 행정복지센터,전라남도,순천시,전라남도 순천시 청사1길 43,,34.9480573177,127.4840757650,,,061-749-6827,2024-12-04,4820000,전라남도 순천시
남제동 행정복지센터,전라남도,순천시,전라남도 순천시 남정5길 1,,34.9412948310,127.4879434392,,,061-749-6827,2024-12-04,4820000,전라남도 순천시
풍덕동 행정복지센터,전라남도,순천시,전라남도 순천시 풍덕1길 40,,34.9418574990,127.4972952544,,,061-749-6827,2024-12-04,4820000,전라남도 순천시
덕연동 행정복지센터,전라남도,순천시,전라남도 순천시 덕연로 41,,34.9485106328,127.5107521358,,,061-749-6827,2024-12-04,4820000,전라남도 순천시
조곡동 행정복지센터,전라남도,순천시,전라남도 순천시 자경1길 13,,34.9500374930,127.4985772301,,,061-749-6827,2024-12-04,4820000,전라남도 순천시
삼산동 행정복지센터,전라남도,순천시,전라남도 순천시 삼산로 3,,34.9708967486,127.4837727349,,,061-749-6827,2024-12-04,4820000,전라남도 순천시
매곡동 행정복지센터,전라남도,순천시,전라남도 순천시 북정2길 63,,34.9639523555,127.4827994639,,,061-749-6827,2024-12-04,4820000,전라남도 순천시
향동 행정복지센터,전라남도,순천시,전라남도 순천시 임청대길 1,,34.9526300621,127.4791311036,,,061-749-6827,2024-12-04,4820000,전라남도 순천시
월등면 행정복지센터,전라남도,순천시,전라남도 순천시 월등면 월등로 571,,35.0934404247,127.3804966771,,,061-749-6827,2024-12-04,4820000,전라남도 순천시
황전면 행정복지센터,전라남도,순천시,전라남도 순천시 황전면 백야중길 12,,35.1013732399,127.4270183549,,,061-749-6827,2024-12-04,4820000,전라남도 순천시
서면 행정복지센터,전라남도,순천시,전라남도 순천시 서면 임촌동길 94,,34.9947358955,127.4884466221,,,061-749-6827,2024-12-04,4820000,전라남도 순천시
해룡면 행정복지센터,전라남도,순천시,전라남도 순천시 해룡면 해룡로 1128-10,,34.9136953236,127.5377071935,,,061-749-6827,2024-12-04,4820000,전라남도 순천시
상사면 행정복지센터,전라남도,순천시,전라남도 순천시 상사면 상사호길 330,,34.9391229060,127.4551896083,,,061-749-6827,2024-12-04,4820000,전라남도 순천시
별량면 행정복지센터,전라남도,순천시,전라남도 순천시 별량면 별량장길 25,,34.8743656479,127.4519415888,,,061-749-6827,2024-12-04,4820000,전라남도 순천시
낙안면 행정복지센터,전라남도,순천시,전라남도 순천시 낙안면 민속마을길 1690,,34.9082183881,127.3466537679,,,061-749-6827,2024-12-04,4820000,전라남도 순천시
외서면 행정복지센터,전라남도,순천시,전라남도 순천시 외서면 쌍향수길 440,,34.9137656861,127.2774038174,,,061-749-6827,2024-12-04,4820000,전라남도 순천시
송광면 행정복지센터,전라남도,순천시,전라남도 순천시 송광면 쌍향수길 1338,,34.9742885530,127.2638670299,,,061-749-6827,2024-12-04,4820000,전라남도 순천시
주암면 행정복지센터,전라남도,순천시,전라남도 순천시 주암면 동주로 2047,,35.0768196005,127.2350645610,,,061-749-6827,2024-12-04,4820000,전라남도 순천시
승주읍 행정복지센터,전라남도,순천시,전라남도 순천시 승주읍 승주로 731,,35.0145191208,127.3895301886,,,061-749-6827,2024-12-04,4820000,전라남도 순천시
해룡면  행정복지센터 신대출장소,전라남도,순천시,전라남도 순천시 해룡면 매안로 162,,34.9366213393,127.5481894244,,,061-749-6827,2024-12-04,4820000,전라남도 순천시
해룡면 행정복지센터 상삼출장소,전라남도,순천시,전라남도 순천시 해룡면 상삼길 16,,34.9492184490,127.5341284691,,,061-749-6827,2024-12-04,4820000,전라남도 순천시
성대약국,전라남도,순천시,전라남도 순천시 팔마로 132 (조곡동),,34.9450907158,127.5025600772,,,061-749-6827,2024-12-04,4820000,전라남도 순천시
온누리보건약국,전라남도,순천시,전라남도 순천시 왕궁중앙길 28 (조례동),,34.9555757042,127.5332820256,,,061-749-6827,2024-12-04,4820000,전라남도 순천시
전남약국,전라남도,순천시,전라남도 순천시 비봉2길 7 (조례동),,34.9718813273,127.5212170632,,,061-749-6827,2024-12-04,4820000,전라남도 순천시
동방약국,전라남도,순천시,전라남도 순천시 중앙로 152 (매곡동),,34.9591269986,127.4845673037,,,061-749-6827,2024-12-04,4820000,전라남도 순천시
메디팜영진약국,전라남도,순천시,"전라남도 순천시 삼산로 102, 1층 (용당동)",,34.9732385129,127.4946615159,,,061-749-6827,2024-12-04,4820000,전라남도 순천시
정성약국,전라남도,순천시,전라남도 순천시 북정1길 2 (매곡동),,34.9625414435,127.4842673590,,,061-749-6827,2024-12-04,4820000,전라남도 순천시
온누리부부약국,전라남도,순천시,전라남도 순천시 남산로 144 (풍덕동),,34.9403271570,127.5040482721,,,061-749-6827,2024-12-04,4820000,전라남도 순천시
중앙약국,전라남도,순천시,전라남도 순천시 중앙로 82 (장천동),,34.9528546647,127.4841375771,,,061-749-6827,2024-12-04,4820000,전라남도 순천시
보문약국,전라남도,순천시,전라남도 순천시 황전면 괴목길 87,,35.1031252973,127.4295968546,,,061-749-6827,2024-12-04,4820000,전라남도 순천시
호남약국,전라남도,순천시,전라남도 순천시 중앙로 58 (장천동),,34.9508880417,127.4842489564,,,061-749-6827,2024-12-04,4820000,전라남도 순천시
명성온누리약국,전라남도,순천시,전라남도 순천시 봉화3길 14 (조례동),,34.9632556855,127.5199811176,,,061-749-6827,2024-12-04,4820000,전라남도 순천시
시장약국,전라남도,순천시,전라남도 순천시 장평로 53 (인제동),,34.9445898222,127.4938558443,,,061-749-6827,2024-12-04,4820000,전라남도 순천시
21세기약국,전라남도,순천시,전라남도 순천시 팔마로 22 (장천동),,34.9463336781,127.4906413031,,,061-749-6827,2024-12-04,4820000,전라남도 순천시
역전약국,전라남도,순천시,전라남도 순천시 풍덕주택길 10 (조곡동),,34.9447330200,127.5019346922,,,061-749-6827,2024-12-04,4820000,전라남도 순천시
온누리조례제일약국,전라남도,순천시,전라남도 순천시 조례1길 19 (조례동),,34.9606512591,127.5236710954,,,061-749-6827,2024-12-04,4820000,전라남도 순천시
우리약국,전라남도,순천시,전라남도 순천시 해룡면 조례못등길 123,,34.9477831581,127.5288815776,,,061-749-6827,2024-12-04,4820000,전라남도 순천시
은약국,전라남도,순천시,전라남도 순천시 이수로 291 (조례동),,34.9526127245,127.5159540571,,,061-749-6827,2024-12-04,4820000,전라남도 순천시
영재약국,전라남도,순천시,전라남도 순천시 중앙로 54 (장천동),,34.9506872438,127.4844676039,,,061-749-6827,2024-12-04,4820000,전라남도 순천시
아랫장약국,전라남도,순천시,"전라남도 순천시 팔마로 48, 1층 (인제동)",,34.9461800120,127.4935070835,,,061-749-6827,2024-12-04,4820000,전라남도 순천시
성심약국,전라남도,순천시,전라남도 순천시 해룡면 순광로 218,,34.9630268714,127.5423529032,,,061-749-6827,2024-12-04,4820000,전라남도 순천시
가든약국,전라남도,순천시,전라남도 순천시 장명로 47 (장천동),,34.9511509143,127.4892127585,,,061-749-6827,2024-12-04,4820000,전라남도 순천시
성모약국,전라남도,순천시,전라남도 순천시 해룡면 순광로 220,,34.9630958596,127.5426683674,,,061-749-6827,2024-12-04,4820000,전라남도 순천시
동아약국,전라남도,순천시,"전라남도 순천시 팔마로 15-4, 동아약국 (장천동)",,34.9468277055,127.4902217974,,,061-749-6827,2024-12-04,4820000,전라남도 순천시
승주동아약국,전라남도,순천시,전라남도 순천시 승주읍 승주로 706,,35.0137851750,127.3868675601,,,061-749-6827,2024-12-04,4820000,전라남도 순천시
이조약국,전라남도,순천시,전라남도 순천시 서문성터길 1 (행동),,34.9571058463,127.4834793908,,,061-749-6827,2024-12-04,4820000,전라남도 순천시
이화약국,전라남도,순천시,전라남도 순천시 우석로 98 (남정동),,34.9374331900,127.4887143608,,,061-749-6827,2024-12-04,4820000,전라남도 순천시
조례큰약국,전라남도,순천시,전라남도 순천시 이수로 325 (조례동),,34.9541391492,127.5192463988,,,061-749-6827,2024-12-04,4820000,전라남도 순천시
박약국,전라남도,순천시,전라남도 순천시 환선로 128 (석현동),,34.9668328532,127.4875237774,,,061-749-6827,2024-12-04,4820000,전라남도 순천시
별량우리들약국,전라남도,순천시,전라남도 순천시 별량면 별량길 123,,34.8712105857,127.4510698083,,,061-749-6827,2024-12-04,4820000,전라남도 순천시
참조은약국,전라남도,순천시,전라남도 순천시 해룡면 장선배기길 256,,34.9479146877,127.5303864618,,,061-749-6827,2024-12-04,4820000,전라남도 순천시
메디팜프라자약국,전라남도,순천시,전라남도 순천시 연향중앙상가길 27 (연향동),,34.9512153324,127.5200933745,,,061-749-6827,2024-12-04,4820000,전라남도 순천시
배들약국,전라남도,순천시,"전라남도 순천시 서면 배들이길 17, 상가동 1층 101호 (선평배들마을아파트)",,34.9893725544,127.4979190233,,,061-749-6827,2024-12-04,4820000,전라남도 순천시
세명약국,전라남도,순천시,전라남도 순천시 호남길 3 (행동),,34.9569324890,127.4837113558,,,061-749-6827,2024-12-04,4820000,전라남도 순천시
큰녹십자약국,전라남도,순천시,전라남도 순천시 중앙로 8-1 (장천동),,34.9476272744,127.4876801255,,,061-749-6827,2024-12-04,4820000,전라남도 순천시
편안한김약국,전라남도,순천시,전라남도 순천시 순광로 199 (조례동),,34.9632356539,127.5403252720,,,061-749-6827,2024-12-04,4820000,전라남도 순천시
초읍동주민센터,부산광역시,부산진구,부산광역시 부산진구 새싹로 284,부산광역시 부산진구 초읍동 291-38,35.18145343,129.0473602,민원실,,051-605-4464,2025-09-11,3290000,부산광역시 부산진구
연지동주민센터,부산광역시,부산진구,부산광역시 부산진구 국악로 30,부산광역시 부산진구 연지동 238-9,35.17277559,129.0528376,민원실,,051-605-4464,2025-09-11,3290000,부산광역시 부산진구
부전2동주민센터,부산광역시,부산진구,부산광역시 부산진구 부전로20번길 13,부산광역시 부산진구 부전동 523-6,35.15260479,129.0567936,민원실,,051-605-4464,2025-09-11,3290000,부산광역시 부산진구
부전1동주민센터,부산광역시,부산진구,부산광역시 부산진구 범전로5번길 13,부산광역시 부산진구 부전동 25-1,35.1635131,129.0630024,민원실,,051-605-4464,2025-09-11,3290000,부산광역시 부산진구
부산진구 보건소,부산광역시,부산진구,부산광역시 부산진구 황령대로8번길 36,부산광역시 부산진구 범천동 849-10,35.14611714,129.0597206,보건소 2층 의약관리계,,051-605-4464,2025-09-11,3290000,부산광역시 부산진구
부산진구청,부산광역시,부산진구,부산광역시 부산진구 시민공원로 30,부산광역시 부산진구 부암동 666-16,35.16283064,129.0531883,구청 1층 안내데스크,,051-605-4464,2025-09-11,3290000,부산광역시 부산진구
중구청,대구광역시,중구,대구광역시 중구 국채보상로139길 1 (동인동2가),대구광역시 중구 동인동2가 177-4,35.8693256621,128.6061576758,민원실,,053-661-2726,2025-09-15,3410000,대구광역시 중구
중구 노인복지관,대구광역시,중구,대구광역시 중구 태평로 45 (태평로3가),대구광역시 중구 태평로3가 174-1,35.8779060611,128.5833354604,,,053-661-2726,2025-09-15,3410000,대구광역시 중구
해링턴플레이스더반월당,대구광역시,중구,대구광역시 중구 중앙대로61길 30 (남산동),대구광역시 중구 남산동 453-7 해링턴플레이스더반월당,35.86053306,128.5904464,,,053-661-2726,2025-09-15,3410000,대구광역시 중구
태왕아너스스카이,대구광역시,중구,대구광역시 중구 달구벌대로 1975 (삼덕동2가),대구광역시 중구 대신동 305-1,35.8654116662,128.5792375134,,,053-661-2726,2025-09-15,3410000,대구광역시 중구
이편한세상대신,대구광역시,중구,대구광역시 중구 달구벌대로 1943 (삼덕동2가),대구광역시 중구 대신동 2110,35.8636199725,128.5768669538,,,053-661-2726,2025-09-15,3410000,대구광역시 중구
행복한온누리약국,전라남도,순천시,전라남도 순천시 조례못등길 23 (조례동),,34.9536370263,127.5271069559,,,061-749-6827,2024-12-04,4820000,전라남도 순천시
비타민약국,전라남도,순천시,전라남도 순천시 백연길 98 (조례동),,34.9535600261,127.5324646223,,,061-749-6827,2024-12-04,4820000,전라남도 순천시
효성온누리약국,전라남도,순천시,전라남도 순천시 우명길 41 (연향동),,34.9477064321,127.5128464948,,,061-749-6827,2024-12-04,4820000,전라남도 순천시
메디타운정겨운약국,전라남도,순천시,전라남도 순천시 신월큰길 13 (조례동),,34.9604321051,127.5198652561,,,061-749-6827,2024-12-04,4820000,전라남도 순천시
현대온누리약국,전라남도,순천시,전라남도 순천시 장선배기1길 4 (조례동),,34.9530494764,127.5226714794,,,061-749-6827,2024-12-04,4820000,전라남도 순천시
왕지약국,전라남도,순천시,전라남도 순천시 백연길 104 (조례동),,34.9533896349,127.5319162322,,,061-749-6827,2024-12-04,4820000,전라남도 순천시
다정약국,전라남도,순천시,전라남도 순천시 장선배기1길 6-10 (조례동),,34.9531835912,127.5231135324,,,061-749-6827,2024-12-04,4820000,전라남도 순천시
누엘약국,전라남도,순천시,전라남도 순천시 조례1길 10-26 (조례동),,34.9599317322,127.5222168930,,,061-749-6827,2024-12-04,4820000,전라남도 순천시
승주약국,전라남도,순천시,전라남도 순천시 순광로 209 (조례동),,34.9635983501,127.5411591434,,,061-749-6827,2024-12-04,4820000,전라남도 순천시
성신약국,전라남도,순천시,전라남도 순천시 중앙로 129 (매곡동),,34.9572872448,127.4838312460,,,061-749-6827,2024-12-04,4820000,전라남도 순천시
밝은약국,전라남도,순천시,전라남도 순천시 이수로 317 (조례동),,34.9541235189,127.5183897240,,,061-749-6827,2024-12-04,4820000,전라남도 순천시
행복주는약국,전라남도,순천시,전라남도 순천시 중앙로 67 (저전동),,34.9516409675,127.4835013833,,,061-749-6827,2024-12-04,4820000,전라남도 순천시
남부종합약국,전라남도,순천시,전라남도 순천시 중앙초등아랫길 80 (풍덕동),,34.9421653418,127.5034612950,,,061-749-6827,2024-12-04,4820000,전라남도 순천시
백제약국,전라남도,순천시,전라남도 순천시 팔마로 103 (조곡동),,34.9460445057,127.4997975114,,,061-749-6827,2024-12-04,4820000,전라남도 순천시
늘 평화로운 약국,전라남도,순천시,전라남도 순천시 양율길 176 (대룡동),,34.9078096412,127.4836742022,,,061-749-6827,2024-12-04,4820000,전라남도 순천시
행림당약국,전라남도,순천시,전라남도 순천시 중앙로 166 (매곡동),,34.9604132181,127.4847146927,,,061-749-6827,2024-12-04,4820000,전라남도 순천시
큰승주약국,전라남도,순천시,전라남도 순천시 중앙로 104 (남내동),,34.9547862668,127.4841962311,,,061-749-6827,2024-12-04,4820000,전라남도 순천시
정다운온누리약국,전라남도,순천시,전라남도 순천시 율산길 52 (연향동),,34.9406125010,127.5274743686,,,061-749-6827,2024-12-04,4820000,전라남도 순천시
소망약국,전라남도,순천시,전라남도 순천시 대석길 31 (연향동),,34.9460201600,127.5254944273,,,061-749-6827,2024-12-04,4820000,전라남도 순천시
금당약국,전라남도,순천시,전라남도 순천시 해룡면 장선배기길 284,,34.9450955632,127.5303187178,,,061-749-6827,2024-12-04,4820000,전라남도 순천시
365일연향대형약국,전라남도,순천시,"전라남도 순천시 연향3로 11, 1층 1A 4호~6호 (연향동)",,34.9509075411,127.5168978968,,,061-749-6827,2024-12-04,4820000,전라남도 순천시
더드림약국,전라남도,순천시,전라남도 순천시 신월큰길 9 (조례동),,34.9604580529,127.5201146490,,,061-749-6827,2024-12-04,4820000,전라남도 순천시
동인시티타운,대구광역시,중구,대구광역시 중구 국채보상로131길 55 (동인동3가),대구광역시 중구 동인동1가 33-1,35.87279992,128.6020741761,,,053-661-2726,2025-09-15,3410000,대구광역시 중구
더샵리비테르2차,대구광역시,중구,대구광역시 중구대봉로43길 22 (대봉동),대구광역시 중구 대봉동 760,35.8582572204,128.6002327711,,,053-661-2726,2025-09-15,3410000,대구광역시 중구
대봉서한이다음,대구광역시,중구,대구광역시 중구 명덕로 241 (대봉동),대구광역시 중구 대봉동 78-15 대봉서한이다음,35.85649035,128.5966569,,,053-661-2726,2025-09-15,3410000,대구광역시 중구
남산휴먼시아1단지,대구광역시,중구,대구광역시 중구 달구벌대로 1960 (삼덕동1가),대구광역시 중구 남산동 2990,35.8631729576,128.5781741604,,,053-661-2726,2025-09-15,3410000,대구광역시 중구
성명여자중학교,대구광역시,중구,대구광역시 중구 국채보상로102길 48 (동인동2가),대구광역시 중구 동산동 206,35.8683832787,128.5840349759,보건실 앞,,053-661-2726,2025-09-15,3410000,대구광역시 중구
종로초등학교,대구광역시,중구,대구광역시 중구 경상감영길 49 (서문로1가),대구광역시 중구 서문로1가 1-5,35.8724967112,128.5897042528,보건실 앞,,053-661-2726,2025-09-15,3410000,대구광역시 중구
수창초등학교,대구광역시,중구,대구광역시 중구 달성로22길 30 (수창동),대구광역시 중구 수창동 73,35.8742602982,128.5834452555,보건실 앞,,053-661-2726,2025-09-15,3410000,대구광역시 중구
대구초등학교,대구광역시,중구,대구광역시 중구 명륜로23길 80 (봉산동),대구광역시 중구 봉산동 57,35.8640378689,128.5953714784,보건실 앞,,053-661-2726,2025-09-15,3410000,대구광역시 중구
청운맨션,대구광역시,중구,대구광역시 중구 동덕로 33 (대봉동),대구광역시 중구 대봉동 111-1,35.8576065226,128.6038956548,,,053-661-2726,2025-09-15,3410000,대구광역시 중구
더샵리비테르1차,대구광역시,중구,대구광역시 중구 대봉로43길 21 (대봉동),대구광역시 중구 대봉동 770,35.8566822698,128.600781489,,,053-661-2726,2025-09-15,3410000,대구광역시 중구
대구역제일풍경채위너스카이,대구광역시,중구,대구광역시 중구 달성로26길 70 (수창동),대구광역시 중구 수창동 178,35.8749262003,128.5860173646,,,053-661-2726,2025-09-15,3410000,대구광역시 중구
센트로팰리스,대구광역시,중구,대구광역시 중구 대봉로 260 (대봉동),대구광역시 중구 대봉동 60-10,35.86152733,128.600745912,,,053-661-2726,2025-09-15,3410000,대구광역시 중구
삼덕초등학교,대구광역시,중구,대구광역시 중구 달구벌대로447길 10 (삼덕동3가),대구광역시 중구 삼덕동3가 316,35.86355822,128.6078444,보건실 앞,,053-661-2726,2025-09-15,3410000,대구광역시 중구
명덕초등학교,대구광역시,중구,대구광역시 중구 남산로2길 125 (남산동),대구광역시 중구 남산동 2113,35.85754073,128.5890267,보건실 앞,,053-661-2726,2025-09-15,3410000,대구광역시 중구
계성초등학교,대구광역시,중구,대구광역시 중구 달성로 15 (대신동),대구광역시 중구 대신동 280-2,35.86566471,128.5811278,보건실 앞,,053-661-2726,2025-09-15,3410000,대구광역시 중구
동인초등학교,대구광역시,중구,대구광역시 중구 국채보상로 728 (동인동4가),대구광역시 중구 동인동4가 388,35.86808439,128.6095062,보건실 앞,,053-661-2726,2025-09-15,3410000,대구광역시 중구
달성파크푸르지오 힐스테이트,대구광역시,중구,대구광역시 중구 달성로123 (달성동),대구광역시 중구 달성동 352,35.87679712,128.5803924,,,053-661-2726,2025-09-15,3410000,대구광역시 중구
남산자이하늘채,대구광역시,중구,대구광역시 중구 명덕로 33 (남산동),대구광역시 중구 남산동 3030,35.86082902,128.5758694,,,053-661-2726,2025-09-15,3410000,대구광역시 중구
청라힐스자이,대구광역시,중구,대구광역시 중구 남산로 73 (남산동),대구광역시 중구 남산동 3049,35.86215394,128.5811563,,,053-661-2726,2025-09-15,3410000,대구광역시 중구
힐스테이트 대구역,대구광역시,중구,대구광역시 중구 태평로28길 13 (태평로2가),대구광역시 중구 태평로2가 41,35.87484197,128.5927235,,,053-661-2726,2025-09-15,3410000,대구광역시 중구
청라힐제웰더센트로,대구광역시,중구,대구광역시 중구 달성로 71 (대신동),대구광역시 중구 대신동 103-9,35.87127818,128.581890,,,053-661-2726,2025-09-15,3410000,대구광역시 중구
청운맨션,대구광역시,중구,대구광역시 중구 동덕로 33 (대봉동),대구광역시 중구 대봉동 111-1,35.85760652,128.6038957,,,053-661-2726,2025-09-15,3410000,대구광역시 중구
남산초등학교,대구광역시,중구,대구광역시 중구 남산로 70 (남산동),대구광역시 중구 남산동 122,35.86322075,128.5827674,보건실 앞,,053-661-2726,2025-09-15,3410000,대구광역시 중구
원만사 유치원,대구광역시,중구,대구광역시 중구 달구벌대로 2013 (동산동),대구광역시 중구 동산동 708,35.86584738,128.583870,,,053-661-2726,2025-09-15,3410000,대구광역시 중구
엑소디움센트럴동인,대구광역시,중구,대구광역시 중구 국채보상로139길 40 (동인동3가),대구광역시 중구 동인동3가 88,35.87022385,128.6076109,,,053-661-2726,2025-09-15,3410000,대구광역시 중구
대구동덕초등학교,대구광역시,중구,대구광역시 중구 동덕로26길 20 (삼덕동2가),대구광역시 중구 삼덕동2가 227,35.86470834,128.6046712,보건실 앞,,053-661-2726,2025-09-15,3410000,대구광역시 중구
대구삼덕초등학교 병설유치원,대구광역시,중구,대구광역시 중구 달구벌대로447길 10 (삼덕동3가),대구광역시 중구 삼덕동3가 316,35.86355822,128.6078444,,,053-661-2726,2025-09-15,3410000,대구광역시 중구
더샵 리비테르1차,대구광역시,중구,대구광역시 중구 대봉로43길 21 (대봉동),대구광역시 중구 대봉동 770,35.85668227,128.6007815,,,053-661-2726,2025-09-15,3410000,대구광역시 중구
동산맨션,대구광역시,중구,대구광역시 중구 달구벌대로 2035,대구광역시 중구 동산동 357,35.8670786,128.5860498,,,053-661-2726,2025-09-15,3410000,대구광역시 중구
달성파크어린이집,대구광역시,중구,대구광역시 중구 달성로 123 (달성동),대구광역시 중구 달성동 352,35.87679712,128.5803924,,,053-661-2726,2025-09-15,3410000,대구광역시 중구
중구청 민원실,대구광역시,중구,대구광역시 중구 국채보상로139길 1 (동인동2가),대구광역시 중구 동인동2가 177-4,35.86932566,128.6061577,민원실,,053-661-2726,2025-09-15,3410000,대구광역시 중구
보성황실타운,대구광역시,중구,대구광역시 중구 남산로13길 17 (남산동),대구광역시 중구 남산동 2466-1,35.86092296,128.5804923,,,053-661-2726,2025-09-15,3410000,대구광역시 중구
남산역 화성파크드림,대구광역시,중구,대구광역시 중구 남산로7길 7 (남산동),대구광역시 중구 남산동 3012,35.85868965,128.5823261,,,053-661-2726,2025-09-15,3410000,대구광역시 중구
보성송림맨션,대구광역시,중구,대구광역시 중구 남산로4길 91 (남산동),대구광역시 중구 남산동 2434,35.86129574,128.5843589,,,053-661-2726,2025-09-15,3410000,대구광역시 중구
남산롯데캐슬센트럴스카이,대구광역시,중구,대구광역시 중구 재마루길 77 (남산동),대구광역시 중구 남산동 3020,35.86365945,128.5852408,,,053-661-2726,2025-09-15,3410000,대구광역시 중구
대신 e편한세상,대구광역시,중구,대구광역시 중구 달구벌대로 1943 (대신동),대구광역시 중구 대신동 2110,35.86361997,128.576867,,,053-661-2726,2025-09-15,3410000,대구광역시 중구
극동스타클래스 남산,대구광역시,중구,대구광역시 중구 남산로 30 (남산동),대구광역시 중구 남산동 3000,35.85926026,128.5833652,,,053-661-2726,2025-09-15,3410000,대구광역시 중구
플러스조은약국,전라남도,순천시,"전라남도 순천시 신월큰길 7, 가동 1층 (조례동)",,34.9604789385,127.5203312408,,,061-749-6827,2024-12-04,4820000,전라남도 순천시
청라언덕역 서한포레스트,대구광역시,중구,대구광역시 중구 달구벌대로 2021 (동산동),대구광역시 중구 동산동 916,35.8664188,128.584172,,,053-661-2726,2025-09-15,3410000,대구광역시 중구
대봉 화성파크드림,대구광역시,중구,대구광역시 중구 명덕로55길 25 (대봉동),대구광역시 중구 대봉동 152-24,35.85679019,128.5989266,,,053-661-2726,2025-09-15,3410000,대구광역시 중구
대구역 센트럴자이,대구광역시,중구,대구광역시 중구 서성로 99 (수창동),대구광역시 중구 수창동 173,35.87539377,128.5873488,,,053-661-2726,2025-09-15,3410000,대구광역시 중구
남산그린타운,대구광역시,중구,대구광역시 중구 달구벌대로 1950 (남산동),대구광역시 중구 남산동 2937-1,35.86287963,128.576747,,,053-661-2726,2025-09-15,3410000,대구광역시 중구
청라센트럴파크,대구광역시,중구,대구광역시 중구 달구벌대로 1970 (남산동),대구광역시 중구 남산동 2991,35.86386055,128.5808385,,,053-661-2726,2025-09-15,3410000,대구광역시 중구
반월당역 삼정그린코아,대구광역시,중구,대구광역시 중구 중앙대로67길 10 (남산동),대구광역시 중구 남산동 665,35.86354846,128.5921861,,,053-661-2726,2025-09-15,3410000,대구광역시 중구
센트로팰리스,대구광역시,중구,대구광역시 중구 대봉로 260 (대봉동),대구광역시 중구 대봉동 60-10,35.86152733,128.6007459,,,053-661-2726,2025-09-15,3410000,대구광역시 중구
반월당역 서한포레스트,대구광역시,중구,대구광역시 중구 중앙대로67길 11 (남산동),대구광역시 중구 남산동 3043,35.86254819,128.5918605,,,053-661-2726,2025-09-15,3410000,대구광역시 중구
동인삼정그린코아,대구광역시,중구,대구광역시 중구 동덕로30길 63-11 (동인동4가),대구광역시 중구 동인동4가 220,35.86720021,128.6073853,,,053-661-2726,2025-09-15,3410000,대구광역시 중구
중구 보건소,대구광역시,중구,대구광역시 중구 태평로 45 (태평로3가),대구광역시 중구 태평로3가 174-1,35.87790606,128.5833355,민원실,,053-661-2726,2025-09-15,3410000,대구광역시 중구
대봉2동 행정복지센터,대구광역시,중구,대구광역시 중구 대봉로47길 31 (대봉동),대구광역시 중구 대봉동 759,35.85873266,128.5993941,민원실,,053-661-2726,2025-09-15,3410000,대구광역시 중구
대봉1동 행정복지센터,대구광역시,중구,대구광역시 중구 달구벌대로440길 27 (대봉동),대구광역시 중구 대봉동 19-17,35.86154465,128.6043921,민원실,,053-661-2726,2025-09-15,3410000,대구광역시 중구
남산4동 행정복지센터,대구광역시,중구,대구광역시 중구 남산로1길 42 (남산동),대구광역시 중구 남산동 2508-1,35.85822406,128.5805717,민원실,,053-661-2726,2025-09-15,3410000,대구광역시 중구
남산3동 행정복지센터,대구광역시,중구,대구광역시 중구 남산로4길 70 (남산동),대구광역시 중구 남산동 2208-15,35.85991044,128.5855578,민원실,,053-661-2726,2025-09-15,3410000,대구광역시 중구
남산2동 행정복지센터,대구광역시,중구,대구광역시 중구 명륜로 27-1 (남산동),대구광역시 중구 남산동 573-1,35.86408873,128.5895641,민원실,,053-661-2726,2025-09-15,3410000,대구광역시 중구
남산1동 행정복지센터,대구광역시,중구,대구광역시 중구 228길 18-15 (남산동),대구광역시 중구 남산동 599-14 남산1동주민센터,35.85938208,128.590478,민원실,,053-661-2726,2025-09-15,3410000,대구광역시 중구
대신동 행정복지센터,대구광역시,중구,대구광역시 중구 달구벌대로389길 50 (대신동),대구광역시 중구 대신동 2107,35.86555059,128.5763382,민원실,,053-661-2726,2025-09-15,3410000,대구광역시 중구
성내3동 행정복지센터,대구광역시,중구,대구광역시 중구 달성로 111 (달성동),대구광역시 중구 달성동 358,35.87490401,128.5817585,민원실,,053-661-2726,2025-09-15,3410000,대구광역시 중구
성내2동 행정복지센터,대구광역시,중구,대구광역시 중구 달구벌대로415길 48 (장관동),대구광역시 중구 장관동 34-2,35.86838053,128.590387,민원실,,053-661-2726,2025-09-15,3410000,대구광역시 중구
성내1동 행정복지센터,대구광역시,중구,대구광역시 중구 동성로2길 7 (봉산동),대구광역시 중구 봉산동 2-2,35.86666094,128.595777,민원실,,053-661-2726,2025-09-15,3410000,대구광역시 중구
삼덕동 행정복지센터,대구광역시,중구,대구광역시 중구 달구벌대로447길 72-11 (삼덕동3가),대구광역시 중구 삼덕동3가 174-2,35.86552462,128.6089401,민원실,,053-661-2726,2025-09-15,3410000,대구광역시 중구
동인동 행정복지센터,대구광역시,중구,대구광역시 중구 국채보상로142길 19-5 (동인동4가),대구광역시 중구 동인동4가 318-5,35.86790437,128.6091274,민원실,,053-661-2726,2025-09-15,3410000,대구광역시 중구
온양6동 행정복지센터,충청남도,아산시,충청남도 아산시 외암로 1330,,36.75485197,127.01932592,,,041-540-2335,2025-09-01,4520000,충청남도 아산시
온양5동 행정복지센터,충청남도,아산시,충청남도 아산시 시민로 286,,36.77699739,126.99705394,,,041-540-2335,2025-09-01,4520000,충청남도 아산시
온양4동 행정복지센터,충청남도,아산시,충청남도 아산시 실옥로 220,,36.79817666,126.97821077,,,041-540-2335,2025-09-01,4520000,충청남도 아산시
온양3동 행정복지센터,충청남도,아산시,충청남도 아산시 삼동로40번길 15,,36.78353718,127.01292243,,,041-540-2335,2025-09-01,4520000,충청남도 아산시
온양2동 행정복지센터,충청남도,아산시,충청남도 아산시 중앙로 40,,36.77839374,127.00344367,,,041-540-2335,2025-09-01,4520000,충청남도 아산시
온양1동 행정복지센터,충청남도,아산시,충청남도 아산시 번영로 77,,36.78712887,126.99948779,,,041-540-2335,2025-09-01,4520000,충청남도 아산시